order_id,order_date,country,category,product,quantity,unit_price,revenue,payment_method,status
ORD-100001,2025-10-01,United States,Apparel,Running Shoes,1,95.00,95.00,paypal,completed
ORD-100002,2025-10-01,Canada,Electronics,Bluetooth Speaker,1,59.00,59.00,card,completed
ORD-100003,2025-10-01,France,Apparel,Wool Sweater,1,70.00,70.00,card,completed
ORD-100004,2025-10-01,France,Beauty,Face Serum,1,32.00,32.00,card,completed
ORD-100005,2025-10-01,United States,Electronics,USB-C Hub,1,39.00,39.00,card,completed
ORD-100006,2025-10-01,United Kingdom,Home,Coffee Grinder,1,49.00,49.00,card,completed
ORD-100007,2025-10-01,United Kingdom,Apparel,Wool Sweater,1,70.00,70.00,apple_pay,completed
ORD-100008,2025-10-01,Romania,Electronics,Smart Watch,1,199.00,199.00,bnpl,completed
ORD-100009,2025-10-01,Canada,Home,Desk Lamp,1,35.00,35.00,card,completed
ORD-100010,2025-10-02,France,Apparel,Wool Sweater,1,70.00,70.00,paypal,completed
ORD-100011,2025-10-02,Romania,Electronics,Bluetooth Speaker,1,59.00,59.00,bnpl,completed
ORD-100012,2025-10-02,United States,Home,Coffee Grinder,1,49.00,49.00,card,completed
ORD-100013,2025-10-02,United States,Electronics,USB-C Hub,1,39.00,39.00,card,completed
ORD-100014,2025-10-02,France,Electronics,Smart Watch,1,199.00,199.00,card,completed
ORD-100015,2025-10-03,United Kingdom,Apparel,Rain Jacket,1,120.00,120.00,bnpl,completed
ORD-100016,2025-10-03,United States,Electronics,Wireless Earbuds,1,79.00,79.00,card,completed
ORD-100017,2025-10-03,France,Home,Air Purifier,3,149.00,447.00,card,completed
ORD-100018,2025-10-03,Canada,Electronics,Wireless Earbuds,1,79.00,79.00,card,completed
ORD-100019,2025-10-03,France,Electronics,Bluetooth Speaker,1,59.00,59.00,card,completed
ORD-100020,2025-10-03,Romania,Beauty,Face Serum,1,32.00,32.00,card,completed
ORD-100021,2025-10-03,Canada,Apparel,Running Shoes,1,95.00,95.00,paypal,completed
ORD-100022,2025-10-03,Poland,Apparel,Running Shoes,1,95.00,95.00,card,completed
ORD-100023,2025-10-04,Canada,Beauty,Hair Dryer,1,89.00,89.00,card,completed
ORD-100024,2025-10-04,United States,Apparel,Running Shoes,3,95.00,285.00,card,completed
ORD-100025,2025-10-04,France,Beauty,Face Serum,1,32.00,32.00,apple_pay,completed
ORD-100026,2025-10-04,United States,Apparel,Wool Sweater,1,70.00,70.00,paypal,completed
ORD-100027,2025-10-04,France,Home,Air Purifier,1,149.00,149.00,card,completed
ORD-100028,2025-10-04,United States,Apparel,Wool Sweater,1,70.00,70.00,card,completed
ORD-100029,2025-10-05,United States,Electronics,USB-C Hub,1,39.00,39.00,card,completed
ORD-100030,2025-10-05,United States,Electronics,Bluetooth Speaker,1,59.00,59.00,card,completed
ORD-100031,2025-10-05,United States,Apparel,Rain Jacket,1,120.00,120.00,card,completed
ORD-100032,2025-10-05,France,Beauty,Face Serum,1,32.00,32.00,paypal,completed
ORD-100033,2025-10-05,United States,Electronics,Bluetooth Speaker,1,59.00,59.00,card,completed
ORD-100034,2025-10-06,Germany,Beauty,Face Serum,1,32.00,32.00,bnpl,completed
ORD-100035,2025-10-06,Spain,Beauty,Face Serum,1,32.00,32.00,card,completed
ORD-100036,2025-10-06,United Kingdom,Electronics,Bluetooth Speaker,1,59.00,59.00,card,completed
ORD-100037,2025-10-06,Poland,Home,Air Purifier,3,149.00,447.00,bnpl,completed
ORD-100038,2025-10-07,Germany,Electronics,Smart Watch,3,199.00,597.00,card,completed
ORD-100039,2025-10-07,Poland,Electronics,Bluetooth Speaker,1,59.00,59.00,apple_pay,completed
ORD-100040,2025-10-07,Spain,Electronics,Smart Watch,1,199.00,199.00,card,completed
ORD-100041,2025-10-07,United Kingdom,Beauty,Face Serum,1,32.00,32.00,card,completed
ORD-100042,2025-10-07,France,Apparel,Rain Jacket,2,120.00,240.00,card,completed
ORD-100043,2025-10-07,United States,Home,Air Purifier,1,149.00,149.00,card,completed
ORD-100044,2025-10-07,Spain,Electronics,Wireless Earbuds,1,79.00,79.00,card,completed
ORD-100045,2025-10-07,Spain,Beauty,Face Serum,1,32.00,32.00,card,completed
ORD-100046,2025-10-07,Romania,Apparel,Wool Sweater,1,70.00,70.00,paypal,completed
ORD-100047,2025-10-08,United States,Beauty,Hair Dryer,1,89.00,89.00,card,completed
ORD-100048,2025-10-08,United States,Apparel,Wool Sweater,1,70.00,70.00,paypal,completed
ORD-100049,2025-10-08,Germany,Home,Coffee Grinder,1,49.00,49.00,card,completed
ORD-100050,2025-10-08,United States,Beauty,Hair Dryer,1,89.00,89.00,card,completed
ORD-100051,2025-10-08,Germany,Electronics,Smart Watch,1,199.00,199.00,apple_pay,completed
ORD-100052,2025-10-08,United States,Electronics,USB-C Hub,1,39.00,39.00,bnpl,completed
ORD-100053,2025-10-08,United States,Home,Air Purifier,1,149.00,149.00,card,completed
ORD-100054,2025-10-08,Canada,Home,Air Purifier,1,149.00,149.00,bnpl,completed
ORD-100055,2025-10-08,United States,Beauty,Face Serum,2,32.00,64.00,card,completed
ORD-100056,2025-10-09,Poland,Home,Air Purifier,2,149.00,298.00,apple_pay,completed
ORD-100057,2025-10-09,Poland,Electronics,Wireless Earbuds,2,79.00,158.00,card,completed
ORD-100058,2025-10-09,Germany,Home,Coffee Grinder,1,49.00,49.00,paypal,completed
ORD-100059,2025-10-09,United States,Electronics,USB-C Hub,1,39.00,39.00,card,completed
ORD-100060,2025-10-09,Canada,Home,Coffee Grinder,1,49.00,49.00,bnpl,completed
ORD-100061,2025-10-09,Spain,Home,Coffee Grinder,1,49.00,49.00,card,completed
ORD-100062,2025-10-10,France,Apparel,Rain Jacket,2,120.00,240.00,card,completed
ORD-100063,2025-10-10,United Kingdom,Apparel,Wool Sweater,1,70.00,70.00,bnpl,completed
ORD-100064,2025-10-10,United States,Home,Air Purifier,2,149.00,298.00,paypal,completed
ORD-100065,2025-10-10,United States,Beauty,Hair Dryer,1,89.00,89.00,card,completed
ORD-100066,2025-10-10,Germany,Electronics,Bluetooth Speaker,1,59.00,59.00,apple_pay,completed
ORD-100067,2025-10-10,United Kingdom,Apparel,Running Shoes,1,95.00,95.00,card,completed
ORD-100068,2025-10-10,France,Home,Desk Lamp,1,35.00,35.00,card,completed
ORD-100069,2025-10-11,United States,Electronics,USB-C Hub,1,39.00,39.00,bnpl,completed
ORD-100070,2025-10-11,United Kingdom,Beauty,Face Serum,1,32.00,32.00,card,completed
ORD-100071,2025-10-11,Canada,Electronics,Bluetooth Speaker,2,59.00,118.00,card,completed
ORD-100072,2025-10-11,United Kingdom,Home,Coffee Grinder,1,49.00,49.00,card,completed
ORD-100073,2025-10-11,Poland,Electronics,Bluetooth Speaker,1,59.00,59.00,apple_pay,completed
ORD-100074,2025-10-11,Germany,Apparel,Running Shoes,1,95.00,95.00,apple_pay,completed
ORD-100075,2025-10-11,Spain,Apparel,Rain Jacket,1,120.00,120.00,paypal,completed
ORD-100076,2025-10-11,Canada,Apparel,Running Shoes,1,95.00,95.00,card,completed
ORD-100077,2025-10-11,United States,Apparel,Wool Sweater,1,70.00,70.00,card,completed
ORD-100078,2025-10-12,United States,Home,Desk Lamp,2,35.00,70.00,card,completed
ORD-100079,2025-10-12,United Kingdom,Electronics,Smart Watch,1,199.00,199.00,card,completed
ORD-100080,2025-10-12,United Kingdom,Electronics,Bluetooth Speaker,1,59.00,59.00,paypal,completed
ORD-100081,2025-10-12,United States,Beauty,Hair Dryer,1,89.00,89.00,bnpl,completed
ORD-100082,2025-10-12,United Kingdom,Beauty,Hair Dryer,1,89.00,89.00,paypal,completed
ORD-100083,2025-10-12,Canada,Home,Desk Lamp,1,35.00,35.00,card,completed
ORD-100084,2025-10-12,France,Home,Coffee Grinder,2,49.00,98.00,apple_pay,completed
ORD-100085,2025-10-12,Germany,Beauty,Face Serum,1,32.00,32.00,card,completed
ORD-100086,2025-10-12,United States,Home,Desk Lamp,1,35.00,35.00,card,completed
ORD-100087,2025-10-13,United States,Beauty,Hair Dryer,1,89.00,89.00,card,refunded
ORD-100088,2025-10-13,Germany,Beauty,Hair Dryer,1,89.00,89.00,card,completed
ORD-100089,2025-10-13,United States,Electronics,Smart Watch,1,199.00,199.00,card,completed
ORD-100090,2025-10-13,United States,Apparel,Wool Sweater,2,70.00,140.00,card,completed
ORD-100091,2025-10-13,United Kingdom,Apparel,Wool Sweater,1,70.00,70.00,paypal,completed
ORD-100092,2025-10-13,United Kingdom,Apparel,Rain Jacket,1,120.00,120.00,apple_pay,completed
ORD-100093,2025-10-13,Spain,Electronics,Smart Watch,1,199.00,199.00,paypal,completed
ORD-100094,2025-10-14,Poland,Beauty,Face Serum,1,32.00,32.00,card,completed
ORD-100095,2025-10-14,Germany,Home,Desk Lamp,2,35.00,70.00,card,completed
ORD-100096,2025-10-14,France,Beauty,Face Serum,1,32.00,32.00,paypal,completed
ORD-100097,2025-10-14,United States,Beauty,Hair Dryer,1,89.00,89.00,apple_pay,completed
ORD-100098,2025-10-14,United Kingdom,Electronics,Wireless Earbuds,1,79.00,79.00,card,completed
ORD-100099,2025-10-14,Germany,Apparel,Rain Jacket,1,120.00,120.00,apple_pay,completed
ORD-100100,2025-10-14,United States,Beauty,Hair Dryer,1,89.00,89.00,card,completed
ORD-100101,2025-10-14,Germany,Apparel,Running Shoes,1,95.00,95.00,paypal,completed
ORD-100102,2025-10-15,Romania,Apparel,Rain Jacket,1,120.00,120.00,card,completed
ORD-100103,2025-10-15,United Kingdom,Electronics,USB-C Hub,1,39.00,39.00,card,completed
ORD-100104,2025-10-15,Poland,Home,Air Purifier,1,149.00,149.00,card,completed
ORD-100105,2025-10-15,Romania,Home,Air Purifier,1,149.00,149.00,paypal,completed
ORD-100106,2025-10-15,United States,Home,Air Purifier,1,149.00,149.00,paypal,completed
ORD-100107,2025-10-16,Canada,Home,Desk Lamp,1,35.00,35.00,card,completed
ORD-100108,2025-10-16,United States,Beauty,Hair Dryer,1,89.00,89.00,card,completed
ORD-100109,2025-10-16,Germany,Beauty,Hair Dryer,1,89.00,89.00,card,completed
ORD-100110,2025-10-16,United States,Beauty,Hair Dryer,1,89.00,89.00,card,completed
ORD-100111,2025-10-17,France,Electronics,Smart Watch,2,199.00,398.00,bnpl,refunded
ORD-100112,2025-10-17,United States,Apparel,Rain Jacket,1,120.00,120.00,paypal,completed
ORD-100113,2025-10-17,Germany,Home,Desk Lamp,1,35.00,35.00,card,completed
ORD-100114,2025-10-17,Germany,Electronics,Wireless Earbuds,2,79.00,158.00,card,completed
ORD-100115,2025-10-17,France,Electronics,Smart Watch,1,199.00,199.00,card,completed
ORD-100116,2025-10-17,Romania,Home,Coffee Grinder,1,49.00,49.00,paypal,completed
ORD-100117,2025-10-17,Germany,Apparel,Rain Jacket,1,120.00,120.00,paypal,completed
ORD-100118,2025-10-17,Spain,Home,Air Purifier,1,149.00,149.00,card,completed
ORD-100119,2025-10-18,United States,Electronics,USB-C Hub,1,39.00,39.00,apple_pay,completed
ORD-100120,2025-10-18,United Kingdom,Home,Desk Lamp,1,35.00,35.00,bnpl,completed
ORD-100121,2025-10-18,Germany,Electronics,Wireless Earbuds,2,79.00,158.00,paypal,completed
ORD-100122,2025-10-18,United States,Electronics,Wireless Earbuds,3,79.00,237.00,paypal,completed
ORD-100123,2025-10-18,United States,Beauty,Hair Dryer,1,89.00,89.00,card,completed
ORD-100124,2025-10-19,United Kingdom,Beauty,Face Serum,1,32.00,32.00,card,completed
ORD-100125,2025-10-19,United States,Electronics,Bluetooth Speaker,1,59.00,59.00,card,completed
ORD-100126,2025-10-19,Poland,Apparel,Rain Jacket,1,120.00,120.00,card,completed
ORD-100127,2025-10-19,Poland,Beauty,Face Serum,1,32.00,32.00,card,completed
ORD-100128,2025-10-19,United States,Home,Desk Lamp,1,35.00,35.00,paypal,completed
ORD-100129,2025-10-19,Germany,Beauty,Hair Dryer,2,89.00,178.00,card,refunded
ORD-100130,2025-10-19,France,Beauty,Face Serum,1,32.00,32.00,card,completed
ORD-100131,2025-10-19,United States,Beauty,Face Serum,1,32.00,32.00,card,completed
ORD-100132,2025-10-20,Spain,Home,Air Purifier,1,149.00,149.00,apple_pay,completed
ORD-100133,2025-10-20,United States,Apparel,Rain Jacket,1,120.00,120.00,card,completed
ORD-100134,2025-10-20,United States,Electronics,Bluetooth Speaker,1,59.00,59.00,paypal,completed
ORD-100135,2025-10-20,United States,Apparel,Wool Sweater,1,70.00,70.00,paypal,completed
ORD-100136,2025-10-20,Germany,Home,Desk Lamp,1,35.00,35.00,card,completed
ORD-100137,2025-10-20,United Kingdom,Electronics,Smart Watch,1,199.00,199.00,card,completed
ORD-100138,2025-10-20,United States,Apparel,Wool Sweater,2,70.00,140.00,card,completed
ORD-100139,2025-10-21,Spain,Home,Coffee Grinder,1,49.00,49.00,bnpl,completed
ORD-100140,2025-10-21,United States,Beauty,Face Serum,1,32.00,32.00,card,completed
ORD-100141,2025-10-21,United Kingdom,Apparel,Running Shoes,1,95.00,95.00,paypal,completed
ORD-100142,2025-10-21,France,Home,Coffee Grinder,2,49.00,98.00,apple_pay,completed
ORD-100143,2025-10-21,United Kingdom,Home,Air Purifier,2,149.00,298.00,card,completed
ORD-100144,2025-10-21,France,Electronics,USB-C Hub,3,39.00,117.00,paypal,completed
ORD-100145,2025-10-21,United States,Apparel,Running Shoes,1,95.00,95.00,paypal,completed
ORD-100146,2025-10-21,United States,Beauty,Hair Dryer,1,89.00,89.00,card,completed
ORD-100147,2025-10-21,United Kingdom,Apparel,Running Shoes,1,95.00,95.00,card,completed
ORD-100148,2025-10-22,Romania,Home,Air Purifier,1,149.00,149.00,card,completed
ORD-100149,2025-10-22,United States,Electronics,Bluetooth Speaker,2,59.00,118.00,paypal,completed
ORD-100150,2025-10-22,Germany,Home,Air Purifier,1,149.00,149.00,bnpl,completed
ORD-100151,2025-10-22,Germany,Home,Desk Lamp,2,35.00,70.00,card,completed
ORD-100152,2025-10-22,United Kingdom,Home,Air Purifier,1,149.00,149.00,bnpl,completed
ORD-100153,2025-10-22,United States,Apparel,Wool Sweater,1,70.00,70.00,bnpl,completed
ORD-100154,2025-10-22,Poland,Beauty,Hair Dryer,1,89.00,89.00,card,completed
ORD-100155,2025-10-22,United States,Electronics,USB-C Hub,1,39.00,39.00,paypal,completed
ORD-100156,2025-10-23,France,Beauty,Face Serum,1,32.00,32.00,card,completed
ORD-100157,2025-10-23,Romania,Electronics,USB-C Hub,1,39.00,39.00,card,completed
ORD-100158,2025-10-23,Poland,Beauty,Hair Dryer,1,89.00,89.00,apple_pay,completed
ORD-100159,2025-10-23,United States,Beauty,Hair Dryer,3,89.00,267.00,card,completed
ORD-100160,2025-10-23,Poland,Home,Coffee Grinder,1,49.00,49.00,bnpl,completed
ORD-100161,2025-10-24,France,Home,Air Purifier,1,149.00,149.00,paypal,refunded
ORD-100162,2025-10-24,Germany,Home,Air Purifier,1,149.00,149.00,card,completed
ORD-100163,2025-10-24,France,Home,Air Purifier,1,149.00,149.00,card,completed
ORD-100164,2025-10-24,Germany,Beauty,Face Serum,1,32.00,32.00,paypal,completed
ORD-100165,2025-10-24,Romania,Apparel,Running Shoes,1,95.00,95.00,bnpl,completed
ORD-100166,2025-10-24,Germany,Electronics,Smart Watch,1,199.00,199.00,card,completed
ORD-100167,2025-10-24,Romania,Apparel,Wool Sweater,1,70.00,70.00,card,completed
ORD-100168,2025-10-24,United States,Home,Desk Lamp,2,35.00,70.00,card,completed
ORD-100169,2025-10-24,United States,Home,Coffee Grinder,2,49.00,98.00,card,completed
ORD-100170,2025-10-25,Canada,Apparel,Running Shoes,1,95.00,95.00,card,completed
ORD-100171,2025-10-25,Canada,Home,Air Purifier,1,149.00,149.00,paypal,completed
ORD-100172,2025-10-25,United States,Home,Coffee Grinder,1,49.00,49.00,card,completed
ORD-100173,2025-10-25,Germany,Apparel,Running Shoes,1,95.00,95.00,card,completed
ORD-100174,2025-10-25,United States,Beauty,Face Serum,3,32.00,96.00,card,completed
ORD-100175,2025-10-25,United States,Beauty,Face Serum,1,32.00,32.00,paypal,completed
ORD-100176,2025-10-25,United Kingdom,Electronics,Wireless Earbuds,1,79.00,79.00,card,completed
ORD-100177,2025-10-25,United States,Home,Desk Lamp,1,35.00,35.00,card,completed
ORD-100178,2025-10-26,United States,Beauty,Hair Dryer,1,89.00,89.00,bnpl,refunded
ORD-100179,2025-10-26,Germany,Home,Air Purifier,1,149.00,149.00,paypal,completed
ORD-100180,2025-10-26,Canada,Home,Coffee Grinder,1,49.00,49.00,card,completed
ORD-100181,2025-10-26,Germany,Home,Air Purifier,1,149.00,149.00,card,completed
ORD-100182,2025-10-26,United States,Apparel,Wool Sweater,1,70.00,70.00,paypal,completed
ORD-100183,2025-10-26,United States,Home,Coffee Grinder,1,49.00,49.00,apple_pay,completed
ORD-100184,2025-10-26,Romania,Home,Desk Lamp,1,35.00,35.00,card,completed
ORD-100185,2025-10-26,Spain,Electronics,Wireless Earbuds,1,79.00,79.00,card,completed
ORD-100186,2025-10-27,Germany,Apparel,Wool Sweater,1,70.00,70.00,paypal,completed
ORD-100187,2025-10-27,Canada,Beauty,Hair Dryer,2,89.00,178.00,paypal,completed
ORD-100188,2025-10-27,France,Home,Air Purifier,1,149.00,149.00,card,completed
ORD-100189,2025-10-27,Canada,Home,Air Purifier,1,149.00,149.00,paypal,completed
ORD-100190,2025-10-27,Poland,Beauty,Face Serum,1,32.00,32.00,paypal,completed
ORD-100191,2025-10-28,United States,Apparel,Rain Jacket,2,120.00,240.00,card,completed
ORD-100192,2025-10-28,United States,Apparel,Running Shoes,1,95.00,95.00,paypal,refunded
ORD-100193,2025-10-28,Poland,Electronics,Bluetooth Speaker,1,59.00,59.00,card,completed
ORD-100194,2025-10-28,United Kingdom,Beauty,Face Serum,2,32.00,64.00,card,completed
ORD-100195,2025-10-29,France,Home,Air Purifier,1,149.00,149.00,paypal,completed
ORD-100196,2025-10-29,United States,Apparel,Rain Jacket,1,120.00,120.00,card,completed
ORD-100197,2025-10-29,Germany,Apparel,Running Shoes,1,95.00,95.00,bnpl,refunded
ORD-100198,2025-10-29,United States,Beauty,Face Serum,1,32.00,32.00,card,completed
ORD-100199,2025-10-30,Poland,Electronics,Bluetooth Speaker,1,59.00,59.00,card,completed
ORD-100200,2025-10-30,France,Home,Desk Lamp,2,35.00,70.00,card,refunded
ORD-100201,2025-10-30,Spain,Beauty,Hair Dryer,1,89.00,89.00,paypal,completed
ORD-100202,2025-10-30,United States,Electronics,USB-C Hub,1,39.00,39.00,bnpl,completed
ORD-100203,2025-10-30,Romania,Home,Desk Lamp,2,35.00,70.00,card,completed
ORD-100204,2025-10-30,Germany,Home,Desk Lamp,1,35.00,35.00,card,completed
ORD-100205,2025-10-30,United States,Apparel,Wool Sweater,1,70.00,70.00,apple_pay,completed
ORD-100206,2025-10-31,Spain,Apparel,Running Shoes,1,95.00,95.00,card,completed
ORD-100207,2025-10-31,France,Beauty,Face Serum,1,32.00,32.00,paypal,completed
ORD-100208,2025-10-31,Poland,Beauty,Hair Dryer,1,89.00,89.00,apple_pay,completed
ORD-100209,2025-10-31,Spain,Home,Air Purifier,1,149.00,149.00,card,completed
ORD-100210,2025-10-31,France,Beauty,Face Serum,1,32.00,32.00,card,completed
ORD-100211,2025-10-31,United States,Home,Desk Lamp,1,35.00,35.00,apple_pay,completed
ORD-100212,2025-10-31,France,Apparel,Rain Jacket,1,120.00,120.00,bnpl,completed
ORD-100213,2025-10-31,United States,Beauty,Face Serum,1,32.00,32.00,card,completed
ORD-100214,2025-10-31,United States,Electronics,USB-C Hub,3,39.00,117.00,card,completed
ORD-100215,2025-11-01,United States,Home,Desk Lamp,1,35.00,35.00,paypal,completed
ORD-100216,2025-11-01,Spain,Home,Desk Lamp,1,35.00,35.00,card,completed
ORD-100217,2025-11-01,United Kingdom,Home,Air Purifier,1,149.00,149.00,card,completed
ORD-100218,2025-11-01,France,Beauty,Face Serum,1,32.00,32.00,card,completed
ORD-100219,2025-11-01,United Kingdom,Beauty,Hair Dryer,1,89.00,89.00,paypal,completed
ORD-100220,2025-11-01,Germany,Apparel,Rain Jacket,2,120.00,240.00,paypal,completed
ORD-100221,2025-11-01,Romania,Apparel,Wool Sweater,1,70.00,70.00,paypal,completed
ORD-100222,2025-11-02,United Kingdom,Electronics,Smart Watch,1,199.00,199.00,paypal,completed
ORD-100223,2025-11-02,Spain,Electronics,USB-C Hub,2,39.00,78.00,card,completed
ORD-100224,2025-11-02,Canada,Beauty,Face Serum,1,32.00,32.00,apple_pay,completed
ORD-100225,2025-11-02,France,Electronics,Smart Watch,2,199.00,398.00,paypal,completed
ORD-100226,2025-11-02,United States,Home,Desk Lamp,1,35.00,35.00,paypal,completed
ORD-100227,2025-11-02,France,Beauty,Hair Dryer,1,89.00,89.00,card,completed
ORD-100228,2025-11-02,Poland,Beauty,Face Serum,1,32.00,32.00,bnpl,completed
ORD-100229,2025-11-03,Poland,Beauty,Hair Dryer,3,89.00,267.00,apple_pay,completed
ORD-100230,2025-11-03,United States,Home,Air Purifier,1,149.00,149.00,card,completed
ORD-100231,2025-11-03,Romania,Apparel,Running Shoes,1,95.00,95.00,paypal,completed
ORD-100232,2025-11-03,Canada,Electronics,Bluetooth Speaker,1,59.00,59.00,apple_pay,completed
ORD-100233,2025-11-03,Canada,Beauty,Hair Dryer,1,89.00,89.00,card,completed
ORD-100234,2025-11-03,Spain,Home,Coffee Grinder,1,49.00,49.00,card,completed
ORD-100235,2025-11-03,United Kingdom,Electronics,Wireless Earbuds,1,79.00,79.00,apple_pay,completed
ORD-100236,2025-11-03,United States,Apparel,Rain Jacket,1,120.00,120.00,apple_pay,refunded
ORD-100237,2025-11-03,United States,Electronics,Bluetooth Speaker,1,59.00,59.00,card,completed
ORD-100238,2025-11-03,United States,Home,Air Purifier,1,149.00,149.00,card,completed
ORD-100239,2025-11-04,Germany,Apparel,Wool Sweater,1,70.00,70.00,card,completed
ORD-100240,2025-11-04,France,Electronics,Bluetooth Speaker,1,59.00,59.00,paypal,completed
ORD-100241,2025-11-04,United Kingdom,Beauty,Face Serum,1,32.00,32.00,card,completed
ORD-100242,2025-11-04,Spain,Home,Coffee Grinder,1,49.00,49.00,card,completed
ORD-100243,2025-11-04,France,Electronics,USB-C Hub,1,39.00,39.00,card,completed
ORD-100244,2025-11-04,France,Beauty,Hair Dryer,3,89.00,267.00,card,completed
ORD-100245,2025-11-04,United States,Apparel,Rain Jacket,1,120.00,120.00,card,completed
ORD-100246,2025-11-04,Canada,Home,Desk Lamp,1,35.00,35.00,bnpl,completed
ORD-100247,2025-11-04,United States,Beauty,Face Serum,1,32.00,32.00,apple_pay,completed
ORD-100248,2025-11-04,France,Home,Desk Lamp,1,35.00,35.00,card,completed
ORD-100249,2025-11-04,Spain,Home,Coffee Grinder,1,49.00,49.00,card,completed
ORD-100250,2025-11-05,United States,Electronics,Bluetooth Speaker,1,59.00,59.00,paypal,completed
ORD-100251,2025-11-05,Germany,Home,Coffee Grinder,1,49.00,49.00,card,completed
ORD-100252,2025-11-05,Romania,Electronics,Bluetooth Speaker,1,59.00,59.00,card,completed
ORD-100253,2025-11-05,United Kingdom,Beauty,Hair Dryer,1,89.00,89.00,paypal,completed
ORD-100254,2025-11-05,France,Home,Air Purifier,2,149.00,298.00,paypal,completed
ORD-100255,2025-11-05,United States,Apparel,Rain Jacket,1,120.00,120.00,card,completed
ORD-100256,2025-11-05,United Kingdom,Home,Air Purifier,1,149.00,149.00,card,completed
ORD-100257,2025-11-05,United Kingdom,Home,Coffee Grinder,1,49.00,49.00,card,completed
ORD-100258,2025-11-05,France,Electronics,Wireless Earbuds,1,79.00,79.00,card,completed
ORD-100259,2025-11-05,Spain,Electronics,USB-C Hub,1,39.00,39.00,card,completed
ORD-100260,2025-11-05,Romania,Beauty,Face Serum,1,32.00,32.00,apple_pay,completed
ORD-100261,2025-11-06,Germany,Electronics,USB-C Hub,1,39.00,39.00,paypal,completed
ORD-100262,2025-11-06,United States,Home,Coffee Grinder,1,49.00,49.00,bnpl,completed
ORD-100263,2025-11-06,Poland,Apparel,Running Shoes,3,95.00,285.00,paypal,completed
ORD-100264,2025-11-06,Germany,Home,Air Purifier,1,149.00,149.00,apple_pay,completed
ORD-100265,2025-11-06,France,Electronics,USB-C Hub,1,39.00,39.00,paypal,completed
ORD-100266,2025-11-06,United Kingdom,Home,Air Purifier,1,149.00,149.00,bnpl,completed
ORD-100267,2025-11-06,Germany,Apparel,Rain Jacket,1,120.00,120.00,apple_pay,completed
ORD-100268,2025-11-06,France,Beauty,Face Serum,1,32.00,32.00,apple_pay,completed
ORD-100269,2025-11-06,United States,Electronics,Smart Watch,1,199.00,199.00,bnpl,completed
ORD-100270,2025-11-06,Spain,Apparel,Rain Jacket,2,120.00,240.00,card,completed
ORD-100271,2025-11-06,Germany,Electronics,USB-C Hub,1,39.00,39.00,card,completed
ORD-100272,2025-11-06,France,Apparel,Running Shoes,1,95.00,95.00,paypal,completed
ORD-100273,2025-11-07,United States,Beauty,Face Serum,1,32.00,32.00,paypal,completed
ORD-100274,2025-11-07,France,Beauty,Hair Dryer,1,89.00,89.00,card,completed
ORD-100275,2025-11-07,Germany,Apparel,Rain Jacket,1,120.00,120.00,apple_pay,completed
ORD-100276,2025-11-07,United States,Electronics,Wireless Earbuds,1,79.00,79.00,card,completed
ORD-100277,2025-11-07,United Kingdom,Electronics,USB-C Hub,1,39.00,39.00,apple_pay,completed
ORD-100278,2025-11-07,United States,Home,Air Purifier,1,149.00,149.00,card,completed
ORD-100279,2025-11-07,Germany,Electronics,Wireless Earbuds,1,79.00,79.00,card,completed
ORD-100280,2025-11-07,United States,Beauty,Face Serum,2,32.00,64.00,bnpl,completed
ORD-100281,2025-11-07,United States,Electronics,Bluetooth Speaker,1,59.00,59.00,card,refunded
ORD-100282,2025-11-07,Spain,Apparel,Running Shoes,1,95.00,95.00,card,completed
ORD-100283,2025-11-07,Germany,Beauty,Hair Dryer,1,89.00,89.00,card,completed
ORD-100284,2025-11-08,Canada,Apparel,Rain Jacket,1,120.00,120.00,card,completed
ORD-100285,2025-11-08,United States,Apparel,Running Shoes,1,95.00,95.00,card,completed
ORD-100286,2025-11-08,Canada,Apparel,Wool Sweater,1,70.00,70.00,bnpl,completed
ORD-100287,2025-11-08,Poland,Home,Desk Lamp,1,35.00,35.00,card,completed
ORD-100288,2025-11-08,Germany,Electronics,Smart Watch,1,199.00,199.00,apple_pay,completed
ORD-100289,2025-11-08,United States,Beauty,Face Serum,1,32.00,32.00,paypal,completed
ORD-100290,2025-11-08,Spain,Apparel,Rain Jacket,1,120.00,120.00,card,completed
ORD-100291,2025-11-08,Germany,Apparel,Rain Jacket,2,120.00,240.00,card,completed
ORD-100292,2025-11-09,France,Beauty,Face Serum,1,32.00,32.00,card,completed
ORD-100293,2025-11-09,Spain,Apparel,Running Shoes,1,95.00,95.00,card,completed
ORD-100294,2025-11-09,France,Apparel,Rain Jacket,1,120.00,120.00,paypal,refunded
ORD-100295,2025-11-09,Spain,Electronics,Wireless Earbuds,1,79.00,79.00,card,completed
ORD-100296,2025-11-09,United States,Apparel,Wool Sweater,2,70.00,140.00,apple_pay,completed
ORD-100297,2025-11-09,United States,Electronics,Smart Watch,1,199.00,199.00,bnpl,completed
ORD-100298,2025-11-09,United Kingdom,Beauty,Hair Dryer,2,89.00,178.00,card,completed
ORD-100299,2025-11-09,Poland,Apparel,Wool Sweater,2,70.00,140.00,card,completed
ORD-100300,2025-11-09,Spain,Home,Desk Lamp,1,35.00,35.00,bnpl,completed
ORD-100301,2025-11-09,United States,Electronics,Bluetooth Speaker,1,59.00,59.00,card,completed
ORD-100302,2025-11-10,United States,Electronics,Bluetooth Speaker,2,59.00,118.00,card,completed
ORD-100303,2025-11-10,Poland,Electronics,Wireless Earbuds,1,79.00,79.00,paypal,completed
ORD-100304,2025-11-10,Germany,Home,Desk Lamp,1,35.00,35.00,apple_pay,completed
ORD-100305,2025-11-10,Germany,Home,Coffee Grinder,1,49.00,49.00,card,completed
ORD-100306,2025-11-10,France,Apparel,Wool Sweater,1,70.00,70.00,card,completed
ORD-100307,2025-11-10,Germany,Apparel,Running Shoes,1,95.00,95.00,card,completed
ORD-100308,2025-11-10,United Kingdom,Beauty,Hair Dryer,1,89.00,89.00,card,completed
ORD-100309,2025-11-10,United Kingdom,Apparel,Running Shoes,1,95.00,95.00,card,completed
ORD-100310,2025-11-10,Canada,Electronics,Smart Watch,1,199.00,199.00,apple_pay,completed
ORD-100311,2025-11-10,United States,Beauty,Hair Dryer,1,89.00,89.00,paypal,completed
ORD-100312,2025-11-10,United States,Electronics,USB-C Hub,1,39.00,39.00,card,completed
ORD-100313,2025-11-10,United States,Beauty,Hair Dryer,2,89.00,178.00,card,completed
ORD-100314,2025-11-11,United States,Electronics,Smart Watch,1,199.00,199.00,paypal,completed
ORD-100315,2025-11-11,United States,Home,Desk Lamp,1,35.00,35.00,paypal,completed
ORD-100316,2025-11-11,Canada,Beauty,Hair Dryer,1,89.00,89.00,card,completed
ORD-100317,2025-11-11,United States,Electronics,USB-C Hub,2,39.00,78.00,card,completed
ORD-100318,2025-11-11,Germany,Home,Desk Lamp,1,35.00,35.00,paypal,refunded
ORD-100319,2025-11-11,France,Apparel,Running Shoes,1,95.00,95.00,card,completed
ORD-100320,2025-11-11,Romania,Beauty,Hair Dryer,1,89.00,89.00,paypal,completed
ORD-100321,2025-11-11,United Kingdom,Electronics,Smart Watch,1,199.00,199.00,card,completed
ORD-100322,2025-11-11,United Kingdom,Apparel,Rain Jacket,1,120.00,120.00,apple_pay,completed
ORD-100323,2025-11-12,Romania,Apparel,Running Shoes,1,95.00,95.00,card,completed
ORD-100324,2025-11-12,Spain,Electronics,Smart Watch,1,199.00,199.00,card,completed
ORD-100325,2025-11-12,Germany,Electronics,Smart Watch,1,199.00,199.00,card,completed
ORD-100326,2025-11-12,Germany,Electronics,Smart Watch,1,199.00,199.00,card,completed
ORD-100327,2025-11-12,Germany,Beauty,Face Serum,1,32.00,32.00,apple_pay,completed
ORD-100328,2025-11-12,Germany,Electronics,USB-C Hub,1,39.00,39.00,card,completed
ORD-100329,2025-11-12,Canada,Beauty,Hair Dryer,1,89.00,89.00,card,completed
ORD-100330,2025-11-12,Poland,Beauty,Hair Dryer,1,89.00,89.00,apple_pay,completed
ORD-100331,2025-11-13,United Kingdom,Apparel,Wool Sweater,2,70.00,140.00,card,completed
ORD-100332,2025-11-13,United States,Beauty,Hair Dryer,1,89.00,89.00,paypal,completed
ORD-100333,2025-11-13,United States,Electronics,USB-C Hub,1,39.00,39.00,paypal,completed
ORD-100334,2025-11-13,United Kingdom,Electronics,Bluetooth Speaker,1,59.00,59.00,card,completed
ORD-100335,2025-11-13,Romania,Electronics,Bluetooth Speaker,1,59.00,59.00,bnpl,completed
ORD-100336,2025-11-13,United States,Electronics,Wireless Earbuds,1,79.00,79.00,paypal,completed
ORD-100337,2025-11-13,United States,Electronics,Bluetooth Speaker,1,59.00,59.00,card,completed
ORD-100338,2025-11-13,United States,Apparel,Rain Jacket,1,120.00,120.00,apple_pay,completed
ORD-100339,2025-11-13,Germany,Beauty,Hair Dryer,1,89.00,89.00,apple_pay,completed
ORD-100340,2025-11-13,Germany,Home,Desk Lamp,1,35.00,35.00,bnpl,completed
ORD-100341,2025-11-14,France,Home,Desk Lamp,1,35.00,35.00,card,completed
ORD-100342,2025-11-14,United Kingdom,Apparel,Wool Sweater,1,70.00,70.00,card,completed
ORD-100343,2025-11-14,Poland,Home,Coffee Grinder,1,49.00,49.00,paypal,completed
ORD-100344,2025-11-14,Spain,Apparel,Rain Jacket,1,120.00,120.00,card,completed
ORD-100345,2025-11-14,United States,Apparel,Rain Jacket,2,120.00,240.00,card,completed
ORD-100346,2025-11-14,United States,Home,Air Purifier,1,149.00,149.00,card,completed
ORD-100347,2025-11-14,Poland,Apparel,Wool Sweater,1,70.00,70.00,card,completed
ORD-100348,2025-11-14,United Kingdom,Beauty,Face Serum,1,32.00,32.00,card,completed
ORD-100349,2025-11-15,Spain,Home,Coffee Grinder,1,49.00,49.00,paypal,completed
ORD-100350,2025-11-15,United States,Home,Desk Lamp,1,35.00,35.00,card,completed
ORD-100351,2025-11-15,United States,Apparel,Rain Jacket,1,120.00,120.00,apple_pay,completed
ORD-100352,2025-11-15,Poland,Home,Coffee Grinder,1,49.00,49.00,card,completed
ORD-100353,2025-11-15,United States,Electronics,USB-C Hub,1,39.00,39.00,card,completed
ORD-100354,2025-11-15,United States,Electronics,Smart Watch,1,199.00,199.00,apple_pay,completed
ORD-100355,2025-11-15,France,Apparel,Rain Jacket,1,120.00,120.00,card,completed
ORD-100356,2025-11-15,Romania,Home,Air Purifier,1,149.00,149.00,card,completed
ORD-100357,2025-11-15,Germany,Beauty,Face Serum,1,32.00,32.00,apple_pay,completed
ORD-100358,2025-11-15,Poland,Electronics,Wireless Earbuds,1,79.00,79.00,apple_pay,completed
ORD-100359,2025-11-15,Romania,Electronics,Bluetooth Speaker,1,59.00,59.00,paypal,completed
ORD-100360,2025-11-15,France,Home,Desk Lamp,1,35.00,35.00,card,completed
ORD-100361,2025-11-16,Germany,Home,Desk Lamp,1,35.00,35.00,apple_pay,completed
ORD-100362,2025-11-16,Poland,Beauty,Face Serum,2,32.00,64.00,card,completed
ORD-100363,2025-11-16,France,Home,Desk Lamp,1,35.00,35.00,card,completed
ORD-100364,2025-11-16,United Kingdom,Apparel,Wool Sweater,1,70.00,70.00,paypal,completed
ORD-100365,2025-11-16,France,Beauty,Face Serum,1,32.00,32.00,card,completed
ORD-100366,2025-11-16,United States,Electronics,Smart Watch,1,199.00,199.00,apple_pay,completed
ORD-100367,2025-11-16,United Kingdom,Beauty,Face Serum,2,32.00,64.00,apple_pay,completed
ORD-100368,2025-11-17,Canada,Home,Coffee Grinder,2,49.00,98.00,paypal,completed
ORD-100369,2025-11-17,Germany,Apparel,Running Shoes,2,95.00,190.00,card,completed
ORD-100370,2025-11-17,France,Beauty,Hair Dryer,2,89.00,178.00,card,completed
ORD-100371,2025-11-17,Germany,Beauty,Hair Dryer,1,89.00,89.00,paypal,completed
ORD-100372,2025-11-17,Romania,Electronics,USB-C Hub,1,39.00,39.00,card,completed
ORD-100373,2025-11-17,United Kingdom,Beauty,Hair Dryer,3,89.00,267.00,card,completed
ORD-100374,2025-11-17,Poland,Home,Coffee Grinder,1,49.00,49.00,bnpl,completed
ORD-100375,2025-11-17,France,Apparel,Running Shoes,1,95.00,95.00,card,completed
ORD-100376,2025-11-17,United States,Home,Desk Lamp,1,35.00,35.00,paypal,completed
ORD-100377,2025-11-17,United Kingdom,Electronics,Wireless Earbuds,2,79.00,158.00,card,completed
ORD-100378,2025-11-17,United States,Electronics,Bluetooth Speaker,1,59.00,59.00,card,completed
ORD-100379,2025-11-17,United States,Home,Coffee Grinder,1,49.00,49.00,paypal,completed
ORD-100380,2025-11-18,United States,Home,Coffee Grinder,1,49.00,49.00,card,completed
ORD-100381,2025-11-18,United States,Apparel,Wool Sweater,1,70.00,70.00,card,completed
ORD-100382,2025-11-18,Germany,Electronics,Bluetooth Speaker,1,59.00,59.00,card,completed
ORD-100383,2025-11-18,United Kingdom,Beauty,Hair Dryer,1,89.00,89.00,card,completed
ORD-100384,2025-11-18,United Kingdom,Beauty,Hair Dryer,2,89.00,178.00,card,completed
ORD-100385,2025-11-18,Germany,Home,Air Purifier,3,149.00,447.00,card,completed
ORD-100386,2025-11-18,Spain,Electronics,USB-C Hub,1,39.00,39.00,card,completed
ORD-100387,2025-11-19,Romania,Home,Air Purifier,1,149.00,149.00,card,completed
ORD-100388,2025-11-19,Poland,Home,Air Purifier,1,149.00,149.00,bnpl,completed
ORD-100389,2025-11-19,Poland,Electronics,Bluetooth Speaker,2,59.00,118.00,card,completed
ORD-100390,2025-11-19,Canada,Electronics,Bluetooth Speaker,1,59.00,59.00,card,completed
ORD-100391,2025-11-19,United States,Electronics,Bluetooth Speaker,1,59.00,59.00,card,completed
ORD-100392,2025-11-19,Germany,Home,Air Purifier,2,149.00,298.00,apple_pay,completed
ORD-100393,2025-11-19,United States,Beauty,Face Serum,1,32.00,32.00,card,completed
ORD-100394,2025-11-19,United States,Apparel,Wool Sweater,3,70.00,210.00,paypal,completed
ORD-100395,2025-11-19,Poland,Beauty,Hair Dryer,1,89.00,89.00,card,completed
ORD-100396,2025-11-19,Poland,Apparel,Wool Sweater,1,70.00,70.00,card,completed
ORD-100397,2025-11-19,Poland,Apparel,Wool Sweater,1,70.00,70.00,bnpl,completed
ORD-100398,2025-11-19,United States,Beauty,Face Serum,1,32.00,32.00,bnpl,completed
ORD-100399,2025-11-20,United Kingdom,Beauty,Hair Dryer,1,89.00,89.00,card,completed
ORD-100400,2025-11-20,Germany,Electronics,Wireless Earbuds,2,79.00,158.00,card,completed
ORD-100401,2025-11-20,France,Apparel,Running Shoes,2,95.00,190.00,paypal,completed
ORD-100402,2025-11-20,Germany,Home,Desk Lamp,3,35.00,105.00,card,completed
ORD-100403,2025-11-20,United States,Apparel,Rain Jacket,1,120.00,120.00,paypal,completed
ORD-100404,2025-11-20,Germany,Home,Coffee Grinder,1,49.00,49.00,card,completed
ORD-100405,2025-11-20,Poland,Electronics,Wireless Earbuds,1,79.00,79.00,card,completed
ORD-100406,2025-11-20,United States,Electronics,Bluetooth Speaker,1,59.00,59.00,paypal,completed
ORD-100407,2025-11-20,France,Apparel,Rain Jacket,1,120.00,120.00,card,completed
ORD-100408,2025-11-21,Romania,Home,Air Purifier,1,149.00,149.00,paypal,completed
ORD-100409,2025-11-21,United States,Electronics,USB-C Hub,1,39.00,39.00,card,completed
ORD-100410,2025-11-21,United States,Home,Coffee Grinder,1,49.00,49.00,card,completed
ORD-100411,2025-11-21,Spain,Electronics,Smart Watch,1,199.00,199.00,card,completed
ORD-100412,2025-11-21,Germany,Electronics,USB-C Hub,3,39.00,117.00,card,completed
ORD-100413,2025-11-21,United Kingdom,Apparel,Wool Sweater,1,70.00,70.00,paypal,completed
ORD-100414,2025-11-21,Canada,Home,Coffee Grinder,1,49.00,49.00,paypal,completed
ORD-100415,2025-11-21,United States,Electronics,USB-C Hub,1,39.00,39.00,card,completed
ORD-100416,2025-11-21,Poland,Apparel,Running Shoes,1,95.00,95.00,card,completed
ORD-100417,2025-11-21,Spain,Apparel,Running Shoes,1,95.00,95.00,card,completed
ORD-100418,2025-11-21,United Kingdom,Apparel,Wool Sweater,1,70.00,70.00,card,completed
ORD-100419,2025-11-21,Germany,Home,Coffee Grinder,1,49.00,49.00,bnpl,completed
ORD-100420,2025-11-22,United States,Apparel,Wool Sweater,1,70.00,70.00,paypal,completed
ORD-100421,2025-11-22,United States,Electronics,Smart Watch,2,199.00,398.00,apple_pay,completed
ORD-100422,2025-11-22,Germany,Apparel,Running Shoes,1,95.00,95.00,paypal,completed
ORD-100423,2025-11-22,United States,Beauty,Face Serum,1,32.00,32.00,paypal,completed
ORD-100424,2025-11-22,United States,Home,Air Purifier,1,149.00,149.00,apple_pay,completed
ORD-100425,2025-11-22,Romania,Beauty,Hair Dryer,1,89.00,89.00,card,completed
ORD-100426,2025-11-22,United Kingdom,Home,Air Purifier,1,149.00,149.00,paypal,completed
ORD-100427,2025-11-22,Poland,Apparel,Rain Jacket,1,120.00,120.00,card,completed
ORD-100428,2025-11-23,United States,Beauty,Hair Dryer,2,89.00,178.00,paypal,completed
ORD-100429,2025-11-23,Spain,Beauty,Hair Dryer,1,89.00,89.00,apple_pay,completed
ORD-100430,2025-11-23,Germany,Apparel,Rain Jacket,1,120.00,120.00,apple_pay,completed
ORD-100431,2025-11-23,United States,Apparel,Rain Jacket,1,120.00,120.00,bnpl,completed
ORD-100432,2025-11-23,Germany,Beauty,Hair Dryer,1,89.00,89.00,paypal,completed
ORD-100433,2025-11-23,France,Electronics,USB-C Hub,1,39.00,39.00,card,completed
ORD-100434,2025-11-23,France,Apparel,Running Shoes,1,95.00,95.00,card,completed
ORD-100435,2025-11-23,United States,Apparel,Wool Sweater,1,70.00,70.00,card,completed
ORD-100436,2025-11-23,France,Apparel,Rain Jacket,1,120.00,120.00,paypal,completed
ORD-100437,2025-11-23,Spain,Home,Coffee Grinder,1,49.00,49.00,card,completed
ORD-100438,2025-11-23,Poland,Electronics,USB-C Hub,2,39.00,78.00,card,completed
ORD-100439,2025-11-23,Poland,Electronics,Smart Watch,1,199.00,199.00,card,completed
ORD-100440,2025-11-24,Germany,Apparel,Wool Sweater,1,70.00,70.00,apple_pay,completed
ORD-100441,2025-11-24,Germany,Electronics,Wireless Earbuds,1,79.00,79.00,card,completed
ORD-100442,2025-11-24,United Kingdom,Home,Coffee Grinder,1,49.00,49.00,paypal,completed
ORD-100443,2025-11-24,France,Apparel,Rain Jacket,1,120.00,120.00,paypal,completed
ORD-100444,2025-11-24,France,Home,Air Purifier,1,149.00,149.00,card,completed
ORD-100445,2025-11-24,France,Beauty,Face Serum,1,32.00,32.00,card,completed
ORD-100446,2025-11-24,France,Apparel,Running Shoes,3,95.00,285.00,bnpl,completed
ORD-100447,2025-11-24,Canada,Apparel,Rain Jacket,1,120.00,120.00,card,completed
ORD-100448,2025-11-25,United States,Electronics,USB-C Hub,1,39.00,39.00,bnpl,completed
ORD-100449,2025-11-25,United Kingdom,Home,Air Purifier,1,149.00,149.00,card,completed
ORD-100450,2025-11-25,United States,Apparel,Wool Sweater,1,70.00,70.00,card,completed
ORD-100451,2025-11-25,Spain,Beauty,Face Serum,1,32.00,32.00,card,completed
ORD-100452,2025-11-25,Canada,Apparel,Running Shoes,1,95.00,95.00,card,completed
ORD-100453,2025-11-25,United States,Electronics,Bluetooth Speaker,1,59.00,59.00,paypal,completed
ORD-100454,2025-11-25,France,Apparel,Running Shoes,1,95.00,95.00,paypal,completed
ORD-100455,2025-11-26,Germany,Home,Air Purifier,1,149.00,149.00,paypal,completed
ORD-100456,2025-11-26,United States,Beauty,Hair Dryer,1,89.00,89.00,card,completed
ORD-100457,2025-11-26,United Kingdom,Home,Air Purifier,1,149.00,149.00,paypal,completed
ORD-100458,2025-11-26,United States,Home,Desk Lamp,1,35.00,35.00,apple_pay,completed
ORD-100459,2025-11-26,United States,Beauty,Face Serum,1,32.00,32.00,card,completed
ORD-100460,2025-11-26,Canada,Electronics,Bluetooth Speaker,1,59.00,59.00,bnpl,completed
ORD-100461,2025-11-26,Spain,Electronics,Bluetooth Speaker,1,59.00,59.00,card,completed
ORD-100462,2025-11-26,United Kingdom,Beauty,Hair Dryer,1,89.00,89.00,paypal,completed
ORD-100463,2025-11-27,Poland,Beauty,Hair Dryer,1,89.00,89.00,card,completed
ORD-100464,2025-11-27,Canada,Home,Air Purifier,1,149.00,149.00,card,completed
ORD-100465,2025-11-27,Poland,Apparel,Running Shoes,1,95.00,95.00,card,completed
ORD-100466,2025-11-27,Poland,Electronics,Smart Watch,1,199.00,199.00,bnpl,refunded
ORD-100467,2025-11-27,Germany,Apparel,Wool Sweater,2,70.00,140.00,bnpl,refunded
ORD-100468,2025-11-27,France,Beauty,Hair Dryer,1,89.00,89.00,card,completed
ORD-100469,2025-11-27,Germany,Electronics,Smart Watch,1,199.00,199.00,card,completed
ORD-100470,2025-11-27,Canada,Apparel,Wool Sweater,2,70.00,140.00,card,completed
ORD-100471,2025-11-28,United States,Electronics,Bluetooth Speaker,1,59.00,59.00,card,completed
ORD-100472,2025-11-28,Spain,Electronics,USB-C Hub,2,39.00,78.00,bnpl,completed
ORD-100473,2025-11-28,Canada,Home,Desk Lamp,1,35.00,35.00,card,completed
ORD-100474,2025-11-28,Poland,Apparel,Running Shoes,1,95.00,95.00,card,completed
ORD-100475,2025-11-28,United States,Home,Coffee Grinder,1,49.00,49.00,card,completed
ORD-100476,2025-11-28,United States,Beauty,Hair Dryer,2,89.00,178.00,paypal,completed
ORD-100477,2025-11-28,Canada,Home,Coffee Grinder,1,49.00,49.00,bnpl,completed
ORD-100478,2025-11-28,United States,Home,Coffee Grinder,1,49.00,49.00,card,completed
ORD-100479,2025-11-28,Poland,Electronics,Bluetooth Speaker,1,59.00,59.00,paypal,completed
ORD-100480,2025-11-28,United States,Beauty,Face Serum,1,32.00,32.00,apple_pay,completed
ORD-100481,2025-11-28,France,Apparel,Wool Sweater,1,70.00,70.00,apple_pay,completed
ORD-100482,2025-11-29,United States,Apparel,Running Shoes,1,95.00,95.00,apple_pay,completed
ORD-100483,2025-11-29,United States,Beauty,Face Serum,1,32.00,32.00,card,completed
ORD-100484,2025-11-29,United Kingdom,Electronics,Bluetooth Speaker,1,59.00,59.00,card,completed
ORD-100485,2025-11-29,United States,Beauty,Face Serum,1,32.00,32.00,paypal,completed
ORD-100486,2025-11-29,Germany,Beauty,Hair Dryer,1,89.00,89.00,card,completed
ORD-100487,2025-11-29,United States,Beauty,Face Serum,1,32.00,32.00,apple_pay,completed
ORD-100488,2025-11-29,Spain,Beauty,Hair Dryer,1,89.00,89.00,paypal,completed
ORD-100489,2025-11-30,Germany,Home,Coffee Grinder,1,49.00,49.00,card,refunded
ORD-100490,2025-11-30,Poland,Home,Desk Lamp,1,35.00,35.00,paypal,completed
ORD-100491,2025-11-30,Spain,Electronics,Smart Watch,1,199.00,199.00,apple_pay,completed
ORD-100492,2025-11-30,United States,Beauty,Face Serum,1,32.00,32.00,bnpl,completed
ORD-100493,2025-11-30,Spain,Beauty,Face Serum,1,32.00,32.00,card,completed
ORD-100494,2025-11-30,Romania,Beauty,Face Serum,1,32.00,32.00,card,completed
ORD-100495,2025-11-30,United States,Beauty,Hair Dryer,1,89.00,89.00,card,refunded
ORD-100496,2025-11-30,United States,Apparel,Running Shoes,1,95.00,95.00,card,completed
ORD-100497,2025-11-30,United States,Electronics,Smart Watch,2,199.00,398.00,apple_pay,completed
ORD-100498,2025-11-30,United States,Apparel,Running Shoes,1,95.00,95.00,apple_pay,completed
ORD-100499,2025-11-30,Spain,Home,Air Purifier,1,149.00,149.00,card,completed
ORD-100500,2025-12-01,Spain,Apparel,Rain Jacket,1,120.00,120.00,bnpl,completed
ORD-100501,2025-12-01,United States,Beauty,Hair Dryer,1,89.00,89.00,card,completed
ORD-100502,2025-12-01,United Kingdom,Apparel,Running Shoes,1,95.00,95.00,card,completed
ORD-100503,2025-12-01,Germany,Beauty,Face Serum,1,32.00,32.00,card,completed
ORD-100504,2025-12-01,France,Apparel,Running Shoes,2,95.00,190.00,card,completed
ORD-100505,2025-12-01,United States,Beauty,Face Serum,1,32.00,32.00,bnpl,completed
ORD-100506,2025-12-01,France,Apparel,Rain Jacket,1,120.00,120.00,card,completed
ORD-100507,2025-12-01,United States,Home,Coffee Grinder,1,49.00,49.00,card,completed
ORD-100508,2025-12-02,Spain,Beauty,Hair Dryer,2,89.00,178.00,card,completed
ORD-100509,2025-12-02,Canada,Beauty,Face Serum,1,32.00,32.00,card,completed
ORD-100510,2025-12-02,United States,Home,Coffee Grinder,1,49.00,49.00,card,completed
ORD-100511,2025-12-02,Romania,Apparel,Running Shoes,1,95.00,95.00,bnpl,completed
ORD-100512,2025-12-02,Romania,Home,Air Purifier,1,149.00,149.00,apple_pay,completed
ORD-100513,2025-12-02,United States,Electronics,Smart Watch,1,199.00,199.00,card,completed
ORD-100514,2025-12-02,Germany,Apparel,Rain Jacket,1,120.00,120.00,card,completed
ORD-100515,2025-12-02,Canada,Electronics,USB-C Hub,1,39.00,39.00,card,completed
ORD-100516,2025-12-02,France,Home,Coffee Grinder,1,49.00,49.00,card,completed
ORD-100517,2025-12-02,United States,Beauty,Hair Dryer,1,89.00,89.00,card,completed
ORD-100518,2025-12-03,United States,Apparel,Running Shoes,1,95.00,95.00,card,completed
ORD-100519,2025-12-03,United States,Home,Desk Lamp,1,35.00,35.00,card,completed
ORD-100520,2025-12-03,Poland,Apparel,Running Shoes,1,95.00,95.00,apple_pay,completed
ORD-100521,2025-12-03,Poland,Electronics,Wireless Earbuds,2,79.00,158.00,apple_pay,completed
ORD-100522,2025-12-03,Germany,Beauty,Hair Dryer,1,89.00,89.00,card,completed
ORD-100523,2025-12-03,United Kingdom,Beauty,Face Serum,1,32.00,32.00,apple_pay,completed
ORD-100524,2025-12-03,France,Apparel,Running Shoes,2,95.00,190.00,card,completed
ORD-100525,2025-12-03,United States,Electronics,Smart Watch,1,199.00,199.00,card,completed
ORD-100526,2025-12-03,United Kingdom,Beauty,Face Serum,2,32.00,64.00,card,completed
ORD-100527,2025-12-04,United States,Apparel,Wool Sweater,1,70.00,70.00,card,completed
ORD-100528,2025-12-04,Canada,Beauty,Hair Dryer,1,89.00,89.00,card,completed
ORD-100529,2025-12-04,France,Beauty,Face Serum,2,32.00,64.00,card,completed
ORD-100530,2025-12-04,United States,Apparel,Rain Jacket,2,120.00,240.00,card,completed
ORD-100531,2025-12-04,Germany,Home,Coffee Grinder,1,49.00,49.00,card,completed
ORD-100532,2025-12-04,Romania,Electronics,USB-C Hub,1,39.00,39.00,card,completed
ORD-100533,2025-12-04,United States,Home,Desk Lamp,2,35.00,70.00,card,completed
ORD-100534,2025-12-05,Canada,Apparel,Running Shoes,1,95.00,95.00,bnpl,completed
ORD-100535,2025-12-05,Canada,Home,Desk Lamp,1,35.00,35.00,card,completed
ORD-100536,2025-12-05,Spain,Home,Desk Lamp,1,35.00,35.00,apple_pay,completed
ORD-100537,2025-12-05,Germany,Electronics,USB-C Hub,1,39.00,39.00,card,completed
ORD-100538,2025-12-05,Germany,Apparel,Running Shoes,1,95.00,95.00,apple_pay,completed
ORD-100539,2025-12-05,United States,Home,Desk Lamp,1,35.00,35.00,card,completed
ORD-100540,2025-12-05,Germany,Apparel,Running Shoes,1,95.00,95.00,card,completed
ORD-100541,2025-12-05,Germany,Beauty,Hair Dryer,1,89.00,89.00,card,completed
ORD-100542,2025-12-05,Canada,Apparel,Wool Sweater,1,70.00,70.00,card,completed
ORD-100543,2025-12-05,Canada,Beauty,Face Serum,2,32.00,64.00,paypal,completed
ORD-100544,2025-12-06,France,Apparel,Wool Sweater,1,70.00,70.00,apple_pay,completed
ORD-100545,2025-12-06,France,Electronics,USB-C Hub,1,39.00,39.00,bnpl,completed
ORD-100546,2025-12-06,Romania,Home,Desk Lamp,2,35.00,70.00,card,completed
ORD-100547,2025-12-06,United Kingdom,Apparel,Wool Sweater,1,70.00,70.00,card,completed
ORD-100548,2025-12-06,France,Beauty,Hair Dryer,1,89.00,89.00,card,completed
ORD-100549,2025-12-06,Romania,Home,Desk Lamp,3,35.00,105.00,paypal,completed
ORD-100550,2025-12-06,United States,Apparel,Wool Sweater,1,70.00,70.00,card,completed
ORD-100551,2025-12-06,Canada,Beauty,Hair Dryer,1,89.00,89.00,paypal,completed
ORD-100552,2025-12-06,France,Beauty,Hair Dryer,2,89.00,178.00,card,completed
ORD-100553,2025-12-07,Romania,Apparel,Running Shoes,1,95.00,95.00,paypal,completed
ORD-100554,2025-12-07,France,Home,Air Purifier,1,149.00,149.00,card,completed
ORD-100555,2025-12-07,France,Apparel,Rain Jacket,1,120.00,120.00,card,completed
ORD-100556,2025-12-07,Poland,Beauty,Face Serum,2,32.00,64.00,apple_pay,completed
ORD-100557,2025-12-07,United States,Electronics,USB-C Hub,1,39.00,39.00,apple_pay,completed
ORD-100558,2025-12-07,France,Home,Coffee Grinder,1,49.00,49.00,apple_pay,completed
ORD-100559,2025-12-07,Spain,Electronics,Smart Watch,1,199.00,199.00,apple_pay,completed
ORD-100560,2025-12-07,United States,Electronics,Smart Watch,1,199.00,199.00,card,completed
ORD-100561,2025-12-07,Germany,Beauty,Hair Dryer,1,89.00,89.00,apple_pay,completed
ORD-100562,2025-12-07,United States,Home,Coffee Grinder,1,49.00,49.00,card,completed
ORD-100563,2025-12-07,United States,Beauty,Face Serum,1,32.00,32.00,paypal,completed
ORD-100564,2025-12-08,United Kingdom,Home,Desk Lamp,3,35.00,105.00,card,refunded
ORD-100565,2025-12-08,United States,Home,Coffee Grinder,2,49.00,98.00,paypal,completed
ORD-100566,2025-12-08,United States,Electronics,Smart Watch,1,199.00,199.00,apple_pay,completed
ORD-100567,2025-12-08,United States,Apparel,Rain Jacket,1,120.00,120.00,apple_pay,completed
ORD-100568,2025-12-08,United States,Apparel,Wool Sweater,1,70.00,70.00,card,completed
ORD-100569,2025-12-08,United States,Beauty,Hair Dryer,1,89.00,89.00,card,completed
ORD-100570,2025-12-08,Spain,Home,Coffee Grinder,1,49.00,49.00,bnpl,completed
ORD-100571,2025-12-08,United States,Apparel,Running Shoes,1,95.00,95.00,paypal,refunded
ORD-100572,2025-12-08,Canada,Home,Air Purifier,1,149.00,149.00,card,completed
ORD-100573,2025-12-08,United States,Beauty,Face Serum,1,32.00,32.00,card,completed
ORD-100574,2025-12-08,Germany,Home,Coffee Grinder,1,49.00,49.00,paypal,refunded
ORD-100575,2025-12-09,France,Apparel,Rain Jacket,1,120.00,120.00,paypal,completed
ORD-100576,2025-12-09,Canada,Apparel,Wool Sweater,1,70.00,70.00,card,completed
ORD-100577,2025-12-09,United States,Electronics,USB-C Hub,2,39.00,78.00,bnpl,completed
ORD-100578,2025-12-09,United Kingdom,Electronics,Bluetooth Speaker,2,59.00,118.00,paypal,completed
ORD-100579,2025-12-09,United States,Electronics,Wireless Earbuds,2,79.00,158.00,apple_pay,completed
ORD-100580,2025-12-09,United States,Electronics,Wireless Earbuds,1,79.00,79.00,card,completed
ORD-100581,2025-12-09,United States,Beauty,Hair Dryer,1,89.00,89.00,card,completed
ORD-100582,2025-12-09,Canada,Beauty,Hair Dryer,2,89.00,178.00,card,completed
ORD-100583,2025-12-09,United States,Beauty,Face Serum,1,32.00,32.00,card,completed
ORD-100584,2025-12-09,United Kingdom,Beauty,Hair Dryer,2,89.00,178.00,card,completed
ORD-100585,2025-12-10,United States,Home,Desk Lamp,1,35.00,35.00,card,completed
ORD-100586,2025-12-10,Poland,Apparel,Running Shoes,1,95.00,95.00,paypal,completed
ORD-100587,2025-12-10,Spain,Electronics,Bluetooth Speaker,2,59.00,118.00,card,completed
ORD-100588,2025-12-10,United Kingdom,Apparel,Rain Jacket,1,120.00,120.00,apple_pay,completed
ORD-100589,2025-12-10,Romania,Beauty,Hair Dryer,2,89.00,178.00,card,completed
ORD-100590,2025-12-10,United States,Home,Desk Lamp,1,35.00,35.00,apple_pay,completed
ORD-100591,2025-12-10,Poland,Apparel,Running Shoes,3,95.00,285.00,paypal,completed
ORD-100592,2025-12-10,Germany,Apparel,Running Shoes,1,95.00,95.00,paypal,completed
ORD-100593,2025-12-11,France,Home,Air Purifier,2,149.00,298.00,paypal,refunded
ORD-100594,2025-12-11,Spain,Apparel,Rain Jacket,2,120.00,240.00,apple_pay,completed
ORD-100595,2025-12-11,Germany,Electronics,USB-C Hub,1,39.00,39.00,card,completed
ORD-100596,2025-12-11,United Kingdom,Electronics,Bluetooth Speaker,1,59.00,59.00,card,completed
ORD-100597,2025-12-11,Germany,Home,Desk Lamp,1,35.00,35.00,card,completed
ORD-100598,2025-12-11,United States,Apparel,Running Shoes,1,95.00,95.00,bnpl,completed
ORD-100599,2025-12-11,Canada,Apparel,Wool Sweater,1,70.00,70.00,bnpl,completed
ORD-100600,2025-12-11,United States,Electronics,Bluetooth Speaker,1,59.00,59.00,paypal,completed
ORD-100601,2025-12-11,Romania,Home,Desk Lamp,1,35.00,35.00,paypal,completed
ORD-100602,2025-12-11,United Kingdom,Beauty,Hair Dryer,1,89.00,89.00,card,completed
ORD-100603,2025-12-11,Canada,Home,Air Purifier,1,149.00,149.00,card,completed
ORD-100604,2025-12-11,United States,Electronics,Bluetooth Speaker,1,59.00,59.00,apple_pay,completed
ORD-100605,2025-12-12,United States,Home,Air Purifier,2,149.00,298.00,card,completed
ORD-100606,2025-12-12,Germany,Apparel,Wool Sweater,1,70.00,70.00,card,completed
ORD-100607,2025-12-12,United States,Beauty,Hair Dryer,2,89.00,178.00,paypal,completed
ORD-100608,2025-12-12,Romania,Electronics,Smart Watch,1,199.00,199.00,paypal,completed
ORD-100609,2025-12-12,United Kingdom,Beauty,Hair Dryer,3,89.00,267.00,apple_pay,completed
ORD-100610,2025-12-12,United States,Beauty,Hair Dryer,1,89.00,89.00,card,completed
ORD-100611,2025-12-12,Romania,Apparel,Rain Jacket,2,120.00,240.00,card,completed
ORD-100612,2025-12-12,Romania,Apparel,Running Shoes,1,95.00,95.00,paypal,completed
ORD-100613,2025-12-12,United Kingdom,Apparel,Wool Sweater,1,70.00,70.00,bnpl,completed
ORD-100614,2025-12-13,France,Apparel,Rain Jacket,1,120.00,120.00,card,completed
ORD-100615,2025-12-13,Romania,Apparel,Wool Sweater,1,70.00,70.00,apple_pay,completed
ORD-100616,2025-12-13,Germany,Electronics,Smart Watch,1,199.00,199.00,card,completed
ORD-100617,2025-12-13,Poland,Beauty,Hair Dryer,1,89.00,89.00,card,completed
ORD-100618,2025-12-13,United States,Apparel,Rain Jacket,2,120.00,240.00,card,completed
ORD-100619,2025-12-13,Romania,Beauty,Hair Dryer,1,89.00,89.00,paypal,completed
ORD-100620,2025-12-13,United States,Apparel,Rain Jacket,1,120.00,120.00,bnpl,completed
ORD-100621,2025-12-13,United Kingdom,Apparel,Running Shoes,1,95.00,95.00,card,completed
ORD-100622,2025-12-13,Canada,Home,Coffee Grinder,2,49.00,98.00,paypal,completed
ORD-100623,2025-12-13,Poland,Apparel,Wool Sweater,1,70.00,70.00,paypal,completed
ORD-100624,2025-12-13,Germany,Beauty,Face Serum,1,32.00,32.00,card,completed
ORD-100625,2025-12-13,United Kingdom,Home,Air Purifier,1,149.00,149.00,card,completed
ORD-100626,2025-12-14,United Kingdom,Apparel,Running Shoes,1,95.00,95.00,bnpl,completed
ORD-100627,2025-12-14,Poland,Apparel,Wool Sweater,1,70.00,70.00,paypal,completed
ORD-100628,2025-12-14,United States,Apparel,Wool Sweater,1,70.00,70.00,card,completed
ORD-100629,2025-12-14,Germany,Home,Air Purifier,1,149.00,149.00,card,completed
ORD-100630,2025-12-14,France,Home,Desk Lamp,1,35.00,35.00,paypal,completed
ORD-100631,2025-12-14,Spain,Beauty,Face Serum,1,32.00,32.00,card,completed
ORD-100632,2025-12-14,France,Beauty,Face Serum,3,32.00,96.00,paypal,completed
ORD-100633,2025-12-15,United Kingdom,Apparel,Rain Jacket,1,120.00,120.00,card,completed
ORD-100634,2025-12-15,Germany,Apparel,Rain Jacket,1,120.00,120.00,apple_pay,completed
ORD-100635,2025-12-15,Germany,Beauty,Face Serum,3,32.00,96.00,paypal,completed
ORD-100636,2025-12-15,France,Electronics,Smart Watch,2,199.00,398.00,card,completed
ORD-100637,2025-12-15,Germany,Apparel,Wool Sweater,1,70.00,70.00,paypal,completed
ORD-100638,2025-12-15,Poland,Electronics,Bluetooth Speaker,1,59.00,59.00,card,completed
ORD-100639,2025-12-15,United States,Home,Coffee Grinder,1,49.00,49.00,card,completed
ORD-100640,2025-12-16,Germany,Home,Desk Lamp,1,35.00,35.00,paypal,completed
ORD-100641,2025-12-16,France,Apparel,Wool Sweater,1,70.00,70.00,paypal,completed
ORD-100642,2025-12-16,Spain,Electronics,USB-C Hub,1,39.00,39.00,card,completed
ORD-100643,2025-12-16,United Kingdom,Beauty,Face Serum,1,32.00,32.00,card,completed
ORD-100644,2025-12-16,United Kingdom,Beauty,Hair Dryer,3,89.00,267.00,card,completed
ORD-100645,2025-12-16,Spain,Beauty,Hair Dryer,3,89.00,267.00,card,completed
ORD-100646,2025-12-16,United States,Electronics,Bluetooth Speaker,1,59.00,59.00,bnpl,completed
ORD-100647,2025-12-16,Poland,Beauty,Hair Dryer,1,89.00,89.00,apple_pay,completed
ORD-100648,2025-12-16,United States,Electronics,USB-C Hub,1,39.00,39.00,card,completed
ORD-100649,2025-12-16,Canada,Beauty,Hair Dryer,1,89.00,89.00,card,completed
ORD-100650,2025-12-17,United States,Apparel,Rain Jacket,3,120.00,360.00,card,completed
ORD-100651,2025-12-17,United States,Home,Coffee Grinder,2,49.00,98.00,card,completed
ORD-100652,2025-12-17,France,Home,Air Purifier,1,149.00,149.00,card,completed
ORD-100653,2025-12-17,Spain,Electronics,USB-C Hub,1,39.00,39.00,card,completed
ORD-100654,2025-12-17,United Kingdom,Beauty,Face Serum,1,32.00,32.00,card,completed
ORD-100655,2025-12-17,Germany,Beauty,Hair Dryer,1,89.00,89.00,card,completed
ORD-100656,2025-12-17,Canada,Beauty,Face Serum,2,32.00,64.00,card,completed
ORD-100657,2025-12-17,France,Apparel,Running Shoes,2,95.00,190.00,paypal,completed
ORD-100658,2025-12-17,Germany,Beauty,Face Serum,2,32.00,64.00,card,completed
ORD-100659,2025-12-18,Germany,Beauty,Hair Dryer,1,89.00,89.00,apple_pay,completed
ORD-100660,2025-12-18,Canada,Electronics,Wireless Earbuds,1,79.00,79.00,card,completed
ORD-100661,2025-12-18,Canada,Beauty,Face Serum,1,32.00,32.00,card,completed
ORD-100662,2025-12-18,Germany,Apparel,Running Shoes,1,95.00,95.00,card,completed
ORD-100663,2025-12-18,United States,Home,Coffee Grinder,1,49.00,49.00,card,completed
ORD-100664,2025-12-18,Germany,Beauty,Hair Dryer,1,89.00,89.00,card,completed
ORD-100665,2025-12-18,Spain,Home,Air Purifier,3,149.00,447.00,paypal,completed
ORD-100666,2025-12-18,Poland,Apparel,Wool Sweater,1,70.00,70.00,paypal,completed
ORD-100667,2025-12-18,France,Beauty,Hair Dryer,1,89.00,89.00,apple_pay,completed
ORD-100668,2025-12-18,United Kingdom,Beauty,Hair Dryer,1,89.00,89.00,apple_pay,refunded
ORD-100669,2025-12-18,Canada,Home,Coffee Grinder,1,49.00,49.00,paypal,completed
ORD-100670,2025-12-19,United States,Apparel,Running Shoes,1,95.00,95.00,card,completed
ORD-100671,2025-12-19,United States,Apparel,Rain Jacket,1,120.00,120.00,card,completed
ORD-100672,2025-12-19,United States,Electronics,Smart Watch,1,199.00,199.00,card,completed
ORD-100673,2025-12-19,United States,Electronics,Smart Watch,1,199.00,199.00,card,completed
ORD-100674,2025-12-19,France,Beauty,Hair Dryer,2,89.00,178.00,card,completed
ORD-100675,2025-12-19,Germany,Home,Coffee Grinder,2,49.00,98.00,paypal,completed
ORD-100676,2025-12-19,Canada,Electronics,USB-C Hub,1,39.00,39.00,paypal,completed
ORD-100677,2025-12-19,France,Electronics,Bluetooth Speaker,1,59.00,59.00,card,completed
ORD-100678,2025-12-20,Romania,Beauty,Face Serum,1,32.00,32.00,apple_pay,completed
ORD-100679,2025-12-20,Canada,Apparel,Running Shoes,1,95.00,95.00,paypal,completed
ORD-100680,2025-12-20,Germany,Electronics,Bluetooth Speaker,1,59.00,59.00,card,completed
ORD-100681,2025-12-20,Germany,Electronics,Bluetooth Speaker,1,59.00,59.00,card,completed
ORD-100682,2025-12-20,Poland,Beauty,Face Serum,1,32.00,32.00,card,completed
ORD-100683,2025-12-20,Spain,Electronics,Bluetooth Speaker,1,59.00,59.00,card,completed
ORD-100684,2025-12-20,United States,Apparel,Wool Sweater,1,70.00,70.00,paypal,completed
ORD-100685,2025-12-20,United Kingdom,Home,Coffee Grinder,1,49.00,49.00,card,completed
ORD-100686,2025-12-20,Germany,Apparel,Wool Sweater,1,70.00,70.00,paypal,completed
ORD-100687,2025-12-20,United Kingdom,Beauty,Hair Dryer,1,89.00,89.00,card,completed
ORD-100688,2025-12-20,Spain,Apparel,Wool Sweater,1,70.00,70.00,card,completed
ORD-100689,2025-12-21,Poland,Home,Air Purifier,2,149.00,298.00,card,completed
ORD-100690,2025-12-21,Poland,Beauty,Face Serum,1,32.00,32.00,bnpl,refunded
ORD-100691,2025-12-21,United States,Electronics,Bluetooth Speaker,1,59.00,59.00,card,completed
ORD-100692,2025-12-21,France,Apparel,Rain Jacket,1,120.00,120.00,card,completed
ORD-100693,2025-12-21,France,Beauty,Face Serum,1,32.00,32.00,card,completed
ORD-100694,2025-12-21,France,Beauty,Hair Dryer,1,89.00,89.00,paypal,completed
ORD-100695,2025-12-21,Romania,Apparel,Wool Sweater,1,70.00,70.00,card,refunded
ORD-100696,2025-12-22,United States,Home,Desk Lamp,1,35.00,35.00,card,completed
ORD-100697,2025-12-22,Germany,Apparel,Running Shoes,2,95.00,190.00,card,completed
ORD-100698,2025-12-22,Germany,Apparel,Rain Jacket,3,120.00,360.00,card,completed
ORD-100699,2025-12-22,United States,Beauty,Face Serum,1,32.00,32.00,card,completed
ORD-100700,2025-12-22,United States,Home,Coffee Grinder,2,49.00,98.00,bnpl,completed
ORD-100701,2025-12-22,Poland,Apparel,Wool Sweater,1,70.00,70.00,card,completed
ORD-100702,2025-12-22,United States,Home,Desk Lamp,1,35.00,35.00,apple_pay,completed
ORD-100703,2025-12-22,Germany,Home,Desk Lamp,1,35.00,35.00,bnpl,completed
ORD-100704,2025-12-23,Poland,Home,Desk Lamp,1,35.00,35.00,card,completed
ORD-100705,2025-12-23,United States,Electronics,USB-C Hub,1,39.00,39.00,bnpl,completed
ORD-100706,2025-12-23,United Kingdom,Beauty,Hair Dryer,1,89.00,89.00,paypal,completed
ORD-100707,2025-12-23,United States,Apparel,Running Shoes,1,95.00,95.00,apple_pay,completed
ORD-100708,2025-12-23,United States,Electronics,USB-C Hub,1,39.00,39.00,card,completed
ORD-100709,2025-12-23,France,Apparel,Wool Sweater,1,70.00,70.00,apple_pay,completed
ORD-100710,2025-12-23,Canada,Home,Desk Lamp,1,35.00,35.00,bnpl,completed
ORD-100711,2025-12-23,Canada,Home,Air Purifier,1,149.00,149.00,card,completed
ORD-100712,2025-12-24,Germany,Home,Air Purifier,1,149.00,149.00,card,completed
ORD-100713,2025-12-24,Poland,Home,Coffee Grinder,1,49.00,49.00,card,completed
ORD-100714,2025-12-24,United States,Electronics,Wireless Earbuds,1,79.00,79.00,paypal,completed
ORD-100715,2025-12-24,Germany,Electronics,Bluetooth Speaker,3,59.00,177.00,card,completed
ORD-100716,2025-12-24,United Kingdom,Home,Desk Lamp,1,35.00,35.00,card,completed
ORD-100717,2025-12-24,Germany,Beauty,Face Serum,2,32.00,64.00,paypal,completed
ORD-100718,2025-12-24,Germany,Beauty,Face Serum,1,32.00,32.00,bnpl,completed
ORD-100719,2025-12-25,United States,Home,Air Purifier,1,149.00,149.00,paypal,completed
ORD-100720,2025-12-25,United Kingdom,Apparel,Wool Sweater,1,70.00,70.00,card,completed
ORD-100721,2025-12-25,United States,Home,Air Purifier,1,149.00,149.00,paypal,completed
ORD-100722,2025-12-25,United Kingdom,Apparel,Rain Jacket,1,120.00,120.00,card,completed
ORD-100723,2025-12-25,France,Apparel,Wool Sweater,1,70.00,70.00,paypal,completed
ORD-100724,2025-12-25,Poland,Home,Air Purifier,1,149.00,149.00,paypal,completed
ORD-100725,2025-12-25,United States,Apparel,Rain Jacket,1,120.00,120.00,card,completed
ORD-100726,2025-12-26,United Kingdom,Apparel,Rain Jacket,2,120.00,240.00,card,completed
ORD-100727,2025-12-26,United States,Home,Desk Lamp,1,35.00,35.00,paypal,completed
ORD-100728,2025-12-26,Canada,Beauty,Hair Dryer,1,89.00,89.00,card,completed
ORD-100729,2025-12-26,United States,Beauty,Face Serum,1,32.00,32.00,paypal,completed
ORD-100730,2025-12-26,Romania,Electronics,Smart Watch,1,199.00,199.00,card,completed
ORD-100731,2025-12-26,Germany,Electronics,Bluetooth Speaker,1,59.00,59.00,bnpl,completed
ORD-100732,2025-12-26,France,Electronics,Bluetooth Speaker,1,59.00,59.00,card,completed
ORD-100733,2025-12-26,France,Electronics,Smart Watch,1,199.00,199.00,paypal,completed
ORD-100734,2025-12-26,United Kingdom,Home,Air Purifier,2,149.00,298.00,card,completed
ORD-100735,2025-12-27,Germany,Apparel,Rain Jacket,1,120.00,120.00,paypal,completed
ORD-100736,2025-12-27,Germany,Apparel,Rain Jacket,2,120.00,240.00,card,completed
ORD-100737,2025-12-27,United States,Home,Desk Lamp,1,35.00,35.00,card,refunded
ORD-100738,2025-12-27,Poland,Beauty,Hair Dryer,1,89.00,89.00,card,completed
ORD-100739,2025-12-27,Germany,Beauty,Hair Dryer,1,89.00,89.00,card,completed
ORD-100740,2025-12-27,United States,Electronics,USB-C Hub,1,39.00,39.00,apple_pay,completed
ORD-100741,2025-12-27,United States,Apparel,Wool Sweater,1,70.00,70.00,card,completed
ORD-100742,2025-12-27,United Kingdom,Electronics,USB-C Hub,1,39.00,39.00,paypal,completed
ORD-100743,2025-12-27,United Kingdom,Beauty,Face Serum,1,32.00,32.00,card,completed
ORD-100744,2025-12-27,Germany,Apparel,Rain Jacket,1,120.00,120.00,card,completed
ORD-100745,2025-12-27,Germany,Electronics,Wireless Earbuds,1,79.00,79.00,card,completed
ORD-100746,2025-12-27,United States,Electronics,Wireless Earbuds,1,79.00,79.00,card,completed
ORD-100747,2025-12-28,Spain,Home,Coffee Grinder,1,49.00,49.00,apple_pay,completed
ORD-100748,2025-12-28,United States,Beauty,Face Serum,1,32.00,32.00,card,completed
ORD-100749,2025-12-28,United States,Home,Coffee Grinder,1,49.00,49.00,paypal,completed
ORD-100750,2025-12-28,Poland,Home,Air Purifier,3,149.00,447.00,card,completed
ORD-100751,2025-12-28,United States,Apparel,Running Shoes,1,95.00,95.00,paypal,completed
ORD-100752,2025-12-28,United Kingdom,Apparel,Running Shoes,1,95.00,95.00,card,completed
ORD-100753,2025-12-28,Germany,Home,Desk Lamp,2,35.00,70.00,apple_pay,completed
ORD-100754,2025-12-28,United States,Apparel,Rain Jacket,1,120.00,120.00,paypal,completed
ORD-100755,2025-12-28,United Kingdom,Electronics,Wireless Earbuds,1,79.00,79.00,paypal,completed
ORD-100756,2025-12-28,United States,Beauty,Face Serum,1,32.00,32.00,card,completed
ORD-100757,2025-12-29,United States,Home,Coffee Grinder,1,49.00,49.00,paypal,completed
ORD-100758,2025-12-29,United States,Beauty,Hair Dryer,2,89.00,178.00,card,completed
ORD-100759,2025-12-29,Romania,Home,Coffee Grinder,1,49.00,49.00,card,completed
ORD-100760,2025-12-29,Germany,Apparel,Rain Jacket,1,120.00,120.00,card,completed
ORD-100761,2025-12-29,Romania,Home,Air Purifier,2,149.00,298.00,card,completed
ORD-100762,2025-12-29,United States,Home,Desk Lamp,1,35.00,35.00,card,completed
ORD-100763,2025-12-29,Germany,Apparel,Running Shoes,1,95.00,95.00,card,completed
ORD-100764,2025-12-29,United Kingdom,Electronics,Bluetooth Speaker,1,59.00,59.00,paypal,completed
ORD-100765,2025-12-29,United States,Home,Desk Lamp,1,35.00,35.00,card,completed
ORD-100766,2025-12-29,United States,Beauty,Face Serum,1,32.00,32.00,card,completed
ORD-100767,2025-12-29,United States,Electronics,Bluetooth Speaker,1,59.00,59.00,card,completed
ORD-100768,2025-12-29,United States,Home,Air Purifier,1,149.00,149.00,card,completed
ORD-100769,2025-12-30,Germany,Beauty,Face Serum,1,32.00,32.00,paypal,completed
ORD-100770,2025-12-30,Poland,Beauty,Hair Dryer,1,89.00,89.00,card,completed
ORD-100771,2025-12-30,Germany,Apparel,Rain Jacket,1,120.00,120.00,card,completed
ORD-100772,2025-12-30,United States,Electronics,Bluetooth Speaker,1,59.00,59.00,card,completed
ORD-100773,2025-12-30,France,Electronics,Bluetooth Speaker,1,59.00,59.00,paypal,completed
ORD-100774,2025-12-30,France,Apparel,Rain Jacket,2,120.00,240.00,card,completed
ORD-100775,2025-12-30,United Kingdom,Home,Coffee Grinder,1,49.00,49.00,card,completed
ORD-100776,2025-12-30,Canada,Apparel,Rain Jacket,2,120.00,240.00,card,completed
ORD-100777,2025-12-30,Canada,Home,Coffee Grinder,1,49.00,49.00,card,completed
ORD-100778,2025-12-30,Spain,Home,Desk Lamp,1,35.00,35.00,card,completed
ORD-100779,2025-12-30,Spain,Apparel,Wool Sweater,1,70.00,70.00,apple_pay,refunded
ORD-100780,2025-12-30,Spain,Electronics,USB-C Hub,1,39.00,39.00,apple_pay,completed
ORD-100781,2025-12-31,Spain,Apparel,Wool Sweater,2,70.00,140.00,card,refunded
ORD-100782,2025-12-31,United Kingdom,Electronics,USB-C Hub,2,39.00,78.00,card,completed
ORD-100783,2025-12-31,United Kingdom,Apparel,Wool Sweater,2,70.00,140.00,paypal,completed
ORD-100784,2025-12-31,Poland,Electronics,Wireless Earbuds,1,79.00,79.00,card,completed
ORD-100785,2025-12-31,Germany,Electronics,Wireless Earbuds,2,79.00,158.00,card,completed
ORD-100786,2025-12-31,United Kingdom,Beauty,Face Serum,2,32.00,64.00,card,completed
ORD-100787,2025-12-31,France,Electronics,Bluetooth Speaker,1,59.00,59.00,card,completed
ORD-100788,2025-12-31,Germany,Home,Air Purifier,1,149.00,149.00,card,completed
ORD-100789,2025-12-31,United Kingdom,Home,Air Purifier,1,149.00,149.00,card,completed
ORD-100790,2026-01-01,United States,Home,Desk Lamp,1,35.00,35.00,card,completed
ORD-100791,2026-01-01,United States,Apparel,Wool Sweater,1,70.00,70.00,card,completed
ORD-100792,2026-01-01,Germany,Apparel,Running Shoes,1,95.00,95.00,bnpl,completed
ORD-100793,2026-01-01,United States,Home,Desk Lamp,1,35.00,35.00,bnpl,refunded
ORD-100794,2026-01-01,France,Home,Desk Lamp,1,35.00,35.00,card,completed
ORD-100795,2026-01-01,Poland,Electronics,USB-C Hub,1,39.00,39.00,bnpl,completed
ORD-100796,2026-01-01,United States,Electronics,Smart Watch,1,199.00,199.00,card,completed
ORD-100797,2026-01-02,United States,Electronics,Smart Watch,2,199.00,398.00,apple_pay,refunded
ORD-100798,2026-01-02,Romania,Electronics,Bluetooth Speaker,1,59.00,59.00,card,completed
ORD-100799,2026-01-02,United States,Apparel,Rain Jacket,1,120.00,120.00,paypal,completed
ORD-100800,2026-01-02,Romania,Apparel,Rain Jacket,1,120.00,120.00,paypal,completed
ORD-100801,2026-01-03,United States,Electronics,USB-C Hub,1,39.00,39.00,paypal,refunded
ORD-100802,2026-01-03,United Kingdom,Home,Air Purifier,1,149.00,149.00,card,completed
ORD-100803,2026-01-03,Canada,Home,Desk Lamp,1,35.00,35.00,paypal,completed
ORD-100804,2026-01-03,Germany,Apparel,Running Shoes,1,95.00,95.00,card,completed
ORD-100805,2026-01-03,Spain,Electronics,Smart Watch,2,199.00,398.00,card,completed
ORD-100806,2026-01-04,United States,Home,Desk Lamp,1,35.00,35.00,card,completed
ORD-100807,2026-01-04,Spain,Home,Coffee Grinder,1,49.00,49.00,apple_pay,completed
ORD-100808,2026-01-04,Poland,Electronics,USB-C Hub,1,39.00,39.00,card,completed
ORD-100809,2026-01-04,United States,Apparel,Wool Sweater,3,70.00,210.00,paypal,completed
ORD-100810,2026-01-04,United States,Electronics,Smart Watch,1,199.00,199.00,card,completed
ORD-100811,2026-01-04,Germany,Electronics,Smart Watch,1,199.00,199.00,paypal,completed
ORD-100812,2026-01-04,United States,Apparel,Wool Sweater,2,70.00,140.00,card,completed
ORD-100813,2026-01-04,Poland,Apparel,Wool Sweater,2,70.00,140.00,card,completed
ORD-100814,2026-01-04,Spain,Electronics,USB-C Hub,2,39.00,78.00,card,refunded
ORD-100815,2026-01-05,Canada,Home,Desk Lamp,1,35.00,35.00,paypal,completed
ORD-100816,2026-01-05,France,Apparel,Running Shoes,1,95.00,95.00,card,completed
ORD-100817,2026-01-05,Poland,Apparel,Rain Jacket,1,120.00,120.00,paypal,completed
ORD-100818,2026-01-05,United States,Electronics,Wireless Earbuds,1,79.00,79.00,card,completed
ORD-100819,2026-01-05,France,Apparel,Rain Jacket,1,120.00,120.00,card,completed
ORD-100820,2026-01-05,United States,Electronics,Bluetooth Speaker,1,59.00,59.00,card,completed
ORD-100821,2026-01-06,United States,Apparel,Running Shoes,1,95.00,95.00,card,completed
ORD-100822,2026-01-06,Spain,Beauty,Hair Dryer,1,89.00,89.00,apple_pay,completed
ORD-100823,2026-01-06,United Kingdom,Beauty,Hair Dryer,1,89.00,89.00,card,completed
ORD-100824,2026-01-06,Germany,Apparel,Wool Sweater,2,70.00,140.00,paypal,completed
ORD-100825,2026-01-06,Germany,Beauty,Face Serum,2,32.00,64.00,card,completed
ORD-100826,2026-01-06,Spain,Electronics,Bluetooth Speaker,1,59.00,59.00,paypal,completed
ORD-100827,2026-01-06,United States,Home,Desk Lamp,1,35.00,35.00,card,completed
ORD-100828,2026-01-07,France,Electronics,Smart Watch,1,199.00,199.00,paypal,completed
ORD-100829,2026-01-07,Germany,Electronics,Smart Watch,1,199.00,199.00,card,refunded
ORD-100830,2026-01-07,Germany,Beauty,Face Serum,2,32.00,64.00,card,completed
ORD-100831,2026-01-07,France,Apparel,Running Shoes,1,95.00,95.00,card,completed
ORD-100832,2026-01-07,Germany,Home,Air Purifier,1,149.00,149.00,paypal,completed
ORD-100833,2026-01-07,France,Electronics,Bluetooth Speaker,1,59.00,59.00,card,completed
ORD-100834,2026-01-08,Canada,Electronics,Smart Watch,1,199.00,199.00,paypal,completed
ORD-100835,2026-01-08,United Kingdom,Beauty,Hair Dryer,1,89.00,89.00,card,completed
ORD-100836,2026-01-08,Spain,Electronics,USB-C Hub,1,39.00,39.00,card,completed
ORD-100837,2026-01-08,Poland,Apparel,Rain Jacket,1,120.00,120.00,card,completed
ORD-100838,2026-01-08,United Kingdom,Electronics,Wireless Earbuds,1,79.00,79.00,card,completed
ORD-100839,2026-01-08,Germany,Beauty,Face Serum,1,32.00,32.00,card,completed
ORD-100840,2026-01-08,United States,Electronics,USB-C Hub,1,39.00,39.00,card,completed
ORD-100841,2026-01-08,Spain,Electronics,USB-C Hub,1,39.00,39.00,paypal,completed
ORD-100842,2026-01-08,Poland,Electronics,Bluetooth Speaker,1,59.00,59.00,card,refunded
ORD-100843,2026-01-09,United Kingdom,Beauty,Face Serum,1,32.00,32.00,apple_pay,completed
ORD-100844,2026-01-09,Germany,Electronics,USB-C Hub,1,39.00,39.00,card,completed
ORD-100845,2026-01-09,United States,Electronics,Wireless Earbuds,1,79.00,79.00,paypal,completed
ORD-100846,2026-01-09,Spain,Home,Air Purifier,2,149.00,298.00,card,completed
ORD-100847,2026-01-09,France,Beauty,Hair Dryer,1,89.00,89.00,paypal,completed
ORD-100848,2026-01-09,United States,Apparel,Wool Sweater,1,70.00,70.00,card,completed
ORD-100849,2026-01-10,France,Electronics,Smart Watch,1,199.00,199.00,bnpl,completed
ORD-100850,2026-01-10,United Kingdom,Apparel,Wool Sweater,1,70.00,70.00,paypal,completed
ORD-100851,2026-01-10,United States,Electronics,USB-C Hub,1,39.00,39.00,card,refunded
ORD-100852,2026-01-10,Romania,Home,Air Purifier,1,149.00,149.00,bnpl,completed
ORD-100853,2026-01-10,United States,Beauty,Hair Dryer,2,89.00,178.00,paypal,completed
ORD-100854,2026-01-10,Germany,Apparel,Wool Sweater,2,70.00,140.00,card,completed
ORD-100855,2026-01-10,Spain,Electronics,USB-C Hub,1,39.00,39.00,paypal,completed
ORD-100856,2026-01-11,United States,Apparel,Rain Jacket,1,120.00,120.00,card,completed
ORD-100857,2026-01-11,United Kingdom,Home,Air Purifier,2,149.00,298.00,card,completed
ORD-100858,2026-01-11,France,Beauty,Hair Dryer,1,89.00,89.00,card,refunded
ORD-100859,2026-01-11,United Kingdom,Home,Coffee Grinder,1,49.00,49.00,apple_pay,completed
ORD-100860,2026-01-12,United Kingdom,Electronics,Wireless Earbuds,1,79.00,79.00,apple_pay,completed
ORD-100861,2026-01-12,United States,Home,Air Purifier,1,149.00,149.00,card,completed
ORD-100862,2026-01-12,Canada,Home,Desk Lamp,1,35.00,35.00,apple_pay,completed
ORD-100863,2026-01-12,Spain,Apparel,Running Shoes,1,95.00,95.00,card,completed
ORD-100864,2026-01-12,Canada,Electronics,USB-C Hub,2,39.00,78.00,paypal,completed
ORD-100865,2026-01-12,United States,Home,Coffee Grinder,1,49.00,49.00,paypal,completed
ORD-100866,2026-01-12,United States,Beauty,Face Serum,1,32.00,32.00,card,completed
ORD-100867,2026-01-12,United Kingdom,Home,Coffee Grinder,1,49.00,49.00,card,completed
ORD-100868,2026-01-13,Germany,Electronics,USB-C Hub,1,39.00,39.00,card,completed
ORD-100869,2026-01-13,Poland,Apparel,Running Shoes,1,95.00,95.00,paypal,completed
ORD-100870,2026-01-13,Germany,Electronics,Bluetooth Speaker,2,59.00,118.00,card,completed
ORD-100871,2026-01-13,United States,Home,Air Purifier,1,149.00,149.00,card,completed
ORD-100872,2026-01-13,Romania,Apparel,Rain Jacket,1,120.00,120.00,card,completed
ORD-100873,2026-01-13,Poland,Electronics,Bluetooth Speaker,1,59.00,59.00,card,completed
ORD-100874,2026-01-13,Romania,Electronics,USB-C Hub,1,39.00,39.00,paypal,completed
ORD-100875,2026-01-13,United States,Electronics,USB-C Hub,2,39.00,78.00,card,completed
ORD-100876,2026-01-14,United Kingdom,Beauty,Hair Dryer,1,89.00,89.00,card,completed
ORD-100877,2026-01-14,United Kingdom,Home,Coffee Grinder,1,49.00,49.00,card,completed
ORD-100878,2026-01-14,Germany,Home,Air Purifier,1,149.00,149.00,card,completed
ORD-100879,2026-01-14,Poland,Apparel,Rain Jacket,1,120.00,120.00,card,completed
ORD-100880,2026-01-14,United States,Home,Coffee Grinder,1,49.00,49.00,apple_pay,completed
ORD-100881,2026-01-14,Poland,Home,Desk Lamp,1,35.00,35.00,card,completed
ORD-100882,2026-01-14,United States,Beauty,Hair Dryer,1,89.00,89.00,card,completed
ORD-100883,2026-01-14,United States,Home,Desk Lamp,3,35.00,105.00,card,completed
ORD-100884,2026-01-14,Poland,Beauty,Hair Dryer,1,89.00,89.00,paypal,completed
ORD-100885,2026-01-15,Poland,Beauty,Face Serum,1,32.00,32.00,paypal,completed
ORD-100886,2026-01-15,United States,Apparel,Rain Jacket,1,120.00,120.00,paypal,completed
ORD-100887,2026-01-15,Germany,Beauty,Hair Dryer,2,89.00,178.00,bnpl,completed
ORD-100888,2026-01-15,Spain,Beauty,Face Serum,1,32.00,32.00,card,completed
ORD-100889,2026-01-15,Canada,Electronics,Wireless Earbuds,1,79.00,79.00,card,completed
ORD-100890,2026-01-16,Canada,Beauty,Face Serum,1,32.00,32.00,card,completed
ORD-100891,2026-01-16,Romania,Home,Desk Lamp,1,35.00,35.00,paypal,completed
ORD-100892,2026-01-16,United States,Home,Desk Lamp,2,35.00,70.00,card,completed
ORD-100893,2026-01-16,France,Electronics,Wireless Earbuds,1,79.00,79.00,card,completed
ORD-100894,2026-01-17,United Kingdom,Beauty,Face Serum,1,32.00,32.00,apple_pay,completed
ORD-100895,2026-01-17,Canada,Apparel,Rain Jacket,1,120.00,120.00,card,completed
ORD-100896,2026-01-17,Canada,Home,Coffee Grinder,1,49.00,49.00,paypal,completed
ORD-100897,2026-01-17,Canada,Electronics,USB-C Hub,1,39.00,39.00,card,completed
ORD-100898,2026-01-17,Spain,Apparel,Wool Sweater,1,70.00,70.00,card,completed
ORD-100899,2026-01-17,United States,Apparel,Wool Sweater,3,70.00,210.00,bnpl,completed
ORD-100900,2026-01-17,Germany,Electronics,Wireless Earbuds,1,79.00,79.00,paypal,completed
ORD-100901,2026-01-17,France,Apparel,Wool Sweater,1,70.00,70.00,card,completed
ORD-100902,2026-01-17,United Kingdom,Beauty,Hair Dryer,1,89.00,89.00,apple_pay,completed
ORD-100903,2026-01-18,United Kingdom,Beauty,Hair Dryer,1,89.00,89.00,card,completed
ORD-100904,2026-01-18,Poland,Apparel,Wool Sweater,1,70.00,70.00,paypal,completed
ORD-100905,2026-01-18,Germany,Apparel,Rain Jacket,2,120.00,240.00,paypal,completed
ORD-100906,2026-01-18,United States,Apparel,Rain Jacket,1,120.00,120.00,paypal,completed
ORD-100907,2026-01-18,United States,Apparel,Wool Sweater,1,70.00,70.00,card,completed
ORD-100908,2026-01-18,Germany,Beauty,Hair Dryer,1,89.00,89.00,card,completed
ORD-100909,2026-01-19,Canada,Home,Coffee Grinder,3,49.00,147.00,card,completed
ORD-100910,2026-01-19,Canada,Beauty,Hair Dryer,1,89.00,89.00,card,completed
ORD-100911,2026-01-19,France,Electronics,USB-C Hub,1,39.00,39.00,card,completed
ORD-100912,2026-01-19,United States,Home,Desk Lamp,1,35.00,35.00,paypal,completed
ORD-100913,2026-01-19,Germany,Home,Air Purifier,1,149.00,149.00,card,completed
ORD-100914,2026-01-19,United Kingdom,Home,Desk Lamp,1,35.00,35.00,card,completed
ORD-100915,2026-01-19,Spain,Electronics,USB-C Hub,3,39.00,117.00,card,completed
ORD-100916,2026-01-19,Canada,Home,Desk Lamp,2,35.00,70.00,card,completed
ORD-100917,2026-01-20,Poland,Apparel,Wool Sweater,1,70.00,70.00,paypal,completed
ORD-100918,2026-01-20,France,Beauty,Hair Dryer,1,89.00,89.00,paypal,completed
ORD-100919,2026-01-20,United States,Electronics,Wireless Earbuds,1,79.00,79.00,card,completed
ORD-100920,2026-01-20,United States,Electronics,Wireless Earbuds,1,79.00,79.00,card,completed
ORD-100921,2026-01-20,United States,Apparel,Running Shoes,1,95.00,95.00,card,completed
ORD-100922,2026-01-20,United States,Apparel,Wool Sweater,1,70.00,70.00,bnpl,completed
ORD-100923,2026-01-20,Romania,Home,Desk Lamp,1,35.00,35.00,card,completed
ORD-100924,2026-01-21,Poland,Apparel,Wool Sweater,1,70.00,70.00,card,completed
ORD-100925,2026-01-21,United States,Beauty,Hair Dryer,1,89.00,89.00,bnpl,completed
ORD-100926,2026-01-21,Poland,Electronics,Wireless Earbuds,1,79.00,79.00,bnpl,completed
ORD-100927,2026-01-21,United States,Home,Coffee Grinder,1,49.00,49.00,card,completed
ORD-100928,2026-01-21,United States,Home,Desk Lamp,1,35.00,35.00,card,completed
ORD-100929,2026-01-21,United States,Home,Desk Lamp,1,35.00,35.00,paypal,completed
ORD-100930,2026-01-22,United Kingdom,Electronics,USB-C Hub,2,39.00,78.00,card,completed
ORD-100931,2026-01-22,Spain,Home,Desk Lamp,1,35.00,35.00,paypal,completed
ORD-100932,2026-01-22,United States,Electronics,Bluetooth Speaker,3,59.00,177.00,apple_pay,completed
ORD-100933,2026-01-22,Germany,Beauty,Hair Dryer,1,89.00,89.00,card,completed
ORD-100934,2026-01-22,Spain,Apparel,Rain Jacket,1,120.00,120.00,bnpl,refunded
ORD-100935,2026-01-22,Germany,Beauty,Face Serum,1,32.00,32.00,card,completed
ORD-100936,2026-01-22,United States,Apparel,Running Shoes,1,95.00,95.00,card,completed
ORD-100937,2026-01-22,France,Apparel,Running Shoes,1,95.00,95.00,card,completed
ORD-100938,2026-01-22,United States,Home,Air Purifier,1,149.00,149.00,card,completed
ORD-100939,2026-01-23,Spain,Electronics,USB-C Hub,1,39.00,39.00,paypal,completed
ORD-100940,2026-01-23,United States,Beauty,Hair Dryer,2,89.00,178.00,apple_pay,completed
ORD-100941,2026-01-23,Poland,Electronics,Wireless Earbuds,1,79.00,79.00,card,completed
ORD-100942,2026-01-23,Germany,Beauty,Face Serum,1,32.00,32.00,paypal,refunded
ORD-100943,2026-01-23,France,Beauty,Face Serum,1,32.00,32.00,card,completed
ORD-100944,2026-01-23,Poland,Electronics,Bluetooth Speaker,1,59.00,59.00,paypal,completed
ORD-100945,2026-01-23,United States,Home,Air Purifier,1,149.00,149.00,card,completed
ORD-100946,2026-01-24,Germany,Home,Coffee Grinder,1,49.00,49.00,card,completed
ORD-100947,2026-01-24,United States,Electronics,Bluetooth Speaker,1,59.00,59.00,card,completed
ORD-100948,2026-01-24,United States,Apparel,Running Shoes,1,95.00,95.00,apple_pay,completed
ORD-100949,2026-01-24,Poland,Electronics,Bluetooth Speaker,1,59.00,59.00,card,completed
ORD-100950,2026-01-24,Romania,Apparel,Rain Jacket,1,120.00,120.00,apple_pay,completed
ORD-100951,2026-01-24,Romania,Electronics,USB-C Hub,1,39.00,39.00,card,completed
ORD-100952,2026-01-24,France,Electronics,Smart Watch,1,199.00,199.00,paypal,completed
ORD-100953,2026-01-24,Canada,Home,Desk Lamp,1,35.00,35.00,card,completed
ORD-100954,2026-01-25,Spain,Apparel,Wool Sweater,1,70.00,70.00,card,completed
ORD-100955,2026-01-25,United States,Electronics,Wireless Earbuds,1,79.00,79.00,paypal,completed
ORD-100956,2026-01-25,Germany,Electronics,Wireless Earbuds,1,79.00,79.00,card,completed
ORD-100957,2026-01-25,United States,Apparel,Rain Jacket,1,120.00,120.00,paypal,completed
ORD-100958,2026-01-25,United States,Beauty,Hair Dryer,1,89.00,89.00,card,completed
ORD-100959,2026-01-25,Germany,Apparel,Rain Jacket,1,120.00,120.00,paypal,completed
ORD-100960,2026-01-25,Poland,Home,Coffee Grinder,1,49.00,49.00,card,completed
ORD-100961,2026-01-25,Canada,Electronics,Bluetooth Speaker,1,59.00,59.00,card,completed
ORD-100962,2026-01-26,Germany,Home,Coffee Grinder,1,49.00,49.00,card,completed
ORD-100963,2026-01-26,United States,Home,Coffee Grinder,1,49.00,49.00,card,completed
ORD-100964,2026-01-26,Canada,Home,Coffee Grinder,1,49.00,49.00,card,completed
ORD-100965,2026-01-26,United States,Beauty,Face Serum,1,32.00,32.00,card,completed
ORD-100966,2026-01-26,United Kingdom,Apparel,Running Shoes,1,95.00,95.00,apple_pay,completed
ORD-100967,2026-01-26,Romania,Apparel,Running Shoes,1,95.00,95.00,card,completed
ORD-100968,2026-01-26,Spain,Beauty,Face Serum,1,32.00,32.00,card,completed
ORD-100969,2026-01-26,Romania,Apparel,Rain Jacket,1,120.00,120.00,card,completed
ORD-100970,2026-01-27,Germany,Electronics,Wireless Earbuds,1,79.00,79.00,card,completed
ORD-100971,2026-01-27,United Kingdom,Electronics,Wireless Earbuds,1,79.00,79.00,paypal,completed
ORD-100972,2026-01-27,Germany,Apparel,Wool Sweater,1,70.00,70.00,card,completed
ORD-100973,2026-01-27,Canada,Home,Desk Lamp,1,35.00,35.00,paypal,refunded
ORD-100974,2026-01-28,United States,Beauty,Hair Dryer,1,89.00,89.00,card,completed
ORD-100975,2026-01-28,Romania,Apparel,Wool Sweater,1,70.00,70.00,paypal,completed
ORD-100976,2026-01-28,Canada,Apparel,Running Shoes,1,95.00,95.00,apple_pay,completed
ORD-100977,2026-01-28,United States,Home,Desk Lamp,1,35.00,35.00,card,completed
ORD-100978,2026-01-28,Germany,Electronics,Smart Watch,1,199.00,199.00,card,completed
ORD-100979,2026-01-28,France,Apparel,Wool Sweater,2,70.00,140.00,paypal,completed
ORD-100980,2026-01-28,Poland,Home,Desk Lamp,1,35.00,35.00,card,completed
ORD-100981,2026-01-28,United Kingdom,Home,Air Purifier,1,149.00,149.00,card,completed
ORD-100982,2026-01-28,France,Apparel,Rain Jacket,1,120.00,120.00,card,completed
ORD-100983,2026-01-29,Poland,Beauty,Face Serum,1,32.00,32.00,apple_pay,completed
ORD-100984,2026-01-29,United Kingdom,Electronics,Wireless Earbuds,1,79.00,79.00,card,completed
ORD-100985,2026-01-29,Germany,Beauty,Face Serum,1,32.00,32.00,bnpl,completed
ORD-100986,2026-01-29,United States,Home,Desk Lamp,1,35.00,35.00,card,completed
ORD-100987,2026-01-29,United States,Beauty,Hair Dryer,1,89.00,89.00,card,completed
ORD-100988,2026-01-29,United Kingdom,Apparel,Wool Sweater,1,70.00,70.00,card,completed
ORD-100989,2026-01-29,Germany,Beauty,Hair Dryer,1,89.00,89.00,card,completed
ORD-100990,2026-01-29,Spain,Beauty,Face Serum,1,32.00,32.00,card,completed
ORD-100991,2026-01-29,France,Electronics,USB-C Hub,1,39.00,39.00,card,completed
ORD-100992,2026-01-30,Poland,Electronics,Wireless Earbuds,1,79.00,79.00,card,completed
ORD-100993,2026-01-30,United States,Electronics,Wireless Earbuds,1,79.00,79.00,bnpl,completed
ORD-100994,2026-01-30,Germany,Beauty,Hair Dryer,1,89.00,89.00,card,completed
ORD-100995,2026-01-30,Poland,Beauty,Hair Dryer,1,89.00,89.00,bnpl,completed
ORD-100996,2026-01-30,Germany,Apparel,Rain Jacket,1,120.00,120.00,card,completed
ORD-100997,2026-01-30,Spain,Apparel,Running Shoes,1,95.00,95.00,paypal,completed
ORD-100998,2026-01-30,United Kingdom,Electronics,Bluetooth Speaker,2,59.00,118.00,card,completed
ORD-100999,2026-01-30,United Kingdom,Home,Coffee Grinder,1,49.00,49.00,card,completed
ORD-101000,2026-01-30,France,Apparel,Running Shoes,1,95.00,95.00,paypal,completed
ORD-101001,2026-01-31,Germany,Home,Air Purifier,3,149.00,447.00,bnpl,completed
ORD-101002,2026-01-31,Germany,Apparel,Wool Sweater,2,70.00,140.00,apple_pay,completed
ORD-101003,2026-01-31,United States,Beauty,Hair Dryer,1,89.00,89.00,card,completed
ORD-101004,2026-01-31,United Kingdom,Home,Air Purifier,1,149.00,149.00,paypal,completed
ORD-101005,2026-02-01,Poland,Home,Air Purifier,3,149.00,447.00,card,completed
ORD-101006,2026-02-01,United States,Apparel,Running Shoes,1,95.00,95.00,card,completed
ORD-101007,2026-02-01,Germany,Home,Air Purifier,1,149.00,149.00,card,completed
ORD-101008,2026-02-01,Spain,Home,Air Purifier,1,149.00,149.00,card,completed
ORD-101009,2026-02-01,United States,Beauty,Hair Dryer,1,89.00,89.00,card,completed
ORD-101010,2026-02-01,Canada,Home,Air Purifier,1,149.00,149.00,card,completed
ORD-101011,2026-02-01,United States,Home,Air Purifier,2,149.00,298.00,card,completed
ORD-101012,2026-02-02,United Kingdom,Home,Air Purifier,1,149.00,149.00,card,completed
ORD-101013,2026-02-02,Germany,Beauty,Hair Dryer,1,89.00,89.00,card,completed
ORD-101014,2026-02-02,France,Home,Air Purifier,2,149.00,298.00,card,completed
ORD-101015,2026-02-02,United States,Home,Air Purifier,1,149.00,149.00,card,completed
ORD-101016,2026-02-02,United States,Electronics,USB-C Hub,1,39.00,39.00,paypal,completed
ORD-101017,2026-02-02,United States,Home,Air Purifier,2,149.00,298.00,card,completed
ORD-101018,2026-02-03,Poland,Apparel,Running Shoes,1,95.00,95.00,apple_pay,completed
ORD-101019,2026-02-03,Romania,Home,Air Purifier,1,149.00,149.00,card,completed
ORD-101020,2026-02-03,United Kingdom,Electronics,Smart Watch,1,199.00,199.00,card,completed
ORD-101021,2026-02-03,United Kingdom,Beauty,Face Serum,1,32.00,32.00,card,completed
ORD-101022,2026-02-03,Poland,Apparel,Wool Sweater,2,70.00,140.00,card,completed
ORD-101023,2026-02-04,Romania,Beauty,Hair Dryer,1,89.00,89.00,card,completed
ORD-101024,2026-02-04,Spain,Home,Desk Lamp,1,35.00,35.00,card,completed
ORD-101025,2026-02-04,Spain,Apparel,Rain Jacket,1,120.00,120.00,card,completed
ORD-101026,2026-02-04,United States,Electronics,Smart Watch,1,199.00,199.00,card,completed
ORD-101027,2026-02-04,Spain,Home,Coffee Grinder,1,49.00,49.00,paypal,completed
ORD-101028,2026-02-04,United States,Electronics,Wireless Earbuds,1,79.00,79.00,apple_pay,completed
ORD-101029,2026-02-04,United Kingdom,Electronics,Wireless Earbuds,1,79.00,79.00,bnpl,completed
ORD-101030,2026-02-04,Canada,Electronics,USB-C Hub,1,39.00,39.00,card,completed
ORD-101031,2026-02-05,Spain,Home,Coffee Grinder,2,49.00,98.00,paypal,completed
ORD-101032,2026-02-05,Germany,Electronics,Wireless Earbuds,1,79.00,79.00,paypal,completed
ORD-101033,2026-02-05,United States,Beauty,Face Serum,3,32.00,96.00,card,completed
ORD-101034,2026-02-05,Germany,Apparel,Rain Jacket,1,120.00,120.00,card,completed
ORD-101035,2026-02-05,United States,Beauty,Hair Dryer,1,89.00,89.00,card,completed
ORD-101036,2026-02-05,Poland,Home,Desk Lamp,1,35.00,35.00,card,completed
ORD-101037,2026-02-06,United States,Apparel,Running Shoes,1,95.00,95.00,card,completed
ORD-101038,2026-02-06,France,Home,Desk Lamp,1,35.00,35.00,card,completed
ORD-101039,2026-02-06,United Kingdom,Beauty,Hair Dryer,2,89.00,178.00,card,refunded
ORD-101040,2026-02-06,France,Apparel,Rain Jacket,1,120.00,120.00,paypal,completed
ORD-101041,2026-02-06,United States,Home,Air Purifier,3,149.00,447.00,paypal,completed
ORD-101042,2026-02-06,United States,Home,Coffee Grinder,1,49.00,49.00,card,completed
ORD-101043,2026-02-06,United States,Beauty,Hair Dryer,1,89.00,89.00,paypal,completed
ORD-101044,2026-02-06,United States,Beauty,Hair Dryer,1,89.00,89.00,paypal,completed
ORD-101045,2026-02-06,Spain,Apparel,Running Shoes,1,95.00,95.00,card,completed
ORD-101046,2026-02-07,United States,Beauty,Face Serum,1,32.00,32.00,card,completed
ORD-101047,2026-02-07,France,Beauty,Hair Dryer,1,89.00,89.00,card,completed
ORD-101048,2026-02-07,France,Beauty,Hair Dryer,1,89.00,89.00,card,completed
ORD-101049,2026-02-07,Germany,Home,Desk Lamp,2,35.00,70.00,card,refunded
ORD-101050,2026-02-07,Poland,Beauty,Face Serum,1,32.00,32.00,card,completed
ORD-101051,2026-02-07,Germany,Electronics,USB-C Hub,2,39.00,78.00,card,completed
ORD-101052,2026-02-07,United Kingdom,Home,Coffee Grinder,1,49.00,49.00,card,completed
ORD-101053,2026-02-08,Germany,Home,Coffee Grinder,1,49.00,49.00,card,completed
ORD-101054,2026-02-08,Spain,Apparel,Rain Jacket,1,120.00,120.00,card,completed
ORD-101055,2026-02-08,France,Electronics,USB-C Hub,1,39.00,39.00,paypal,refunded
ORD-101056,2026-02-08,Canada,Home,Coffee Grinder,1,49.00,49.00,bnpl,completed
ORD-101057,2026-02-08,United States,Electronics,Smart Watch,1,199.00,199.00,card,completed
ORD-101058,2026-02-08,United States,Home,Desk Lamp,1,35.00,35.00,card,refunded
ORD-101059,2026-02-08,France,Home,Air Purifier,2,149.00,298.00,card,completed
ORD-101060,2026-02-08,France,Beauty,Hair Dryer,1,89.00,89.00,card,completed
ORD-101061,2026-02-09,United States,Apparel,Rain Jacket,1,120.00,120.00,apple_pay,completed
ORD-101062,2026-02-09,United States,Home,Desk Lamp,1,35.00,35.00,paypal,completed
ORD-101063,2026-02-09,United States,Beauty,Face Serum,1,32.00,32.00,card,completed
ORD-101064,2026-02-09,United Kingdom,Electronics,Wireless Earbuds,1,79.00,79.00,card,completed
ORD-101065,2026-02-09,United States,Apparel,Wool Sweater,1,70.00,70.00,card,completed
ORD-101066,2026-02-09,France,Home,Desk Lamp,1,35.00,35.00,card,completed
ORD-101067,2026-02-09,United Kingdom,Apparel,Rain Jacket,1,120.00,120.00,card,completed
ORD-101068,2026-02-10,Romania,Beauty,Hair Dryer,1,89.00,89.00,bnpl,completed
ORD-101069,2026-02-10,Germany,Beauty,Hair Dryer,2,89.00,178.00,paypal,completed
ORD-101070,2026-02-10,United States,Home,Coffee Grinder,1,49.00,49.00,paypal,completed
ORD-101071,2026-02-10,United Kingdom,Home,Coffee Grinder,1,49.00,49.00,apple_pay,completed
ORD-101072,2026-02-10,United States,Electronics,Smart Watch,1,199.00,199.00,card,completed
ORD-101073,2026-02-10,United States,Beauty,Hair Dryer,1,89.00,89.00,bnpl,completed
ORD-101074,2026-02-10,Canada,Electronics,USB-C Hub,1,39.00,39.00,card,completed
ORD-101075,2026-02-10,France,Electronics,Wireless Earbuds,3,79.00,237.00,card,refunded
ORD-101076,2026-02-10,Canada,Electronics,USB-C Hub,2,39.00,78.00,apple_pay,completed
ORD-101077,2026-02-11,France,Beauty,Hair Dryer,2,89.00,178.00,paypal,completed
ORD-101078,2026-02-11,United States,Apparel,Running Shoes,1,95.00,95.00,apple_pay,completed
ORD-101079,2026-02-11,Spain,Home,Coffee Grinder,1,49.00,49.00,card,completed
ORD-101080,2026-02-11,United Kingdom,Apparel,Rain Jacket,2,120.00,240.00,paypal,completed
ORD-101081,2026-02-11,United States,Electronics,Smart Watch,3,199.00,597.00,card,completed
ORD-101082,2026-02-11,France,Home,Desk Lamp,1,35.00,35.00,card,completed
ORD-101083,2026-02-12,Romania,Beauty,Face Serum,1,32.00,32.00,paypal,completed
ORD-101084,2026-02-12,United States,Beauty,Face Serum,2,32.00,64.00,paypal,completed
ORD-101085,2026-02-12,Romania,Beauty,Face Serum,1,32.00,32.00,card,completed
ORD-101086,2026-02-12,Romania,Beauty,Face Serum,1,32.00,32.00,card,completed
ORD-101087,2026-02-12,United States,Beauty,Hair Dryer,1,89.00,89.00,bnpl,completed
ORD-101088,2026-02-12,United States,Beauty,Face Serum,2,32.00,64.00,paypal,completed
ORD-101089,2026-02-12,Poland,Home,Coffee Grinder,1,49.00,49.00,card,completed
ORD-101090,2026-02-13,Germany,Home,Desk Lamp,1,35.00,35.00,apple_pay,completed
ORD-101091,2026-02-13,Canada,Apparel,Wool Sweater,1,70.00,70.00,card,completed
ORD-101092,2026-02-13,Germany,Home,Air Purifier,1,149.00,149.00,card,completed
ORD-101093,2026-02-13,France,Beauty,Face Serum,1,32.00,32.00,card,completed
ORD-101094,2026-02-13,Germany,Electronics,Smart Watch,1,199.00,199.00,bnpl,completed
ORD-101095,2026-02-13,Poland,Beauty,Hair Dryer,1,89.00,89.00,card,completed
ORD-101096,2026-02-13,Romania,Home,Air Purifier,1,149.00,149.00,card,completed
ORD-101097,2026-02-14,United Kingdom,Electronics,Bluetooth Speaker,2,59.00,118.00,apple_pay,completed
ORD-101098,2026-02-14,Spain,Beauty,Face Serum,2,32.00,64.00,bnpl,completed
ORD-101099,2026-02-14,Romania,Electronics,Bluetooth Speaker,1,59.00,59.00,paypal,completed
ORD-101100,2026-02-14,Spain,Electronics,Wireless Earbuds,1,79.00,79.00,card,completed
ORD-101101,2026-02-15,Canada,Home,Coffee Grinder,1,49.00,49.00,card,completed
ORD-101102,2026-02-15,Poland,Home,Desk Lamp,1,35.00,35.00,card,completed
ORD-101103,2026-02-15,United States,Beauty,Face Serum,1,32.00,32.00,card,completed
ORD-101104,2026-02-15,United States,Home,Air Purifier,1,149.00,149.00,card,completed
ORD-101105,2026-02-15,France,Electronics,Bluetooth Speaker,1,59.00,59.00,card,completed
ORD-101106,2026-02-15,Romania,Apparel,Wool Sweater,1,70.00,70.00,card,completed
ORD-101107,2026-02-15,Germany,Electronics,Smart Watch,1,199.00,199.00,card,completed
ORD-101108,2026-02-16,Spain,Apparel,Wool Sweater,2,70.00,140.00,card,completed
ORD-101109,2026-02-16,United Kingdom,Beauty,Hair Dryer,1,89.00,89.00,apple_pay,completed
ORD-101110,2026-02-16,United States,Electronics,Bluetooth Speaker,2,59.00,118.00,apple_pay,completed
ORD-101111,2026-02-16,United Kingdom,Apparel,Running Shoes,1,95.00,95.00,card,completed
ORD-101112,2026-02-16,Germany,Beauty,Hair Dryer,1,89.00,89.00,bnpl,completed
ORD-101113,2026-02-16,Canada,Apparel,Rain Jacket,1,120.00,120.00,card,completed
ORD-101114,2026-02-16,Romania,Home,Coffee Grinder,1,49.00,49.00,bnpl,completed
ORD-101115,2026-02-16,United Kingdom,Electronics,Wireless Earbuds,1,79.00,79.00,card,completed
ORD-101116,2026-02-16,Romania,Home,Desk Lamp,1,35.00,35.00,card,completed
ORD-101117,2026-02-17,Germany,Electronics,Smart Watch,1,199.00,199.00,card,completed
ORD-101118,2026-02-17,United States,Electronics,USB-C Hub,1,39.00,39.00,paypal,completed
ORD-101119,2026-02-17,Spain,Electronics,Smart Watch,1,199.00,199.00,card,completed
ORD-101120,2026-02-17,France,Beauty,Face Serum,1,32.00,32.00,bnpl,completed
ORD-101121,2026-02-17,United Kingdom,Beauty,Face Serum,2,32.00,64.00,card,completed
ORD-101122,2026-02-17,Canada,Apparel,Rain Jacket,1,120.00,120.00,card,completed
ORD-101123,2026-02-17,United Kingdom,Electronics,Bluetooth Speaker,1,59.00,59.00,paypal,completed
ORD-101124,2026-02-18,United States,Beauty,Hair Dryer,1,89.00,89.00,card,completed
ORD-101125,2026-02-18,Spain,Home,Desk Lamp,1,35.00,35.00,card,completed
ORD-101126,2026-02-18,United Kingdom,Electronics,Smart Watch,1,199.00,199.00,paypal,completed
ORD-101127,2026-02-18,Poland,Apparel,Running Shoes,1,95.00,95.00,apple_pay,completed
ORD-101128,2026-02-18,Spain,Beauty,Face Serum,1,32.00,32.00,card,completed
ORD-101129,2026-02-18,United States,Home,Desk Lamp,1,35.00,35.00,card,completed
ORD-101130,2026-02-18,Poland,Beauty,Face Serum,1,32.00,32.00,card,completed
ORD-101131,2026-02-18,United Kingdom,Home,Coffee Grinder,1,49.00,49.00,paypal,completed
ORD-101132,2026-02-19,France,Apparel,Rain Jacket,1,120.00,120.00,card,completed
ORD-101133,2026-02-19,United Kingdom,Beauty,Hair Dryer,2,89.00,178.00,card,completed
ORD-101134,2026-02-19,United States,Electronics,Wireless Earbuds,1,79.00,79.00,card,completed
ORD-101135,2026-02-19,Germany,Apparel,Rain Jacket,1,120.00,120.00,card,completed
ORD-101136,2026-02-19,United States,Apparel,Rain Jacket,1,120.00,120.00,card,completed
ORD-101137,2026-02-19,United States,Beauty,Hair Dryer,1,89.00,89.00,paypal,completed
ORD-101138,2026-02-19,Germany,Beauty,Hair Dryer,3,89.00,267.00,apple_pay,completed
ORD-101139,2026-02-19,United States,Apparel,Wool Sweater,1,70.00,70.00,paypal,completed
ORD-101140,2026-02-20,United States,Electronics,Smart Watch,1,199.00,199.00,card,completed
ORD-101141,2026-02-20,France,Apparel,Wool Sweater,1,70.00,70.00,paypal,completed
ORD-101142,2026-02-20,United Kingdom,Apparel,Wool Sweater,1,70.00,70.00,apple_pay,completed
ORD-101143,2026-02-20,United States,Electronics,Wireless Earbuds,1,79.00,79.00,card,refunded
ORD-101144,2026-02-21,France,Apparel,Rain Jacket,2,120.00,240.00,apple_pay,completed
ORD-101145,2026-02-21,United States,Beauty,Face Serum,1,32.00,32.00,card,completed
ORD-101146,2026-02-21,United States,Apparel,Rain Jacket,1,120.00,120.00,apple_pay,completed
ORD-101147,2026-02-21,United States,Apparel,Rain Jacket,1,120.00,120.00,card,completed
ORD-101148,2026-02-21,Romania,Beauty,Hair Dryer,1,89.00,89.00,card,completed
ORD-101149,2026-02-21,United States,Home,Desk Lamp,1,35.00,35.00,paypal,completed
ORD-101150,2026-02-21,Canada,Beauty,Face Serum,1,32.00,32.00,card,completed
ORD-101151,2026-02-22,Germany,Home,Air Purifier,1,149.00,149.00,card,completed
ORD-101152,2026-02-22,Spain,Home,Air Purifier,1,149.00,149.00,card,completed
ORD-101153,2026-02-22,Germany,Home,Air Purifier,1,149.00,149.00,apple_pay,completed
ORD-101154,2026-02-22,France,Beauty,Hair Dryer,1,89.00,89.00,card,completed
ORD-101155,2026-02-22,Spain,Beauty,Hair Dryer,1,89.00,89.00,paypal,completed
ORD-101156,2026-02-22,France,Home,Air Purifier,1,149.00,149.00,card,completed
ORD-101157,2026-02-23,France,Electronics,Bluetooth Speaker,2,59.00,118.00,card,completed
ORD-101158,2026-02-23,Germany,Beauty,Hair Dryer,2,89.00,178.00,card,completed
ORD-101159,2026-02-23,Canada,Beauty,Face Serum,2,32.00,64.00,card,completed
ORD-101160,2026-02-23,United States,Apparel,Rain Jacket,1,120.00,120.00,card,completed
ORD-101161,2026-02-23,United States,Beauty,Hair Dryer,2,89.00,178.00,apple_pay,completed
ORD-101162,2026-02-24,France,Apparel,Rain Jacket,1,120.00,120.00,bnpl,completed
ORD-101163,2026-02-24,Spain,Beauty,Face Serum,2,32.00,64.00,card,completed
ORD-101164,2026-02-24,France,Beauty,Hair Dryer,1,89.00,89.00,card,completed
ORD-101165,2026-02-24,Germany,Apparel,Running Shoes,1,95.00,95.00,card,completed
ORD-101166,2026-02-24,United States,Electronics,Bluetooth Speaker,1,59.00,59.00,card,completed
ORD-101167,2026-02-24,Germany,Home,Coffee Grinder,1,49.00,49.00,card,completed
ORD-101168,2026-02-24,United Kingdom,Apparel,Running Shoes,1,95.00,95.00,card,completed
ORD-101169,2026-02-24,United States,Home,Desk Lamp,2,35.00,70.00,bnpl,completed
ORD-101170,2026-02-25,United Kingdom,Electronics,Smart Watch,1,199.00,199.00,paypal,completed
ORD-101171,2026-02-25,United States,Home,Desk Lamp,3,35.00,105.00,card,completed
ORD-101172,2026-02-25,Poland,Apparel,Wool Sweater,1,70.00,70.00,card,completed
ORD-101173,2026-02-25,Spain,Beauty,Hair Dryer,1,89.00,89.00,apple_pay,completed
ORD-101174,2026-02-25,Canada,Apparel,Rain Jacket,2,120.00,240.00,card,completed
ORD-101175,2026-02-25,Germany,Beauty,Hair Dryer,1,89.00,89.00,card,completed
ORD-101176,2026-02-25,Poland,Apparel,Wool Sweater,1,70.00,70.00,apple_pay,completed
ORD-101177,2026-02-25,Poland,Beauty,Face Serum,1,32.00,32.00,card,completed
ORD-101178,2026-02-25,Poland,Electronics,USB-C Hub,1,39.00,39.00,card,completed
ORD-101179,2026-02-26,Poland,Electronics,Wireless Earbuds,2,79.00,158.00,card,completed
ORD-101180,2026-02-26,Canada,Home,Desk Lamp,3,35.00,105.00,card,completed
ORD-101181,2026-02-26,United Kingdom,Apparel,Rain Jacket,1,120.00,120.00,paypal,completed
ORD-101182,2026-02-26,Germany,Apparel,Running Shoes,1,95.00,95.00,bnpl,completed
ORD-101183,2026-02-26,Spain,Apparel,Wool Sweater,1,70.00,70.00,apple_pay,completed
ORD-101184,2026-02-26,United States,Apparel,Wool Sweater,1,70.00,70.00,card,completed
ORD-101185,2026-02-27,United States,Home,Air Purifier,1,149.00,149.00,paypal,completed
ORD-101186,2026-02-27,United States,Home,Desk Lamp,1,35.00,35.00,card,completed
ORD-101187,2026-02-27,Germany,Home,Desk Lamp,1,35.00,35.00,card,completed
ORD-101188,2026-02-27,Poland,Beauty,Hair Dryer,1,89.00,89.00,bnpl,completed
ORD-101189,2026-02-27,Spain,Apparel,Rain Jacket,2,120.00,240.00,card,completed
ORD-101190,2026-02-27,Romania,Electronics,Wireless Earbuds,1,79.00,79.00,card,refunded
ORD-101191,2026-02-27,United States,Apparel,Running Shoes,1,95.00,95.00,card,completed
ORD-101192,2026-02-27,Germany,Electronics,Smart Watch,1,199.00,199.00,card,completed
ORD-101193,2026-02-27,United States,Electronics,Smart Watch,1,199.00,199.00,card,completed
ORD-101194,2026-02-28,Canada,Electronics,Bluetooth Speaker,1,59.00,59.00,card,completed
ORD-101195,2026-02-28,United States,Home,Desk Lamp,1,35.00,35.00,apple_pay,completed
ORD-101196,2026-02-28,Germany,Apparel,Wool Sweater,1,70.00,70.00,card,completed
ORD-101197,2026-02-28,Poland,Apparel,Running Shoes,2,95.00,190.00,card,completed
ORD-101198,2026-02-28,France,Home,Coffee Grinder,2,49.00,98.00,card,completed
ORD-101199,2026-02-28,France,Home,Desk Lamp,1,35.00,35.00,apple_pay,completed
ORD-101200,2026-03-01,France,Beauty,Hair Dryer,1,89.00,89.00,card,completed
ORD-101201,2026-03-01,United States,Apparel,Wool Sweater,1,70.00,70.00,bnpl,completed
ORD-101202,2026-03-01,Poland,Apparel,Running Shoes,1,95.00,95.00,bnpl,completed
ORD-101203,2026-03-01,United States,Beauty,Face Serum,2,32.00,64.00,apple_pay,completed
ORD-101204,2026-03-01,United States,Apparel,Rain Jacket,1,120.00,120.00,card,completed
ORD-101205,2026-03-01,United States,Home,Desk Lamp,1,35.00,35.00,card,completed
ORD-101206,2026-03-01,United States,Beauty,Face Serum,1,32.00,32.00,card,completed
ORD-101207,2026-03-01,United States,Beauty,Face Serum,1,32.00,32.00,bnpl,completed
ORD-101208,2026-03-02,United States,Home,Desk Lamp,1,35.00,35.00,apple_pay,completed
ORD-101209,2026-03-02,Spain,Beauty,Face Serum,1,32.00,32.00,paypal,completed
ORD-101210,2026-03-02,Germany,Beauty,Hair Dryer,2,89.00,178.00,card,completed
ORD-101211,2026-03-02,Germany,Electronics,Wireless Earbuds,1,79.00,79.00,card,completed
ORD-101212,2026-03-02,United States,Beauty,Face Serum,1,32.00,32.00,card,completed
ORD-101213,2026-03-02,United Kingdom,Home,Coffee Grinder,2,49.00,98.00,card,completed
ORD-101214,2026-03-02,United States,Apparel,Running Shoes,1,95.00,95.00,card,completed
ORD-101215,2026-03-02,Spain,Home,Coffee Grinder,2,49.00,98.00,bnpl,completed
ORD-101216,2026-03-02,France,Electronics,Wireless Earbuds,2,79.00,158.00,card,completed
ORD-101217,2026-03-03,United Kingdom,Home,Air Purifier,1,149.00,149.00,apple_pay,completed
ORD-101218,2026-03-03,United States,Apparel,Running Shoes,1,95.00,95.00,card,completed
ORD-101219,2026-03-03,United States,Apparel,Rain Jacket,2,120.00,240.00,card,completed
ORD-101220,2026-03-03,Poland,Beauty,Hair Dryer,1,89.00,89.00,bnpl,completed
ORD-101221,2026-03-03,United States,Apparel,Rain Jacket,1,120.00,120.00,card,completed
ORD-101222,2026-03-03,United States,Apparel,Wool Sweater,2,70.00,140.00,paypal,refunded
ORD-101223,2026-03-03,United States,Electronics,Bluetooth Speaker,1,59.00,59.00,card,completed
ORD-101224,2026-03-03,France,Electronics,Wireless Earbuds,2,79.00,158.00,apple_pay,completed
ORD-101225,2026-03-03,United States,Beauty,Hair Dryer,2,89.00,178.00,card,completed
ORD-101226,2026-03-04,Spain,Electronics,USB-C Hub,2,39.00,78.00,card,completed
ORD-101227,2026-03-04,United States,Home,Air Purifier,1,149.00,149.00,card,completed
ORD-101228,2026-03-04,United Kingdom,Apparel,Running Shoes,3,95.00,285.00,bnpl,refunded
ORD-101229,2026-03-04,Germany,Apparel,Wool Sweater,1,70.00,70.00,card,completed
ORD-101230,2026-03-04,United Kingdom,Beauty,Hair Dryer,1,89.00,89.00,card,completed
ORD-101231,2026-03-04,France,Apparel,Running Shoes,1,95.00,95.00,card,completed
ORD-101232,2026-03-04,United States,Apparel,Running Shoes,2,95.00,190.00,paypal,completed
ORD-101233,2026-03-04,Canada,Electronics,USB-C Hub,1,39.00,39.00,apple_pay,refunded
ORD-101234,2026-03-04,United Kingdom,Apparel,Wool Sweater,1,70.00,70.00,bnpl,completed
ORD-101235,2026-03-05,United States,Apparel,Rain Jacket,1,120.00,120.00,card,completed
ORD-101236,2026-03-05,Romania,Electronics,Bluetooth Speaker,1,59.00,59.00,card,completed
ORD-101237,2026-03-05,United Kingdom,Beauty,Face Serum,3,32.00,96.00,card,completed
ORD-101238,2026-03-05,Spain,Beauty,Face Serum,1,32.00,32.00,card,completed
ORD-101239,2026-03-05,United States,Home,Coffee Grinder,1,49.00,49.00,paypal,completed
ORD-101240,2026-03-05,United States,Electronics,Smart Watch,3,199.00,597.00,apple_pay,completed
ORD-101241,2026-03-05,Germany,Electronics,Wireless Earbuds,1,79.00,79.00,paypal,completed
ORD-101242,2026-03-06,Germany,Electronics,Wireless Earbuds,2,79.00,158.00,card,completed
ORD-101243,2026-03-06,Romania,Beauty,Face Serum,2,32.00,64.00,card,completed
ORD-101244,2026-03-06,France,Electronics,Wireless Earbuds,1,79.00,79.00,card,completed
ORD-101245,2026-03-06,United States,Beauty,Face Serum,2,32.00,64.00,paypal,completed
ORD-101246,2026-03-06,Germany,Home,Desk Lamp,2,35.00,70.00,paypal,completed
ORD-101247,2026-03-06,Spain,Beauty,Hair Dryer,1,89.00,89.00,card,completed
ORD-101248,2026-03-06,United States,Apparel,Wool Sweater,1,70.00,70.00,card,completed
ORD-101249,2026-03-06,France,Home,Desk Lamp,1,35.00,35.00,paypal,completed
ORD-101250,2026-03-06,United States,Electronics,Smart Watch,1,199.00,199.00,card,completed
ORD-101251,2026-03-07,United Kingdom,Beauty,Face Serum,1,32.00,32.00,card,completed
ORD-101252,2026-03-07,United Kingdom,Electronics,Smart Watch,1,199.00,199.00,card,completed
ORD-101253,2026-03-07,Canada,Home,Coffee Grinder,3,49.00,147.00,paypal,completed
ORD-101254,2026-03-07,United States,Electronics,Bluetooth Speaker,1,59.00,59.00,bnpl,completed
ORD-101255,2026-03-07,United Kingdom,Apparel,Rain Jacket,1,120.00,120.00,card,completed
ORD-101256,2026-03-07,Germany,Beauty,Face Serum,1,32.00,32.00,apple_pay,completed
ORD-101257,2026-03-08,United States,Apparel,Running Shoes,1,95.00,95.00,paypal,completed
ORD-101258,2026-03-08,Poland,Home,Desk Lamp,1,35.00,35.00,bnpl,completed
ORD-101259,2026-03-08,United States,Electronics,Wireless Earbuds,1,79.00,79.00,card,completed
ORD-101260,2026-03-08,Spain,Home,Coffee Grinder,1,49.00,49.00,card,completed
ORD-101261,2026-03-08,United States,Electronics,Smart Watch,1,199.00,199.00,card,completed
ORD-101262,2026-03-08,Spain,Electronics,Smart Watch,1,199.00,199.00,paypal,completed
ORD-101263,2026-03-08,Spain,Home,Coffee Grinder,1,49.00,49.00,card,completed
ORD-101264,2026-03-08,Germany,Beauty,Hair Dryer,2,89.00,178.00,card,completed
ORD-101265,2026-03-08,Spain,Beauty,Face Serum,1,32.00,32.00,paypal,completed
ORD-101266,2026-03-09,Spain,Electronics,Wireless Earbuds,1,79.00,79.00,card,completed
ORD-101267,2026-03-09,United States,Electronics,Smart Watch,1,199.00,199.00,paypal,completed
ORD-101268,2026-03-09,Canada,Beauty,Hair Dryer,1,89.00,89.00,card,completed
ORD-101269,2026-03-09,France,Electronics,Bluetooth Speaker,1,59.00,59.00,paypal,completed
ORD-101270,2026-03-09,Germany,Home,Desk Lamp,1,35.00,35.00,card,completed
ORD-101271,2026-03-09,Spain,Home,Air Purifier,1,149.00,149.00,bnpl,completed
ORD-101272,2026-03-09,United States,Electronics,Smart Watch,1,199.00,199.00,card,completed
ORD-101273,2026-03-10,Canada,Apparel,Rain Jacket,1,120.00,120.00,card,completed
ORD-101274,2026-03-10,United States,Apparel,Running Shoes,1,95.00,95.00,card,completed
ORD-101275,2026-03-10,United Kingdom,Home,Desk Lamp,1,35.00,35.00,card,completed
ORD-101276,2026-03-10,United States,Home,Desk Lamp,1,35.00,35.00,card,completed
ORD-101277,2026-03-10,Canada,Apparel,Wool Sweater,1,70.00,70.00,card,completed
ORD-101278,2026-03-10,United States,Home,Air Purifier,1,149.00,149.00,card,completed
ORD-101279,2026-03-10,United Kingdom,Beauty,Hair Dryer,1,89.00,89.00,paypal,completed
ORD-101280,2026-03-11,Romania,Beauty,Face Serum,1,32.00,32.00,card,completed
ORD-101281,2026-03-11,Spain,Beauty,Face Serum,1,32.00,32.00,card,completed
ORD-101282,2026-03-11,United States,Home,Coffee Grinder,1,49.00,49.00,card,completed
ORD-101283,2026-03-11,France,Apparel,Rain Jacket,1,120.00,120.00,card,completed
ORD-101284,2026-03-11,United Kingdom,Electronics,Bluetooth Speaker,1,59.00,59.00,card,completed
ORD-101285,2026-03-11,United Kingdom,Apparel,Running Shoes,1,95.00,95.00,paypal,completed
ORD-101286,2026-03-11,France,Home,Coffee Grinder,1,49.00,49.00,paypal,completed
ORD-101287,2026-03-11,Poland,Apparel,Rain Jacket,1,120.00,120.00,card,refunded
ORD-101288,2026-03-11,United States,Beauty,Hair Dryer,1,89.00,89.00,paypal,completed
ORD-101289,2026-03-12,Canada,Beauty,Face Serum,2,32.00,64.00,card,completed
ORD-101290,2026-03-12,Germany,Home,Desk Lamp,1,35.00,35.00,card,completed
ORD-101291,2026-03-12,France,Electronics,Bluetooth Speaker,1,59.00,59.00,card,completed
ORD-101292,2026-03-12,United Kingdom,Electronics,USB-C Hub,1,39.00,39.00,card,completed
ORD-101293,2026-03-12,Germany,Electronics,Bluetooth Speaker,1,59.00,59.00,bnpl,completed
ORD-101294,2026-03-12,United Kingdom,Apparel,Rain Jacket,3,120.00,360.00,apple_pay,completed
ORD-101295,2026-03-12,United States,Home,Air Purifier,1,149.00,149.00,card,completed
ORD-101296,2026-03-12,United Kingdom,Electronics,Bluetooth Speaker,1,59.00,59.00,card,completed
ORD-101297,2026-03-13,Canada,Apparel,Running Shoes,1,95.00,95.00,apple_pay,completed
ORD-101298,2026-03-13,Germany,Apparel,Wool Sweater,1,70.00,70.00,paypal,completed
ORD-101299,2026-03-13,United Kingdom,Beauty,Hair Dryer,1,89.00,89.00,apple_pay,completed
ORD-101300,2026-03-13,United Kingdom,Electronics,Bluetooth Speaker,1,59.00,59.00,apple_pay,completed
ORD-101301,2026-03-14,United States,Apparel,Running Shoes,1,95.00,95.00,apple_pay,completed
ORD-101302,2026-03-14,France,Home,Coffee Grinder,1,49.00,49.00,paypal,completed
ORD-101303,2026-03-14,Germany,Beauty,Face Serum,3,32.00,96.00,card,completed
ORD-101304,2026-03-14,Poland,Home,Desk Lamp,1,35.00,35.00,card,completed
ORD-101305,2026-03-14,United States,Apparel,Wool Sweater,1,70.00,70.00,card,completed
ORD-101306,2026-03-14,Canada,Home,Coffee Grinder,1,49.00,49.00,paypal,completed
ORD-101307,2026-03-14,France,Home,Desk Lamp,1,35.00,35.00,card,completed
ORD-101308,2026-03-14,Spain,Electronics,USB-C Hub,2,39.00,78.00,card,refunded
ORD-101309,2026-03-15,United States,Electronics,Bluetooth Speaker,1,59.00,59.00,paypal,refunded
ORD-101310,2026-03-15,United States,Home,Coffee Grinder,1,49.00,49.00,card,completed
ORD-101311,2026-03-15,United States,Apparel,Wool Sweater,2,70.00,140.00,paypal,completed
ORD-101312,2026-03-15,Canada,Home,Desk Lamp,1,35.00,35.00,card,completed
ORD-101313,2026-03-16,Poland,Beauty,Hair Dryer,2,89.00,178.00,card,refunded
ORD-101314,2026-03-16,United States,Electronics,Smart Watch,1,199.00,199.00,card,completed
ORD-101315,2026-03-16,United States,Beauty,Face Serum,1,32.00,32.00,card,completed
ORD-101316,2026-03-16,Poland,Home,Air Purifier,1,149.00,149.00,card,completed
ORD-101317,2026-03-16,Spain,Electronics,Smart Watch,1,199.00,199.00,card,refunded
ORD-101318,2026-03-16,France,Electronics,Smart Watch,1,199.00,199.00,card,completed
ORD-101319,2026-03-16,France,Home,Coffee Grinder,2,49.00,98.00,card,completed
ORD-101320,2026-03-17,Spain,Electronics,Smart Watch,1,199.00,199.00,card,completed
ORD-101321,2026-03-17,France,Home,Air Purifier,1,149.00,149.00,card,completed
ORD-101322,2026-03-17,Romania,Beauty,Hair Dryer,1,89.00,89.00,card,completed
ORD-101323,2026-03-17,Germany,Apparel,Wool Sweater,1,70.00,70.00,card,completed
ORD-101324,2026-03-17,United States,Apparel,Running Shoes,1,95.00,95.00,paypal,completed
ORD-101325,2026-03-17,France,Electronics,USB-C Hub,1,39.00,39.00,card,completed
ORD-101326,2026-03-17,France,Electronics,Bluetooth Speaker,1,59.00,59.00,card,completed
ORD-101327,2026-03-18,Poland,Electronics,Bluetooth Speaker,1,59.00,59.00,card,refunded
ORD-101328,2026-03-18,Canada,Home,Coffee Grinder,1,49.00,49.00,card,completed
ORD-101329,2026-03-18,Spain,Beauty,Face Serum,1,32.00,32.00,card,completed
ORD-101330,2026-03-18,Germany,Electronics,Bluetooth Speaker,1,59.00,59.00,card,completed
ORD-101331,2026-03-18,United States,Electronics,Wireless Earbuds,1,79.00,79.00,card,completed
ORD-101332,2026-03-18,United States,Apparel,Rain Jacket,1,120.00,120.00,card,completed
ORD-101333,2026-03-18,United States,Electronics,Smart Watch,1,199.00,199.00,card,completed
ORD-101334,2026-03-18,United States,Beauty,Hair Dryer,1,89.00,89.00,bnpl,completed
ORD-101335,2026-03-18,United States,Home,Air Purifier,1,149.00,149.00,card,completed
ORD-101336,2026-03-19,United States,Home,Coffee Grinder,1,49.00,49.00,bnpl,completed
ORD-101337,2026-03-19,United States,Apparel,Rain Jacket,1,120.00,120.00,card,completed
ORD-101338,2026-03-19,Germany,Home,Desk Lamp,1,35.00,35.00,card,completed
ORD-101339,2026-03-19,United States,Electronics,USB-C Hub,1,39.00,39.00,bnpl,completed
ORD-101340,2026-03-19,Spain,Home,Desk Lamp,1,35.00,35.00,bnpl,refunded
ORD-101341,2026-03-19,Canada,Beauty,Face Serum,1,32.00,32.00,card,completed
ORD-101342,2026-03-19,United Kingdom,Home,Air Purifier,1,149.00,149.00,paypal,completed
ORD-101343,2026-03-20,Romania,Apparel,Rain Jacket,1,120.00,120.00,card,refunded
ORD-101344,2026-03-20,Poland,Apparel,Wool Sweater,1,70.00,70.00,paypal,completed
ORD-101345,2026-03-20,France,Beauty,Face Serum,1,32.00,32.00,paypal,completed
ORD-101346,2026-03-20,Canada,Electronics,Wireless Earbuds,1,79.00,79.00,apple_pay,completed
ORD-101347,2026-03-20,France,Beauty,Face Serum,2,32.00,64.00,card,completed
ORD-101348,2026-03-20,Romania,Apparel,Wool Sweater,1,70.00,70.00,card,completed
ORD-101349,2026-03-21,Poland,Beauty,Face Serum,1,32.00,32.00,card,completed
ORD-101350,2026-03-21,Poland,Home,Coffee Grinder,2,49.00,98.00,card,completed
ORD-101351,2026-03-21,Spain,Beauty,Face Serum,1,32.00,32.00,paypal,completed
ORD-101352,2026-03-21,United Kingdom,Home,Desk Lamp,1,35.00,35.00,card,completed
ORD-101353,2026-03-21,United States,Electronics,Wireless Earbuds,1,79.00,79.00,apple_pay,completed
ORD-101354,2026-03-21,United States,Electronics,Smart Watch,1,199.00,199.00,apple_pay,completed
ORD-101355,2026-03-21,France,Apparel,Wool Sweater,1,70.00,70.00,card,completed
ORD-101356,2026-03-22,United States,Electronics,Smart Watch,1,199.00,199.00,paypal,completed
ORD-101357,2026-03-22,United States,Beauty,Face Serum,1,32.00,32.00,paypal,completed
ORD-101358,2026-03-22,United States,Beauty,Hair Dryer,1,89.00,89.00,bnpl,completed
ORD-101359,2026-03-22,Spain,Home,Desk Lamp,1,35.00,35.00,card,completed
ORD-101360,2026-03-22,United Kingdom,Home,Coffee Grinder,2,49.00,98.00,paypal,completed
ORD-101361,2026-03-22,United States,Home,Desk Lamp,2,35.00,70.00,card,completed
ORD-101362,2026-03-23,Romania,Beauty,Face Serum,1,32.00,32.00,card,completed
ORD-101363,2026-03-23,Spain,Beauty,Face Serum,1,32.00,32.00,paypal,completed
ORD-101364,2026-03-23,Germany,Home,Coffee Grinder,1,49.00,49.00,paypal,completed
ORD-101365,2026-03-23,United Kingdom,Apparel,Running Shoes,3,95.00,285.00,paypal,completed
ORD-101366,2026-03-23,United States,Home,Air Purifier,1,149.00,149.00,card,completed
ORD-101367,2026-03-23,Spain,Beauty,Face Serum,1,32.00,32.00,card,completed
ORD-101368,2026-03-23,United States,Apparel,Wool Sweater,1,70.00,70.00,paypal,refunded
ORD-101369,2026-03-24,Poland,Home,Air Purifier,3,149.00,447.00,bnpl,completed
ORD-101370,2026-03-24,Canada,Beauty,Hair Dryer,1,89.00,89.00,card,completed
ORD-101371,2026-03-24,Poland,Apparel,Running Shoes,1,95.00,95.00,bnpl,refunded
ORD-101372,2026-03-24,Spain,Home,Desk Lamp,1,35.00,35.00,card,completed
ORD-101373,2026-03-24,Germany,Beauty,Face Serum,1,32.00,32.00,bnpl,completed
ORD-101374,2026-03-24,Germany,Beauty,Hair Dryer,2,89.00,178.00,bnpl,completed
ORD-101375,2026-03-24,France,Apparel,Rain Jacket,2,120.00,240.00,paypal,completed
ORD-101376,2026-03-25,France,Apparel,Rain Jacket,2,120.00,240.00,card,completed
ORD-101377,2026-03-25,United States,Electronics,Smart Watch,1,199.00,199.00,card,completed
ORD-101378,2026-03-25,Canada,Beauty,Face Serum,1,32.00,32.00,card,completed
ORD-101379,2026-03-25,United Kingdom,Home,Desk Lamp,1,35.00,35.00,bnpl,completed
ORD-101380,2026-03-25,France,Apparel,Running Shoes,1,95.00,95.00,card,completed
ORD-101381,2026-03-25,United States,Beauty,Face Serum,1,32.00,32.00,card,completed
ORD-101382,2026-03-25,United States,Apparel,Wool Sweater,1,70.00,70.00,card,completed
ORD-101383,2026-03-25,Romania,Home,Air Purifier,1,149.00,149.00,paypal,completed
ORD-101384,2026-03-25,United States,Beauty,Face Serum,3,32.00,96.00,card,completed
ORD-101385,2026-03-26,Canada,Beauty,Face Serum,1,32.00,32.00,card,completed
ORD-101386,2026-03-26,United States,Home,Desk Lamp,1,35.00,35.00,apple_pay,completed
ORD-101387,2026-03-26,United States,Electronics,Bluetooth Speaker,1,59.00,59.00,paypal,completed
ORD-101388,2026-03-26,Poland,Home,Air Purifier,1,149.00,149.00,card,completed
ORD-101389,2026-03-26,Romania,Apparel,Running Shoes,1,95.00,95.00,paypal,completed
ORD-101390,2026-03-27,Canada,Apparel,Rain Jacket,1,120.00,120.00,card,completed
ORD-101391,2026-03-27,Germany,Beauty,Face Serum,1,32.00,32.00,paypal,completed
ORD-101392,2026-03-27,United States,Apparel,Wool Sweater,1,70.00,70.00,paypal,completed
ORD-101393,2026-03-27,United Kingdom,Beauty,Face Serum,2,32.00,64.00,card,completed
ORD-101394,2026-03-28,Spain,Electronics,USB-C Hub,1,39.00,39.00,bnpl,completed
ORD-101395,2026-03-28,United Kingdom,Electronics,Smart Watch,1,199.00,199.00,card,completed
ORD-101396,2026-03-28,United States,Apparel,Wool Sweater,3,70.00,210.00,paypal,completed
ORD-101397,2026-03-28,Germany,Beauty,Hair Dryer,1,89.00,89.00,paypal,completed
ORD-101398,2026-03-28,United States,Electronics,Bluetooth Speaker,1,59.00,59.00,apple_pay,completed
ORD-101399,2026-03-29,Germany,Apparel,Rain Jacket,1,120.00,120.00,card,completed
ORD-101400,2026-03-29,United Kingdom,Beauty,Hair Dryer,1,89.00,89.00,card,completed
ORD-101401,2026-03-29,Romania,Beauty,Face Serum,1,32.00,32.00,paypal,completed
ORD-101402,2026-03-29,Poland,Beauty,Hair Dryer,1,89.00,89.00,apple_pay,completed
ORD-101403,2026-03-29,Poland,Apparel,Running Shoes,3,95.00,285.00,apple_pay,completed
ORD-101404,2026-03-29,France,Electronics,Bluetooth Speaker,2,59.00,118.00,card,completed
ORD-101405,2026-03-29,United States,Electronics,USB-C Hub,2,39.00,78.00,card,completed
ORD-101406,2026-03-29,Germany,Home,Air Purifier,1,149.00,149.00,bnpl,completed
ORD-101407,2026-03-30,United Kingdom,Beauty,Hair Dryer,1,89.00,89.00,card,completed
ORD-101408,2026-03-30,Romania,Apparel,Rain Jacket,1,120.00,120.00,card,completed
ORD-101409,2026-03-30,France,Electronics,Wireless Earbuds,1,79.00,79.00,card,completed
ORD-101410,2026-03-30,Spain,Apparel,Running Shoes,1,95.00,95.00,card,completed
ORD-101411,2026-03-30,United Kingdom,Apparel,Rain Jacket,1,120.00,120.00,apple_pay,completed
ORD-101412,2026-03-31,Spain,Apparel,Wool Sweater,1,70.00,70.00,card,completed
ORD-101413,2026-03-31,United States,Apparel,Wool Sweater,1,70.00,70.00,card,completed
ORD-101414,2026-03-31,Canada,Apparel,Rain Jacket,2,120.00,240.00,card,completed
ORD-101415,2026-03-31,United Kingdom,Beauty,Face Serum,1,32.00,32.00,card,completed
ORD-101416,2026-04-01,United Kingdom,Home,Coffee Grinder,1,49.00,49.00,card,completed
ORD-101417,2026-04-01,Canada,Electronics,Wireless Earbuds,1,79.00,79.00,bnpl,completed
ORD-101418,2026-04-01,Spain,Beauty,Face Serum,1,32.00,32.00,paypal,completed
ORD-101419,2026-04-01,Canada,Home,Air Purifier,1,149.00,149.00,card,completed
ORD-101420,2026-04-01,United States,Electronics,Wireless Earbuds,1,79.00,79.00,bnpl,completed
ORD-101421,2026-04-01,United Kingdom,Apparel,Wool Sweater,1,70.00,70.00,apple_pay,completed
ORD-101422,2026-04-01,France,Home,Air Purifier,1,149.00,149.00,card,completed
ORD-101423,2026-04-01,United Kingdom,Apparel,Running Shoes,2,95.00,190.00,paypal,completed
ORD-101424,2026-04-02,France,Home,Desk Lamp,1,35.00,35.00,bnpl,completed
ORD-101425,2026-04-02,Germany,Home,Desk Lamp,1,35.00,35.00,paypal,completed
ORD-101426,2026-04-02,United States,Apparel,Running Shoes,2,95.00,190.00,card,completed
ORD-101427,2026-04-02,United States,Electronics,Smart Watch,2,199.00,398.00,card,completed
ORD-101428,2026-04-02,Poland,Apparel,Rain Jacket,2,120.00,240.00,card,completed
ORD-101429,2026-04-03,Germany,Apparel,Rain Jacket,1,120.00,120.00,paypal,completed
ORD-101430,2026-04-03,Germany,Electronics,Wireless Earbuds,1,79.00,79.00,apple_pay,completed
ORD-101431,2026-04-03,Romania,Apparel,Wool Sweater,1,70.00,70.00,bnpl,completed
ORD-101432,2026-04-03,Spain,Beauty,Face Serum,1,32.00,32.00,bnpl,completed
ORD-101433,2026-04-03,Canada,Apparel,Running Shoes,1,95.00,95.00,card,completed
ORD-101434,2026-04-03,United Kingdom,Electronics,Bluetooth Speaker,1,59.00,59.00,card,completed
ORD-101435,2026-04-03,Spain,Electronics,Wireless Earbuds,1,79.00,79.00,card,completed
ORD-101436,2026-04-03,United States,Apparel,Rain Jacket,1,120.00,120.00,card,completed
ORD-101437,2026-04-03,France,Beauty,Face Serum,2,32.00,64.00,apple_pay,completed
ORD-101438,2026-04-04,United Kingdom,Apparel,Rain Jacket,1,120.00,120.00,card,completed
ORD-101439,2026-04-04,Romania,Home,Coffee Grinder,1,49.00,49.00,card,completed
ORD-101440,2026-04-04,Germany,Electronics,Wireless Earbuds,2,79.00,158.00,card,completed
ORD-101441,2026-04-04,United States,Home,Desk Lamp,1,35.00,35.00,card,completed
ORD-101442,2026-04-05,United States,Home,Desk Lamp,1,35.00,35.00,card,completed
ORD-101443,2026-04-05,United Kingdom,Beauty,Face Serum,1,32.00,32.00,card,completed
ORD-101444,2026-04-05,United Kingdom,Home,Coffee Grinder,1,49.00,49.00,card,completed
ORD-101445,2026-04-05,France,Home,Desk Lamp,1,35.00,35.00,card,completed
ORD-101446,2026-04-05,United States,Beauty,Hair Dryer,1,89.00,89.00,bnpl,completed
ORD-101447,2026-04-05,United Kingdom,Electronics,Wireless Earbuds,1,79.00,79.00,card,completed
ORD-101448,2026-04-06,Poland,Electronics,USB-C Hub,1,39.00,39.00,card,refunded
ORD-101449,2026-04-06,Germany,Home,Coffee Grinder,1,49.00,49.00,card,completed
ORD-101450,2026-04-06,Germany,Electronics,Wireless Earbuds,2,79.00,158.00,bnpl,completed
ORD-101451,2026-04-06,Canada,Electronics,Wireless Earbuds,1,79.00,79.00,card,completed
ORD-101452,2026-04-07,France,Electronics,Wireless Earbuds,1,79.00,79.00,card,completed
ORD-101453,2026-04-07,Spain,Home,Air Purifier,1,149.00,149.00,apple_pay,completed
ORD-101454,2026-04-07,Germany,Apparel,Running Shoes,1,95.00,95.00,card,completed
ORD-101455,2026-04-07,United Kingdom,Electronics,Wireless Earbuds,1,79.00,79.00,card,completed
ORD-101456,2026-04-07,United Kingdom,Home,Coffee Grinder,1,49.00,49.00,card,completed
ORD-101457,2026-04-07,United Kingdom,Home,Desk Lamp,2,35.00,70.00,card,completed
ORD-101458,2026-04-07,Spain,Home,Desk Lamp,1,35.00,35.00,paypal,completed
ORD-101459,2026-04-07,Poland,Electronics,USB-C Hub,1,39.00,39.00,card,completed
ORD-101460,2026-04-08,France,Electronics,USB-C Hub,1,39.00,39.00,card,completed
ORD-101461,2026-04-08,United States,Apparel,Running Shoes,1,95.00,95.00,bnpl,completed
ORD-101462,2026-04-08,Poland,Electronics,Bluetooth Speaker,2,59.00,118.00,card,completed
ORD-101463,2026-04-08,United Kingdom,Apparel,Running Shoes,1,95.00,95.00,card,completed
ORD-101464,2026-04-08,United Kingdom,Apparel,Wool Sweater,3,70.00,210.00,apple_pay,completed
ORD-101465,2026-04-08,Romania,Beauty,Face Serum,1,32.00,32.00,card,completed
ORD-101466,2026-04-08,Poland,Electronics,USB-C Hub,1,39.00,39.00,card,completed
ORD-101467,2026-04-08,Germany,Beauty,Face Serum,1,32.00,32.00,card,completed
ORD-101468,2026-04-09,Spain,Electronics,Bluetooth Speaker,1,59.00,59.00,card,completed
ORD-101469,2026-04-09,United States,Electronics,Smart Watch,1,199.00,199.00,card,completed
ORD-101470,2026-04-09,Germany,Apparel,Wool Sweater,1,70.00,70.00,card,completed
ORD-101471,2026-04-09,Romania,Apparel,Running Shoes,1,95.00,95.00,card,completed
ORD-101472,2026-04-09,France,Beauty,Hair Dryer,2,89.00,178.00,card,completed
ORD-101473,2026-04-09,France,Electronics,Smart Watch,1,199.00,199.00,card,completed
ORD-101474,2026-04-09,France,Home,Coffee Grinder,2,49.00,98.00,apple_pay,completed
ORD-101475,2026-04-09,United States,Beauty,Hair Dryer,1,89.00,89.00,card,completed
ORD-101476,2026-04-10,United States,Beauty,Face Serum,1,32.00,32.00,card,completed
ORD-101477,2026-04-10,Canada,Beauty,Face Serum,1,32.00,32.00,paypal,completed
ORD-101478,2026-04-10,United States,Apparel,Wool Sweater,1,70.00,70.00,apple_pay,completed
ORD-101479,2026-04-10,United States,Apparel,Rain Jacket,1,120.00,120.00,card,completed
ORD-101480,2026-04-10,United Kingdom,Beauty,Face Serum,1,32.00,32.00,card,completed
ORD-101481,2026-04-10,United States,Apparel,Wool Sweater,1,70.00,70.00,card,completed
ORD-101482,2026-04-11,Poland,Apparel,Running Shoes,1,95.00,95.00,card,completed
ORD-101483,2026-04-11,Canada,Beauty,Face Serum,1,32.00,32.00,card,completed
ORD-101484,2026-04-11,United States,Electronics,Bluetooth Speaker,1,59.00,59.00,apple_pay,completed
ORD-101485,2026-04-11,France,Electronics,Smart Watch,1,199.00,199.00,card,completed
ORD-101486,2026-04-11,France,Beauty,Face Serum,3,32.00,96.00,card,completed
ORD-101487,2026-04-12,Canada,Electronics,Smart Watch,1,199.00,199.00,card,completed
ORD-101488,2026-04-12,United States,Home,Coffee Grinder,1,49.00,49.00,card,completed
ORD-101489,2026-04-12,Germany,Electronics,Wireless Earbuds,1,79.00,79.00,card,completed
ORD-101490,2026-04-12,Canada,Electronics,Smart Watch,1,199.00,199.00,card,completed
ORD-101491,2026-04-12,France,Electronics,Bluetooth Speaker,1,59.00,59.00,paypal,completed
ORD-101492,2026-04-12,Germany,Beauty,Face Serum,1,32.00,32.00,bnpl,completed
ORD-101493,2026-04-13,United Kingdom,Home,Coffee Grinder,2,49.00,98.00,paypal,completed
ORD-101494,2026-04-13,Germany,Apparel,Wool Sweater,1,70.00,70.00,apple_pay,completed
ORD-101495,2026-04-13,France,Home,Coffee Grinder,1,49.00,49.00,card,completed
ORD-101496,2026-04-13,United States,Beauty,Face Serum,1,32.00,32.00,apple_pay,completed
ORD-101497,2026-04-13,Poland,Electronics,Smart Watch,1,199.00,199.00,paypal,completed
ORD-101498,2026-04-13,Germany,Electronics,Bluetooth Speaker,3,59.00,177.00,card,completed
ORD-101499,2026-04-13,Spain,Electronics,Bluetooth Speaker,1,59.00,59.00,card,completed
ORD-101500,2026-04-13,Spain,Apparel,Wool Sweater,1,70.00,70.00,apple_pay,completed
ORD-101501,2026-04-14,United Kingdom,Apparel,Wool Sweater,1,70.00,70.00,card,completed
ORD-101502,2026-04-14,United Kingdom,Apparel,Rain Jacket,1,120.00,120.00,paypal,completed
ORD-101503,2026-04-14,United States,Electronics,USB-C Hub,1,39.00,39.00,bnpl,refunded
ORD-101504,2026-04-14,Germany,Beauty,Face Serum,1,32.00,32.00,card,completed
ORD-101505,2026-04-14,Canada,Beauty,Hair Dryer,1,89.00,89.00,apple_pay,completed
ORD-101506,2026-04-15,United States,Beauty,Face Serum,1,32.00,32.00,card,completed
ORD-101507,2026-04-15,United States,Apparel,Wool Sweater,3,70.00,210.00,card,completed
ORD-101508,2026-04-15,France,Electronics,Smart Watch,1,199.00,199.00,card,completed
ORD-101509,2026-04-15,United States,Apparel,Rain Jacket,1,120.00,120.00,card,completed
ORD-101510,2026-04-15,Poland,Apparel,Rain Jacket,1,120.00,120.00,paypal,completed
ORD-101511,2026-04-15,France,Electronics,Wireless Earbuds,1,79.00,79.00,apple_pay,refunded
ORD-101512,2026-04-15,Poland,Apparel,Running Shoes,1,95.00,95.00,card,completed
ORD-101513,2026-04-16,Germany,Beauty,Hair Dryer,1,89.00,89.00,card,completed
ORD-101514,2026-04-16,Spain,Apparel,Running Shoes,1,95.00,95.00,card,completed
ORD-101515,2026-04-16,United Kingdom,Beauty,Face Serum,2,32.00,64.00,card,completed
ORD-101516,2026-04-16,France,Beauty,Face Serum,1,32.00,32.00,card,completed
ORD-101517,2026-04-16,United States,Electronics,USB-C Hub,1,39.00,39.00,apple_pay,refunded
ORD-101518,2026-04-16,United States,Apparel,Running Shoes,1,95.00,95.00,card,completed
ORD-101519,2026-04-16,United States,Electronics,Wireless Earbuds,1,79.00,79.00,card,completed
ORD-101520,2026-04-17,Germany,Beauty,Face Serum,1,32.00,32.00,card,completed
ORD-101521,2026-04-17,Spain,Beauty,Hair Dryer,1,89.00,89.00,card,completed
ORD-101522,2026-04-17,United Kingdom,Electronics,Wireless Earbuds,1,79.00,79.00,apple_pay,completed
ORD-101523,2026-04-17,Germany,Beauty,Face Serum,1,32.00,32.00,card,completed
ORD-101524,2026-04-18,United States,Electronics,Bluetooth Speaker,1,59.00,59.00,paypal,completed
ORD-101525,2026-04-18,United States,Electronics,Smart Watch,1,199.00,199.00,card,completed
ORD-101526,2026-04-18,Germany,Apparel,Wool Sweater,1,70.00,70.00,paypal,completed
ORD-101527,2026-04-18,United States,Home,Air Purifier,2,149.00,298.00,card,completed
ORD-101528,2026-04-19,United Kingdom,Electronics,Wireless Earbuds,3,79.00,237.00,card,completed
ORD-101529,2026-04-19,United States,Electronics,USB-C Hub,1,39.00,39.00,bnpl,completed
ORD-101530,2026-04-19,United States,Electronics,USB-C Hub,1,39.00,39.00,card,completed
ORD-101531,2026-04-19,Germany,Home,Coffee Grinder,1,49.00,49.00,paypal,completed
ORD-101532,2026-04-19,Germany,Home,Desk Lamp,1,35.00,35.00,card,completed
ORD-101533,2026-04-19,Germany,Electronics,USB-C Hub,1,39.00,39.00,apple_pay,completed
ORD-101534,2026-04-19,United States,Home,Air Purifier,3,149.00,447.00,card,completed
ORD-101535,2026-04-19,Germany,Home,Air Purifier,1,149.00,149.00,bnpl,refunded
ORD-101536,2026-04-19,Poland,Apparel,Wool Sweater,1,70.00,70.00,apple_pay,completed
ORD-101537,2026-04-20,Germany,Beauty,Face Serum,1,32.00,32.00,card,completed
ORD-101538,2026-04-20,Germany,Apparel,Rain Jacket,1,120.00,120.00,card,completed
ORD-101539,2026-04-20,Spain,Home,Desk Lamp,1,35.00,35.00,card,completed
ORD-101540,2026-04-20,Spain,Home,Air Purifier,1,149.00,149.00,card,completed
ORD-101541,2026-04-20,Germany,Beauty,Face Serum,1,32.00,32.00,card,refunded
ORD-101542,2026-04-21,Poland,Electronics,USB-C Hub,1,39.00,39.00,bnpl,completed
ORD-101543,2026-04-21,United States,Electronics,Bluetooth Speaker,1,59.00,59.00,paypal,completed
ORD-101544,2026-04-21,United States,Home,Desk Lamp,2,35.00,70.00,card,completed
ORD-101545,2026-04-21,United States,Beauty,Face Serum,2,32.00,64.00,card,completed
ORD-101546,2026-04-21,United Kingdom,Beauty,Face Serum,1,32.00,32.00,bnpl,completed
ORD-101547,2026-04-21,Germany,Beauty,Hair Dryer,1,89.00,89.00,paypal,completed
ORD-101548,2026-04-21,United States,Beauty,Face Serum,1,32.00,32.00,paypal,completed
ORD-101549,2026-04-21,United Kingdom,Beauty,Hair Dryer,1,89.00,89.00,apple_pay,completed
ORD-101550,2026-04-22,Canada,Electronics,Bluetooth Speaker,1,59.00,59.00,paypal,completed
ORD-101551,2026-04-22,Spain,Beauty,Hair Dryer,1,89.00,89.00,card,refunded
ORD-101552,2026-04-22,Poland,Electronics,Smart Watch,1,199.00,199.00,card,completed
ORD-101553,2026-04-22,United States,Apparel,Running Shoes,1,95.00,95.00,card,completed
ORD-101554,2026-04-22,United Kingdom,Beauty,Face Serum,1,32.00,32.00,paypal,completed
ORD-101555,2026-04-22,United Kingdom,Home,Air Purifier,1,149.00,149.00,bnpl,completed
ORD-101556,2026-04-22,Spain,Home,Desk Lamp,1,35.00,35.00,card,completed
ORD-101557,2026-04-23,United States,Apparel,Wool Sweater,1,70.00,70.00,card,completed
ORD-101558,2026-04-23,Spain,Beauty,Face Serum,2,32.00,64.00,card,completed
ORD-101559,2026-04-23,France,Home,Desk Lamp,1,35.00,35.00,paypal,completed
ORD-101560,2026-04-23,France,Apparel,Running Shoes,1,95.00,95.00,apple_pay,completed
ORD-101561,2026-04-23,Poland,Apparel,Running Shoes,1,95.00,95.00,card,completed
ORD-101562,2026-04-23,Spain,Beauty,Hair Dryer,2,89.00,178.00,paypal,completed
ORD-101563,2026-04-23,United Kingdom,Beauty,Face Serum,1,32.00,32.00,card,completed
ORD-101564,2026-04-24,Canada,Beauty,Hair Dryer,1,89.00,89.00,card,completed
ORD-101565,2026-04-24,United States,Electronics,USB-C Hub,2,39.00,78.00,card,completed
ORD-101566,2026-04-24,United Kingdom,Electronics,Bluetooth Speaker,1,59.00,59.00,bnpl,completed
ORD-101567,2026-04-24,France,Beauty,Hair Dryer,1,89.00,89.00,paypal,completed
ORD-101568,2026-04-24,United States,Beauty,Face Serum,1,32.00,32.00,card,completed
ORD-101569,2026-04-24,Germany,Apparel,Rain Jacket,2,120.00,240.00,paypal,completed
ORD-101570,2026-04-25,United States,Home,Coffee Grinder,1,49.00,49.00,card,completed
ORD-101571,2026-04-25,France,Electronics,Wireless Earbuds,1,79.00,79.00,card,completed
ORD-101572,2026-04-25,Spain,Apparel,Rain Jacket,1,120.00,120.00,paypal,completed
ORD-101573,2026-04-25,United States,Beauty,Hair Dryer,1,89.00,89.00,paypal,completed
ORD-101574,2026-04-25,Spain,Apparel,Wool Sweater,3,70.00,210.00,apple_pay,completed
ORD-101575,2026-04-25,Spain,Electronics,Smart Watch,1,199.00,199.00,apple_pay,completed
ORD-101576,2026-04-25,Germany,Home,Coffee Grinder,1,49.00,49.00,card,refunded
ORD-101577,2026-04-25,United States,Beauty,Face Serum,1,32.00,32.00,card,completed
ORD-101578,2026-04-26,Canada,Beauty,Face Serum,1,32.00,32.00,apple_pay,completed
ORD-101579,2026-04-26,France,Beauty,Face Serum,3,32.00,96.00,bnpl,completed
ORD-101580,2026-04-26,France,Apparel,Running Shoes,1,95.00,95.00,card,completed
ORD-101581,2026-04-26,France,Apparel,Wool Sweater,1,70.00,70.00,card,completed
ORD-101582,2026-04-26,United States,Electronics,USB-C Hub,1,39.00,39.00,card,completed
ORD-101583,2026-04-26,United States,Home,Coffee Grinder,3,49.00,147.00,card,completed
ORD-101584,2026-04-26,United States,Apparel,Rain Jacket,1,120.00,120.00,bnpl,completed
ORD-101585,2026-04-26,United States,Electronics,USB-C Hub,3,39.00,117.00,card,completed
ORD-101586,2026-04-26,France,Electronics,Smart Watch,3,199.00,597.00,card,completed
ORD-101587,2026-04-27,France,Home,Desk Lamp,1,35.00,35.00,paypal,completed
ORD-101588,2026-04-27,Germany,Home,Air Purifier,2,149.00,298.00,card,completed
ORD-101589,2026-04-27,Spain,Home,Desk Lamp,1,35.00,35.00,apple_pay,completed
ORD-101590,2026-04-27,Spain,Home,Coffee Grinder,1,49.00,49.00,apple_pay,completed
ORD-101591,2026-04-27,United States,Electronics,Smart Watch,1,199.00,199.00,card,completed
ORD-101592,2026-04-27,United States,Home,Coffee Grinder,1,49.00,49.00,card,completed
ORD-101593,2026-04-27,United Kingdom,Electronics,Wireless Earbuds,1,79.00,79.00,paypal,completed
ORD-101594,2026-04-28,Germany,Apparel,Wool Sweater,1,70.00,70.00,apple_pay,completed
ORD-101595,2026-04-28,Poland,Home,Desk Lamp,1,35.00,35.00,card,completed
ORD-101596,2026-04-28,United States,Home,Coffee Grinder,1,49.00,49.00,card,completed
ORD-101597,2026-04-28,United Kingdom,Apparel,Rain Jacket,1,120.00,120.00,paypal,completed
ORD-101598,2026-04-29,Spain,Home,Desk Lamp,1,35.00,35.00,card,completed
ORD-101599,2026-04-29,United Kingdom,Electronics,Bluetooth Speaker,1,59.00,59.00,apple_pay,completed
ORD-101600,2026-04-29,United States,Beauty,Hair Dryer,1,89.00,89.00,paypal,completed
ORD-101601,2026-04-29,United States,Home,Desk Lamp,1,35.00,35.00,paypal,completed
ORD-101602,2026-04-30,Spain,Electronics,Smart Watch,1,199.00,199.00,card,completed
ORD-101603,2026-04-30,United Kingdom,Apparel,Rain Jacket,1,120.00,120.00,card,completed
ORD-101604,2026-04-30,Poland,Beauty,Face Serum,2,32.00,64.00,apple_pay,completed
ORD-101605,2026-04-30,Poland,Electronics,USB-C Hub,1,39.00,39.00,card,completed
ORD-101606,2026-04-30,Poland,Home,Coffee Grinder,2,49.00,98.00,card,completed
ORD-101607,2026-04-30,United Kingdom,Electronics,Bluetooth Speaker,1,59.00,59.00,paypal,completed
ORD-101608,2026-05-01,Germany,Apparel,Rain Jacket,1,120.00,120.00,paypal,completed
ORD-101609,2026-05-01,United States,Home,Coffee Grinder,1,49.00,49.00,apple_pay,completed
ORD-101610,2026-05-01,France,Beauty,Face Serum,1,32.00,32.00,card,completed
ORD-101611,2026-05-01,France,Home,Desk Lamp,1,35.00,35.00,card,completed
ORD-101612,2026-05-01,France,Apparel,Rain Jacket,1,120.00,120.00,card,completed
ORD-101613,2026-05-02,Canada,Electronics,Smart Watch,1,199.00,199.00,card,completed
ORD-101614,2026-05-02,Canada,Apparel,Rain Jacket,1,120.00,120.00,card,completed
ORD-101615,2026-05-02,United Kingdom,Beauty,Face Serum,1,32.00,32.00,apple_pay,completed
ORD-101616,2026-05-02,United States,Beauty,Face Serum,1,32.00,32.00,card,completed
ORD-101617,2026-05-02,United Kingdom,Electronics,Wireless Earbuds,1,79.00,79.00,card,completed
ORD-101618,2026-05-03,Germany,Electronics,USB-C Hub,1,39.00,39.00,card,completed
ORD-101619,2026-05-03,Spain,Electronics,Smart Watch,1,199.00,199.00,card,completed
ORD-101620,2026-05-03,Germany,Home,Air Purifier,1,149.00,149.00,card,completed
ORD-101621,2026-05-03,United States,Beauty,Hair Dryer,1,89.00,89.00,card,completed
ORD-101622,2026-05-03,Canada,Apparel,Rain Jacket,1,120.00,120.00,card,completed
ORD-101623,2026-05-03,Canada,Home,Coffee Grinder,1,49.00,49.00,card,completed
ORD-101624,2026-05-03,Romania,Home,Coffee Grinder,1,49.00,49.00,card,completed
ORD-101625,2026-05-04,Romania,Beauty,Face Serum,1,32.00,32.00,paypal,completed
ORD-101626,2026-05-04,United Kingdom,Home,Coffee Grinder,1,49.00,49.00,card,refunded
ORD-101627,2026-05-04,Spain,Beauty,Face Serum,1,32.00,32.00,apple_pay,completed
ORD-101628,2026-05-04,Spain,Apparel,Rain Jacket,2,120.00,240.00,card,completed
ORD-101629,2026-05-04,United States,Apparel,Rain Jacket,2,120.00,240.00,card,completed
ORD-101630,2026-05-04,United States,Electronics,USB-C Hub,2,39.00,78.00,card,completed
ORD-101631,2026-05-04,United Kingdom,Apparel,Wool Sweater,1,70.00,70.00,card,refunded
ORD-101632,2026-05-05,United Kingdom,Home,Air Purifier,1,149.00,149.00,apple_pay,completed
ORD-101633,2026-05-05,France,Electronics,Wireless Earbuds,1,79.00,79.00,card,completed
ORD-101634,2026-05-05,Spain,Home,Coffee Grinder,1,49.00,49.00,paypal,completed
ORD-101635,2026-05-05,United Kingdom,Apparel,Running Shoes,2,95.00,190.00,card,completed
ORD-101636,2026-05-05,United States,Apparel,Wool Sweater,2,70.00,140.00,card,completed
ORD-101637,2026-05-05,Germany,Home,Air Purifier,1,149.00,149.00,card,completed
ORD-101638,2026-05-06,United Kingdom,Electronics,USB-C Hub,2,39.00,78.00,card,completed
ORD-101639,2026-05-06,Germany,Beauty,Hair Dryer,1,89.00,89.00,bnpl,completed
ORD-101640,2026-05-06,Romania,Home,Coffee Grinder,1,49.00,49.00,card,completed
ORD-101641,2026-05-06,United States,Home,Coffee Grinder,1,49.00,49.00,card,completed
ORD-101642,2026-05-06,United States,Apparel,Running Shoes,1,95.00,95.00,card,completed
ORD-101643,2026-05-06,Canada,Electronics,Smart Watch,1,199.00,199.00,card,completed
ORD-101644,2026-05-07,Spain,Apparel,Running Shoes,1,95.00,95.00,card,completed
ORD-101645,2026-05-07,United Kingdom,Beauty,Hair Dryer,1,89.00,89.00,card,completed
ORD-101646,2026-05-07,Poland,Apparel,Rain Jacket,1,120.00,120.00,apple_pay,completed
ORD-101647,2026-05-07,Spain,Apparel,Running Shoes,1,95.00,95.00,paypal,completed
ORD-101648,2026-05-07,Germany,Apparel,Running Shoes,1,95.00,95.00,card,completed
ORD-101649,2026-05-07,United Kingdom,Home,Air Purifier,1,149.00,149.00,card,completed
ORD-101650,2026-05-07,Canada,Electronics,Bluetooth Speaker,1,59.00,59.00,card,completed
ORD-101651,2026-05-07,United Kingdom,Home,Desk Lamp,1,35.00,35.00,card,refunded
ORD-101652,2026-05-07,Germany,Beauty,Hair Dryer,1,89.00,89.00,card,completed
ORD-101653,2026-05-08,France,Home,Air Purifier,1,149.00,149.00,card,completed
ORD-101654,2026-05-08,Poland,Home,Desk Lamp,1,35.00,35.00,card,completed
ORD-101655,2026-05-08,Germany,Beauty,Face Serum,1,32.00,32.00,apple_pay,completed
ORD-101656,2026-05-08,United Kingdom,Electronics,USB-C Hub,1,39.00,39.00,paypal,completed
ORD-101657,2026-05-08,United States,Apparel,Wool Sweater,1,70.00,70.00,card,completed
ORD-101658,2026-05-09,Germany,Beauty,Face Serum,1,32.00,32.00,paypal,completed
ORD-101659,2026-05-09,United Kingdom,Home,Coffee Grinder,2,49.00,98.00,paypal,completed
ORD-101660,2026-05-09,United States,Electronics,Wireless Earbuds,1,79.00,79.00,card,completed
ORD-101661,2026-05-09,United States,Apparel,Rain Jacket,1,120.00,120.00,card,completed
ORD-101662,2026-05-09,Spain,Beauty,Hair Dryer,2,89.00,178.00,paypal,completed
ORD-101663,2026-05-10,United States,Electronics,Wireless Earbuds,1,79.00,79.00,apple_pay,completed
ORD-101664,2026-05-10,United States,Apparel,Wool Sweater,1,70.00,70.00,card,completed
ORD-101665,2026-05-10,United States,Apparel,Rain Jacket,1,120.00,120.00,card,completed
ORD-101666,2026-05-10,United States,Home,Desk Lamp,1,35.00,35.00,card,completed
ORD-101667,2026-05-10,United Kingdom,Apparel,Running Shoes,1,95.00,95.00,apple_pay,completed
ORD-101668,2026-05-10,United States,Beauty,Face Serum,1,32.00,32.00,paypal,completed
ORD-101669,2026-05-10,Spain,Home,Air Purifier,1,149.00,149.00,apple_pay,completed
ORD-101670,2026-05-10,Germany,Electronics,Smart Watch,1,199.00,199.00,paypal,completed
ORD-101671,2026-05-11,Canada,Electronics,USB-C Hub,2,39.00,78.00,card,completed
ORD-101672,2026-05-11,Germany,Beauty,Face Serum,1,32.00,32.00,bnpl,completed
ORD-101673,2026-05-11,Germany,Electronics,USB-C Hub,1,39.00,39.00,card,completed
ORD-101674,2026-05-11,Canada,Electronics,Wireless Earbuds,2,79.00,158.00,card,completed
ORD-101675,2026-05-11,United States,Beauty,Hair Dryer,1,89.00,89.00,card,completed
ORD-101676,2026-05-11,Spain,Beauty,Face Serum,2,32.00,64.00,card,completed
ORD-101677,2026-05-11,Poland,Home,Coffee Grinder,1,49.00,49.00,card,refunded
ORD-101678,2026-05-11,Poland,Home,Desk Lamp,1,35.00,35.00,apple_pay,completed
ORD-101679,2026-05-11,United Kingdom,Apparel,Rain Jacket,1,120.00,120.00,paypal,completed
ORD-101680,2026-05-12,United States,Home,Desk Lamp,1,35.00,35.00,paypal,completed
ORD-101681,2026-05-12,Germany,Beauty,Face Serum,1,32.00,32.00,paypal,completed
ORD-101682,2026-05-12,United States,Beauty,Face Serum,1,32.00,32.00,card,completed
ORD-101683,2026-05-12,United States,Electronics,Bluetooth Speaker,1,59.00,59.00,card,completed
ORD-101684,2026-05-12,Germany,Home,Air Purifier,2,149.00,298.00,apple_pay,completed
ORD-101685,2026-05-13,United Kingdom,Electronics,Wireless Earbuds,1,79.00,79.00,card,completed
ORD-101686,2026-05-13,Germany,Electronics,USB-C Hub,1,39.00,39.00,apple_pay,completed
ORD-101687,2026-05-13,Canada,Home,Desk Lamp,1,35.00,35.00,apple_pay,completed
ORD-101688,2026-05-13,United States,Apparel,Wool Sweater,2,70.00,140.00,card,completed
ORD-101689,2026-05-13,United States,Apparel,Running Shoes,1,95.00,95.00,bnpl,completed
ORD-101690,2026-05-13,France,Electronics,Bluetooth Speaker,1,59.00,59.00,card,completed
ORD-101691,2026-05-13,United States,Apparel,Wool Sweater,1,70.00,70.00,paypal,completed
ORD-101692,2026-05-13,United States,Home,Air Purifier,2,149.00,298.00,paypal,completed
ORD-101693,2026-05-13,United States,Beauty,Hair Dryer,1,89.00,89.00,paypal,completed
ORD-101694,2026-05-14,Germany,Electronics,Wireless Earbuds,1,79.00,79.00,card,completed
ORD-101695,2026-05-14,United Kingdom,Home,Coffee Grinder,1,49.00,49.00,card,completed
ORD-101696,2026-05-14,Poland,Apparel,Rain Jacket,1,120.00,120.00,paypal,completed
ORD-101697,2026-05-14,United States,Beauty,Face Serum,1,32.00,32.00,card,completed
ORD-101698,2026-05-14,United Kingdom,Beauty,Hair Dryer,1,89.00,89.00,card,completed
ORD-101699,2026-05-14,United States,Electronics,Wireless Earbuds,1,79.00,79.00,paypal,completed
ORD-101700,2026-05-14,Poland,Apparel,Running Shoes,2,95.00,190.00,card,completed
ORD-101701,2026-05-14,United States,Home,Desk Lamp,1,35.00,35.00,card,completed
ORD-101702,2026-05-15,Spain,Electronics,Bluetooth Speaker,1,59.00,59.00,card,completed
ORD-101703,2026-05-15,United States,Apparel,Rain Jacket,1,120.00,120.00,apple_pay,completed
ORD-101704,2026-05-15,Canada,Home,Desk Lamp,2,35.00,70.00,paypal,completed
ORD-101705,2026-05-15,France,Apparel,Rain Jacket,1,120.00,120.00,card,completed
ORD-101706,2026-05-15,United Kingdom,Home,Air Purifier,1,149.00,149.00,card,completed
ORD-101707,2026-05-16,United States,Apparel,Running Shoes,1,95.00,95.00,paypal,completed
ORD-101708,2026-05-16,United States,Electronics,Bluetooth Speaker,1,59.00,59.00,card,completed
ORD-101709,2026-05-16,Germany,Electronics,USB-C Hub,1,39.00,39.00,card,completed
ORD-101710,2026-05-16,United States,Beauty,Hair Dryer,1,89.00,89.00,apple_pay,completed
ORD-101711,2026-05-16,United States,Electronics,Smart Watch,1,199.00,199.00,card,completed
ORD-101712,2026-05-16,United States,Beauty,Face Serum,2,32.00,64.00,paypal,completed
ORD-101713,2026-05-16,Canada,Home,Air Purifier,1,149.00,149.00,card,completed
ORD-101714,2026-05-16,France,Beauty,Face Serum,2,32.00,64.00,card,completed
ORD-101715,2026-05-17,United States,Beauty,Hair Dryer,1,89.00,89.00,paypal,completed
ORD-101716,2026-05-17,United States,Beauty,Hair Dryer,1,89.00,89.00,bnpl,completed
ORD-101717,2026-05-17,United States,Beauty,Hair Dryer,1,89.00,89.00,card,completed
ORD-101718,2026-05-17,United Kingdom,Home,Air Purifier,1,149.00,149.00,card,completed
ORD-101719,2026-05-17,France,Beauty,Face Serum,1,32.00,32.00,card,completed
ORD-101720,2026-05-17,United States,Electronics,Bluetooth Speaker,1,59.00,59.00,card,refunded
ORD-101721,2026-05-17,United Kingdom,Apparel,Wool Sweater,1,70.00,70.00,card,completed
ORD-101722,2026-05-17,United States,Apparel,Rain Jacket,3,120.00,360.00,card,completed
ORD-101723,2026-05-17,Poland,Home,Desk Lamp,1,35.00,35.00,paypal,completed
ORD-101724,2026-05-18,France,Electronics,Wireless Earbuds,1,79.00,79.00,card,completed
ORD-101725,2026-05-18,United Kingdom,Apparel,Running Shoes,1,95.00,95.00,paypal,completed
ORD-101726,2026-05-18,United States,Apparel,Rain Jacket,1,120.00,120.00,card,completed
ORD-101727,2026-05-18,United States,Apparel,Running Shoes,1,95.00,95.00,card,completed
ORD-101728,2026-05-18,United Kingdom,Beauty,Hair Dryer,1,89.00,89.00,card,completed
ORD-101729,2026-05-18,United States,Apparel,Rain Jacket,1,120.00,120.00,card,completed
ORD-101730,2026-05-18,Germany,Beauty,Face Serum,1,32.00,32.00,card,completed
ORD-101731,2026-05-18,Spain,Electronics,Smart Watch,2,199.00,398.00,card,completed
ORD-101732,2026-05-19,Poland,Apparel,Running Shoes,1,95.00,95.00,card,completed
ORD-101733,2026-05-19,United States,Beauty,Face Serum,3,32.00,96.00,bnpl,completed
ORD-101734,2026-05-19,Germany,Beauty,Hair Dryer,1,89.00,89.00,card,completed
ORD-101735,2026-05-19,Poland,Apparel,Wool Sweater,1,70.00,70.00,card,completed
ORD-101736,2026-05-19,Canada,Home,Coffee Grinder,1,49.00,49.00,paypal,completed
ORD-101737,2026-05-19,United States,Home,Coffee Grinder,1,49.00,49.00,card,completed
ORD-101738,2026-05-19,United Kingdom,Electronics,Wireless Earbuds,2,79.00,158.00,paypal,completed
ORD-101739,2026-05-19,Germany,Home,Air Purifier,2,149.00,298.00,bnpl,completed
ORD-101740,2026-05-20,Poland,Home,Air Purifier,1,149.00,149.00,paypal,completed
ORD-101741,2026-05-20,United Kingdom,Electronics,Bluetooth Speaker,1,59.00,59.00,bnpl,completed
ORD-101742,2026-05-20,France,Beauty,Face Serum,2,32.00,64.00,card,completed
ORD-101743,2026-05-20,United States,Apparel,Rain Jacket,1,120.00,120.00,card,refunded
ORD-101744,2026-05-20,United Kingdom,Apparel,Running Shoes,1,95.00,95.00,apple_pay,completed
ORD-101745,2026-05-21,United Kingdom,Home,Air Purifier,1,149.00,149.00,card,completed
ORD-101746,2026-05-21,Canada,Home,Air Purifier,1,149.00,149.00,bnpl,refunded
ORD-101747,2026-05-21,Romania,Home,Desk Lamp,2,35.00,70.00,paypal,completed
ORD-101748,2026-05-21,United Kingdom,Beauty,Face Serum,1,32.00,32.00,paypal,completed
ORD-101749,2026-05-21,Canada,Apparel,Running Shoes,2,95.00,190.00,card,completed
ORD-101750,2026-05-21,France,Home,Desk Lamp,1,35.00,35.00,paypal,completed
ORD-101751,2026-05-21,Poland,Electronics,Bluetooth Speaker,1,59.00,59.00,card,completed
ORD-101752,2026-05-22,Germany,Beauty,Hair Dryer,1,89.00,89.00,card,completed
ORD-101753,2026-05-22,United States,Beauty,Face Serum,1,32.00,32.00,card,completed
ORD-101754,2026-05-22,United Kingdom,Home,Coffee Grinder,1,49.00,49.00,card,completed
ORD-101755,2026-05-22,Canada,Home,Desk Lamp,3,35.00,105.00,paypal,completed
ORD-101756,2026-05-22,France,Electronics,Smart Watch,1,199.00,199.00,card,completed
ORD-101757,2026-05-22,France,Electronics,Smart Watch,1,199.00,199.00,apple_pay,refunded
ORD-101758,2026-05-22,United States,Beauty,Hair Dryer,1,89.00,89.00,card,completed
ORD-101759,2026-05-22,United States,Electronics,Wireless Earbuds,1,79.00,79.00,card,completed
ORD-101760,2026-05-23,Spain,Apparel,Running Shoes,3,95.00,285.00,apple_pay,completed
ORD-101761,2026-05-23,United States,Electronics,Smart Watch,1,199.00,199.00,card,completed
ORD-101762,2026-05-23,Germany,Beauty,Hair Dryer,2,89.00,178.00,card,completed
ORD-101763,2026-05-23,Romania,Apparel,Running Shoes,2,95.00,190.00,paypal,completed
ORD-101764,2026-05-23,United States,Apparel,Running Shoes,1,95.00,95.00,card,completed
ORD-101765,2026-05-24,France,Home,Coffee Grinder,1,49.00,49.00,card,completed
ORD-101766,2026-05-24,United States,Apparel,Running Shoes,3,95.00,285.00,apple_pay,completed
ORD-101767,2026-05-24,United States,Electronics,Smart Watch,1,199.00,199.00,card,completed
ORD-101768,2026-05-24,France,Apparel,Running Shoes,1,95.00,95.00,card,completed
ORD-101769,2026-05-24,United States,Home,Coffee Grinder,2,49.00,98.00,paypal,completed
ORD-101770,2026-05-25,United Kingdom,Home,Desk Lamp,1,35.00,35.00,card,completed
ORD-101771,2026-05-25,Canada,Beauty,Hair Dryer,3,89.00,267.00,card,completed
ORD-101772,2026-05-25,United States,Home,Desk Lamp,1,35.00,35.00,card,completed
ORD-101773,2026-05-25,United States,Beauty,Hair Dryer,1,89.00,89.00,paypal,refunded
ORD-101774,2026-05-25,United States,Electronics,Bluetooth Speaker,1,59.00,59.00,paypal,completed
ORD-101775,2026-05-25,United Kingdom,Home,Desk Lamp,1,35.00,35.00,card,completed
ORD-101776,2026-05-25,Germany,Electronics,Wireless Earbuds,1,79.00,79.00,card,completed
ORD-101777,2026-05-25,United States,Electronics,Wireless Earbuds,2,79.00,158.00,paypal,completed
ORD-101778,2026-05-25,France,Electronics,Wireless Earbuds,2,79.00,158.00,card,completed
ORD-101779,2026-05-26,Poland,Apparel,Wool Sweater,1,70.00,70.00,card,completed
ORD-101780,2026-05-26,Spain,Beauty,Hair Dryer,2,89.00,178.00,card,completed
ORD-101781,2026-05-26,Spain,Home,Coffee Grinder,1,49.00,49.00,card,refunded
ORD-101782,2026-05-26,Canada,Beauty,Face Serum,1,32.00,32.00,paypal,completed
ORD-101783,2026-05-26,United States,Electronics,Smart Watch,1,199.00,199.00,paypal,completed
ORD-101784,2026-05-26,United Kingdom,Home,Air Purifier,2,149.00,298.00,apple_pay,completed
ORD-101785,2026-05-27,Romania,Beauty,Hair Dryer,1,89.00,89.00,paypal,completed
ORD-101786,2026-05-27,Spain,Electronics,Bluetooth Speaker,1,59.00,59.00,paypal,completed
ORD-101787,2026-05-27,United Kingdom,Apparel,Running Shoes,1,95.00,95.00,card,completed
ORD-101788,2026-05-27,Spain,Apparel,Rain Jacket,1,120.00,120.00,card,completed
ORD-101789,2026-05-27,Germany,Home,Air Purifier,1,149.00,149.00,card,refunded
ORD-101790,2026-05-27,Germany,Home,Desk Lamp,1,35.00,35.00,paypal,completed
ORD-101791,2026-05-27,Germany,Electronics,Smart Watch,1,199.00,199.00,card,completed
ORD-101792,2026-05-27,United Kingdom,Electronics,Wireless Earbuds,1,79.00,79.00,card,completed
ORD-101793,2026-05-28,France,Electronics,Bluetooth Speaker,1,59.00,59.00,card,completed
ORD-101794,2026-05-28,Germany,Electronics,Bluetooth Speaker,1,59.00,59.00,card,completed
ORD-101795,2026-05-28,United States,Home,Air Purifier,1,149.00,149.00,apple_pay,completed
ORD-101796,2026-05-28,United States,Apparel,Rain Jacket,1,120.00,120.00,card,completed
ORD-101797,2026-05-28,United Kingdom,Apparel,Wool Sweater,1,70.00,70.00,paypal,completed
ORD-101798,2026-05-28,Spain,Home,Coffee Grinder,1,49.00,49.00,paypal,completed
ORD-101799,2026-05-28,Poland,Electronics,Bluetooth Speaker,2,59.00,118.00,card,completed
ORD-101800,2026-05-29,United States,Beauty,Hair Dryer,1,89.00,89.00,apple_pay,completed
ORD-101801,2026-05-29,United States,Electronics,USB-C Hub,1,39.00,39.00,apple_pay,completed
ORD-101802,2026-05-29,United Kingdom,Beauty,Face Serum,1,32.00,32.00,card,completed
ORD-101803,2026-05-29,France,Apparel,Wool Sweater,1,70.00,70.00,card,completed
ORD-101804,2026-05-29,United Kingdom,Apparel,Running Shoes,1,95.00,95.00,paypal,completed
ORD-101805,2026-05-29,United Kingdom,Electronics,Bluetooth Speaker,1,59.00,59.00,bnpl,completed
ORD-101806,2026-05-29,United States,Apparel,Wool Sweater,1,70.00,70.00,card,completed
ORD-101807,2026-05-30,United States,Home,Air Purifier,2,149.00,298.00,card,refunded
ORD-101808,2026-05-30,United States,Home,Desk Lamp,1,35.00,35.00,card,completed
ORD-101809,2026-05-30,United Kingdom,Home,Air Purifier,1,149.00,149.00,card,completed
ORD-101810,2026-05-30,United States,Electronics,Smart Watch,1,199.00,199.00,card,completed
ORD-101811,2026-05-30,France,Beauty,Hair Dryer,1,89.00,89.00,apple_pay,completed
ORD-101812,2026-05-30,Spain,Apparel,Wool Sweater,1,70.00,70.00,card,completed
ORD-101813,2026-05-30,Poland,Beauty,Face Serum,2,32.00,64.00,paypal,completed
ORD-101814,2026-05-30,Germany,Electronics,Wireless Earbuds,2,79.00,158.00,card,completed
ORD-101815,2026-05-31,United Kingdom,Home,Desk Lamp,1,35.00,35.00,card,completed
ORD-101816,2026-05-31,United Kingdom,Home,Desk Lamp,1,35.00,35.00,apple_pay,completed
ORD-101817,2026-05-31,United States,Apparel,Running Shoes,3,95.00,285.00,bnpl,completed
ORD-101818,2026-05-31,Romania,Beauty,Hair Dryer,1,89.00,89.00,paypal,completed
ORD-101819,2026-05-31,Germany,Home,Desk Lamp,1,35.00,35.00,apple_pay,completed
ORD-101820,2026-05-31,Poland,Home,Desk Lamp,1,35.00,35.00,card,completed
ORD-101821,2026-05-31,Spain,Home,Coffee Grinder,2,49.00,98.00,bnpl,completed
ORD-101822,2026-06-01,Germany,Electronics,USB-C Hub,1,39.00,39.00,apple_pay,completed
ORD-101823,2026-06-01,Germany,Electronics,USB-C Hub,1,39.00,39.00,card,completed
ORD-101824,2026-06-01,United States,Apparel,Rain Jacket,1,120.00,120.00,card,completed
ORD-101825,2026-06-01,United States,Apparel,Rain Jacket,3,120.00,360.00,paypal,completed
ORD-101826,2026-06-01,Germany,Beauty,Face Serum,1,32.00,32.00,card,completed
ORD-101827,2026-06-01,United States,Apparel,Running Shoes,1,95.00,95.00,apple_pay,completed
ORD-101828,2026-06-02,France,Electronics,Wireless Earbuds,2,79.00,158.00,card,completed
ORD-101829,2026-06-02,France,Apparel,Rain Jacket,2,120.00,240.00,apple_pay,completed
ORD-101830,2026-06-02,Romania,Beauty,Hair Dryer,1,89.00,89.00,bnpl,completed
ORD-101831,2026-06-02,Canada,Apparel,Running Shoes,1,95.00,95.00,paypal,completed
ORD-101832,2026-06-02,United States,Electronics,Wireless Earbuds,1,79.00,79.00,card,completed
ORD-101833,2026-06-02,United States,Apparel,Running Shoes,1,95.00,95.00,card,completed
ORD-101834,2026-06-02,Germany,Beauty,Face Serum,1,32.00,32.00,card,completed
ORD-101835,2026-06-03,United States,Electronics,USB-C Hub,1,39.00,39.00,bnpl,completed
ORD-101836,2026-06-03,Poland,Electronics,USB-C Hub,1,39.00,39.00,apple_pay,completed
ORD-101837,2026-06-03,United Kingdom,Apparel,Running Shoes,1,95.00,95.00,paypal,completed
ORD-101838,2026-06-03,United Kingdom,Home,Desk Lamp,1,35.00,35.00,card,completed
ORD-101839,2026-06-04,United States,Electronics,USB-C Hub,1,39.00,39.00,card,completed
ORD-101840,2026-06-04,United Kingdom,Home,Air Purifier,1,149.00,149.00,apple_pay,completed
ORD-101841,2026-06-04,United States,Beauty,Hair Dryer,1,89.00,89.00,card,completed
ORD-101842,2026-06-04,United Kingdom,Apparel,Wool Sweater,1,70.00,70.00,card,completed
ORD-101843,2026-06-04,Germany,Beauty,Hair Dryer,1,89.00,89.00,paypal,completed
ORD-101844,2026-06-05,United States,Beauty,Face Serum,1,32.00,32.00,card,completed
ORD-101845,2026-06-05,Germany,Apparel,Running Shoes,1,95.00,95.00,card,completed
ORD-101846,2026-06-05,Canada,Electronics,Bluetooth Speaker,1,59.00,59.00,paypal,completed
ORD-101847,2026-06-05,Spain,Home,Desk Lamp,1,35.00,35.00,paypal,completed
ORD-101848,2026-06-05,France,Apparel,Wool Sweater,1,70.00,70.00,card,completed
ORD-101849,2026-06-05,United States,Home,Desk Lamp,1,35.00,35.00,card,completed
ORD-101850,2026-06-05,Spain,Electronics,Wireless Earbuds,1,79.00,79.00,paypal,completed
ORD-101851,2026-06-06,France,Electronics,Smart Watch,2,199.00,398.00,apple_pay,completed
ORD-101852,2026-06-06,Spain,Electronics,Smart Watch,1,199.00,199.00,card,completed
ORD-101853,2026-06-06,Spain,Home,Coffee Grinder,2,49.00,98.00,card,completed
ORD-101854,2026-06-06,United States,Electronics,Smart Watch,1,199.00,199.00,card,completed
ORD-101855,2026-06-06,United States,Electronics,Smart Watch,1,199.00,199.00,card,completed
ORD-101856,2026-06-06,United States,Electronics,Wireless Earbuds,1,79.00,79.00,paypal,completed
ORD-101857,2026-06-06,Spain,Apparel,Rain Jacket,1,120.00,120.00,paypal,completed
ORD-101858,2026-06-07,United Kingdom,Beauty,Hair Dryer,1,89.00,89.00,apple_pay,completed
ORD-101859,2026-06-07,Romania,Home,Desk Lamp,1,35.00,35.00,card,completed
ORD-101860,2026-06-07,Spain,Electronics,Smart Watch,1,199.00,199.00,card,completed
ORD-101861,2026-06-07,Canada,Apparel,Rain Jacket,2,120.00,240.00,paypal,completed
ORD-101862,2026-06-07,United States,Electronics,Bluetooth Speaker,1,59.00,59.00,card,completed
ORD-101863,2026-06-08,United States,Home,Desk Lamp,1,35.00,35.00,bnpl,completed
ORD-101864,2026-06-08,United States,Apparel,Running Shoes,1,95.00,95.00,card,completed
ORD-101865,2026-06-08,United States,Beauty,Face Serum,1,32.00,32.00,card,completed
ORD-101866,2026-06-08,Romania,Electronics,Bluetooth Speaker,1,59.00,59.00,card,completed
ORD-101867,2026-06-08,Poland,Electronics,Bluetooth Speaker,1,59.00,59.00,paypal,completed
ORD-101868,2026-06-09,Spain,Electronics,Smart Watch,3,199.00,597.00,card,completed
ORD-101869,2026-06-09,France,Electronics,USB-C Hub,2,39.00,78.00,paypal,completed
ORD-101870,2026-06-09,Germany,Apparel,Rain Jacket,1,120.00,120.00,card,refunded
ORD-101871,2026-06-09,Canada,Home,Coffee Grinder,2,49.00,98.00,paypal,completed
ORD-101872,2026-06-09,United Kingdom,Home,Coffee Grinder,1,49.00,49.00,card,completed
ORD-101873,2026-06-09,United States,Home,Air Purifier,1,149.00,149.00,card,completed
ORD-101874,2026-06-09,Germany,Home,Coffee Grinder,1,49.00,49.00,card,completed
ORD-101875,2026-06-09,France,Home,Desk Lamp,1,35.00,35.00,card,completed
ORD-101876,2026-06-10,Canada,Apparel,Running Shoes,1,95.00,95.00,card,completed
ORD-101877,2026-06-10,Spain,Apparel,Running Shoes,1,95.00,95.00,bnpl,refunded
ORD-101878,2026-06-10,Spain,Apparel,Rain Jacket,1,120.00,120.00,card,completed
ORD-101879,2026-06-10,Romania,Apparel,Running Shoes,2,95.00,190.00,card,completed
ORD-101880,2026-06-10,United States,Home,Desk Lamp,1,35.00,35.00,card,completed
ORD-101881,2026-06-10,Romania,Electronics,Bluetooth Speaker,1,59.00,59.00,bnpl,completed
ORD-101882,2026-06-10,Romania,Electronics,Wireless Earbuds,1,79.00,79.00,apple_pay,completed
ORD-101883,2026-06-10,United States,Home,Coffee Grinder,1,49.00,49.00,paypal,completed
ORD-101884,2026-06-10,Germany,Beauty,Hair Dryer,1,89.00,89.00,card,completed
ORD-101885,2026-06-11,United States,Home,Air Purifier,1,149.00,149.00,card,completed
ORD-101886,2026-06-11,France,Apparel,Rain Jacket,2,120.00,240.00,card,completed
ORD-101887,2026-06-11,United Kingdom,Home,Desk Lamp,2,35.00,70.00,card,completed
ORD-101888,2026-06-11,United States,Home,Desk Lamp,1,35.00,35.00,apple_pay,completed
ORD-101889,2026-06-11,France,Apparel,Rain Jacket,1,120.00,120.00,paypal,completed
ORD-101890,2026-06-12,United States,Home,Air Purifier,1,149.00,149.00,card,completed
ORD-101891,2026-06-12,France,Apparel,Rain Jacket,3,120.00,360.00,card,completed
ORD-101892,2026-06-12,Germany,Home,Coffee Grinder,1,49.00,49.00,card,completed
ORD-101893,2026-06-12,Spain,Electronics,Bluetooth Speaker,1,59.00,59.00,bnpl,completed
ORD-101894,2026-06-12,United States,Electronics,Bluetooth Speaker,1,59.00,59.00,card,completed
ORD-101895,2026-06-12,Canada,Home,Desk Lamp,1,35.00,35.00,paypal,completed
ORD-101896,2026-06-13,Poland,Home,Air Purifier,1,149.00,149.00,card,completed
ORD-101897,2026-06-13,Poland,Home,Desk Lamp,1,35.00,35.00,apple_pay,completed
ORD-101898,2026-06-13,United States,Beauty,Hair Dryer,1,89.00,89.00,paypal,completed
ORD-101899,2026-06-13,France,Home,Desk Lamp,1,35.00,35.00,paypal,completed
ORD-101900,2026-06-13,United States,Apparel,Running Shoes,1,95.00,95.00,paypal,completed
ORD-101901,2026-06-13,United Kingdom,Electronics,Bluetooth Speaker,1,59.00,59.00,bnpl,refunded
ORD-101902,2026-06-13,France,Beauty,Hair Dryer,1,89.00,89.00,apple_pay,completed
ORD-101903,2026-06-13,United States,Home,Coffee Grinder,1,49.00,49.00,bnpl,completed
ORD-101904,2026-06-13,United Kingdom,Home,Coffee Grinder,1,49.00,49.00,card,completed
ORD-101905,2026-06-14,Germany,Electronics,Smart Watch,3,199.00,597.00,card,completed
ORD-101906,2026-06-14,France,Home,Coffee Grinder,1,49.00,49.00,paypal,completed
ORD-101907,2026-06-14,Poland,Apparel,Rain Jacket,2,120.00,240.00,bnpl,completed
ORD-101908,2026-06-14,United States,Home,Desk Lamp,2,35.00,70.00,card,completed
ORD-101909,2026-06-14,France,Beauty,Face Serum,1,32.00,32.00,apple_pay,completed
ORD-101910,2026-06-14,Poland,Beauty,Face Serum,1,32.00,32.00,paypal,completed
ORD-101911,2026-06-14,France,Home,Coffee Grinder,1,49.00,49.00,apple_pay,completed
ORD-101912,2026-06-14,Germany,Beauty,Face Serum,1,32.00,32.00,paypal,completed
ORD-101913,2026-06-15,Poland,Electronics,Wireless Earbuds,1,79.00,79.00,paypal,completed
ORD-101914,2026-06-15,Romania,Beauty,Hair Dryer,1,89.00,89.00,paypal,completed
ORD-101915,2026-06-15,Germany,Home,Desk Lamp,1,35.00,35.00,paypal,completed
ORD-101916,2026-06-15,United States,Electronics,USB-C Hub,1,39.00,39.00,paypal,completed
ORD-101917,2026-06-15,Romania,Apparel,Rain Jacket,1,120.00,120.00,card,completed
ORD-101918,2026-06-16,Poland,Electronics,USB-C Hub,2,39.00,78.00,card,completed
ORD-101919,2026-06-16,Canada,Apparel,Running Shoes,1,95.00,95.00,card,completed
ORD-101920,2026-06-16,Poland,Beauty,Hair Dryer,1,89.00,89.00,apple_pay,completed
ORD-101921,2026-06-16,France,Apparel,Wool Sweater,1,70.00,70.00,card,completed
ORD-101922,2026-06-16,Germany,Electronics,Bluetooth Speaker,1,59.00,59.00,apple_pay,refunded
ORD-101923,2026-06-16,Spain,Home,Desk Lamp,1,35.00,35.00,card,completed
ORD-101924,2026-06-16,Romania,Electronics,Smart Watch,1,199.00,199.00,card,completed
ORD-101925,2026-06-16,Canada,Beauty,Face Serum,1,32.00,32.00,card,refunded
ORD-101926,2026-06-16,France,Beauty,Face Serum,1,32.00,32.00,bnpl,completed
ORD-101927,2026-06-17,Canada,Beauty,Face Serum,1,32.00,32.00,card,completed
ORD-101928,2026-06-17,Poland,Electronics,Smart Watch,1,199.00,199.00,paypal,completed
ORD-101929,2026-06-17,Spain,Home,Desk Lamp,1,35.00,35.00,card,completed
ORD-101930,2026-06-17,United States,Beauty,Hair Dryer,1,89.00,89.00,card,completed
ORD-101931,2026-06-17,France,Home,Air Purifier,2,149.00,298.00,card,completed
ORD-101932,2026-06-17,United States,Home,Desk Lamp,1,35.00,35.00,card,completed
ORD-101933,2026-06-17,United States,Home,Air Purifier,1,149.00,149.00,card,completed
ORD-101934,2026-06-17,Romania,Home,Air Purifier,1,149.00,149.00,apple_pay,completed
ORD-101935,2026-06-18,Spain,Home,Desk Lamp,1,35.00,35.00,card,completed
ORD-101936,2026-06-18,Germany,Apparel,Wool Sweater,1,70.00,70.00,apple_pay,completed
ORD-101937,2026-06-18,United States,Apparel,Rain Jacket,1,120.00,120.00,card,completed
ORD-101938,2026-06-18,United States,Electronics,Bluetooth Speaker,1,59.00,59.00,card,completed
ORD-101939,2026-06-18,France,Electronics,Bluetooth Speaker,1,59.00,59.00,paypal,completed
ORD-101940,2026-06-18,United States,Electronics,Smart Watch,1,199.00,199.00,card,completed
ORD-101941,2026-06-18,Germany,Electronics,USB-C Hub,2,39.00,78.00,card,completed
ORD-101942,2026-06-19,United States,Beauty,Face Serum,2,32.00,64.00,paypal,completed
ORD-101943,2026-06-19,Spain,Beauty,Hair Dryer,1,89.00,89.00,card,completed
ORD-101944,2026-06-19,Germany,Beauty,Hair Dryer,1,89.00,89.00,card,completed
ORD-101945,2026-06-19,Canada,Home,Desk Lamp,1,35.00,35.00,card,completed
ORD-101946,2026-06-19,Poland,Home,Desk Lamp,1,35.00,35.00,apple_pay,completed
ORD-101947,2026-06-19,Poland,Electronics,Smart Watch,1,199.00,199.00,paypal,completed
ORD-101948,2026-06-20,United States,Home,Desk Lamp,1,35.00,35.00,card,completed
ORD-101949,2026-06-20,United States,Apparel,Rain Jacket,1,120.00,120.00,card,completed
ORD-101950,2026-06-20,Germany,Apparel,Rain Jacket,3,120.00,360.00,bnpl,completed
ORD-101951,2026-06-20,United Kingdom,Beauty,Hair Dryer,1,89.00,89.00,bnpl,completed
ORD-101952,2026-06-20,United States,Electronics,USB-C Hub,1,39.00,39.00,card,completed
ORD-101953,2026-06-20,United States,Electronics,Wireless Earbuds,1,79.00,79.00,paypal,completed
ORD-101954,2026-06-21,Canada,Apparel,Wool Sweater,1,70.00,70.00,card,completed
ORD-101955,2026-06-21,Germany,Beauty,Hair Dryer,1,89.00,89.00,apple_pay,completed
ORD-101956,2026-06-21,United States,Beauty,Hair Dryer,3,89.00,267.00,card,completed
ORD-101957,2026-06-21,Poland,Electronics,USB-C Hub,1,39.00,39.00,card,completed
ORD-101958,2026-06-21,France,Apparel,Rain Jacket,1,120.00,120.00,bnpl,completed
ORD-101959,2026-06-22,United Kingdom,Home,Desk Lamp,1,35.00,35.00,apple_pay,completed
ORD-101960,2026-06-22,Spain,Home,Air Purifier,1,149.00,149.00,card,completed
ORD-101961,2026-06-22,Poland,Beauty,Hair Dryer,1,89.00,89.00,card,completed
ORD-101962,2026-06-22,United States,Electronics,Wireless Earbuds,1,79.00,79.00,paypal,completed
ORD-101963,2026-06-22,United States,Beauty,Face Serum,1,32.00,32.00,paypal,completed
ORD-101964,2026-06-22,United States,Home,Air Purifier,1,149.00,149.00,card,completed
ORD-101965,2026-06-22,Germany,Home,Air Purifier,1,149.00,149.00,bnpl,completed
ORD-101966,2026-06-22,United Kingdom,Home,Air Purifier,2,149.00,298.00,card,completed
ORD-101967,2026-06-22,United Kingdom,Home,Coffee Grinder,1,49.00,49.00,paypal,completed
ORD-101968,2026-06-23,France,Beauty,Hair Dryer,2,89.00,178.00,paypal,completed
ORD-101969,2026-06-23,United States,Electronics,USB-C Hub,1,39.00,39.00,card,completed
ORD-101970,2026-06-23,Canada,Beauty,Hair Dryer,3,89.00,267.00,card,completed
ORD-101971,2026-06-23,United States,Electronics,USB-C Hub,1,39.00,39.00,bnpl,completed
ORD-101972,2026-06-23,Spain,Beauty,Face Serum,1,32.00,32.00,apple_pay,completed
ORD-101973,2026-06-23,Canada,Home,Desk Lamp,2,35.00,70.00,apple_pay,completed
ORD-101974,2026-06-23,United States,Home,Coffee Grinder,1,49.00,49.00,card,completed
ORD-101975,2026-06-23,United States,Electronics,Wireless Earbuds,1,79.00,79.00,card,completed
ORD-101976,2026-06-23,Poland,Home,Desk Lamp,1,35.00,35.00,card,completed
ORD-101977,2026-06-24,United Kingdom,Home,Coffee Grinder,2,49.00,98.00,card,completed
ORD-101978,2026-06-24,United Kingdom,Beauty,Face Serum,1,32.00,32.00,bnpl,completed
ORD-101979,2026-06-24,United Kingdom,Beauty,Hair Dryer,1,89.00,89.00,paypal,completed
ORD-101980,2026-06-24,Poland,Beauty,Face Serum,3,32.00,96.00,card,completed
ORD-101981,2026-06-24,United Kingdom,Electronics,Smart Watch,1,199.00,199.00,card,completed
ORD-101982,2026-06-24,United States,Home,Coffee Grinder,1,49.00,49.00,apple_pay,completed
ORD-101983,2026-06-24,France,Home,Desk Lamp,2,35.00,70.00,card,completed
ORD-101984,2026-06-24,Germany,Electronics,Smart Watch,1,199.00,199.00,bnpl,completed
ORD-101985,2026-06-25,Germany,Home,Air Purifier,1,149.00,149.00,apple_pay,completed
ORD-101986,2026-06-25,United States,Electronics,Wireless Earbuds,2,79.00,158.00,card,completed
ORD-101987,2026-06-25,Spain,Electronics,Bluetooth Speaker,1,59.00,59.00,paypal,completed
ORD-101988,2026-06-25,United States,Home,Coffee Grinder,1,49.00,49.00,bnpl,completed
ORD-101989,2026-06-26,Germany,Home,Air Purifier,1,149.00,149.00,apple_pay,completed
ORD-101990,2026-06-26,United States,Home,Desk Lamp,1,35.00,35.00,paypal,completed
ORD-101991,2026-06-26,France,Apparel,Rain Jacket,1,120.00,120.00,apple_pay,completed
ORD-101992,2026-06-26,United States,Apparel,Running Shoes,1,95.00,95.00,card,completed
ORD-101993,2026-06-26,United Kingdom,Beauty,Face Serum,1,32.00,32.00,card,completed
ORD-101994,2026-06-26,United Kingdom,Apparel,Rain Jacket,1,120.00,120.00,card,completed
ORD-101995,2026-06-26,Canada,Beauty,Face Serum,1,32.00,32.00,card,completed
ORD-101996,2026-06-27,Spain,Electronics,Bluetooth Speaker,1,59.00,59.00,paypal,completed
ORD-101997,2026-06-27,United States,Apparel,Running Shoes,1,95.00,95.00,card,completed
ORD-101998,2026-06-27,Germany,Home,Air Purifier,2,149.00,298.00,bnpl,completed
ORD-101999,2026-06-27,Spain,Home,Desk Lamp,1,35.00,35.00,card,completed
ORD-102000,2026-06-27,Poland,Beauty,Hair Dryer,3,89.00,267.00,card,completed
ORD-102001,2026-06-27,Canada,Beauty,Hair Dryer,1,89.00,89.00,paypal,completed
ORD-102002,2026-06-27,Germany,Electronics,USB-C Hub,1,39.00,39.00,card,completed
ORD-102003,2026-06-27,United States,Beauty,Face Serum,1,32.00,32.00,paypal,completed
ORD-102004,2026-06-27,United Kingdom,Home,Air Purifier,3,149.00,447.00,card,completed
ORD-102005,2026-06-28,United States,Beauty,Face Serum,1,32.00,32.00,paypal,completed
ORD-102006,2026-06-28,United States,Apparel,Wool Sweater,1,70.00,70.00,card,completed
ORD-102007,2026-06-28,Germany,Beauty,Hair Dryer,1,89.00,89.00,paypal,completed
ORD-102008,2026-06-28,United States,Electronics,Smart Watch,1,199.00,199.00,apple_pay,completed
ORD-102009,2026-06-28,Spain,Apparel,Wool Sweater,2,70.00,140.00,paypal,completed
ORD-102010,2026-06-28,United States,Beauty,Hair Dryer,1,89.00,89.00,apple_pay,completed
ORD-102011,2026-06-28,Canada,Home,Coffee Grinder,1,49.00,49.00,card,completed
ORD-102012,2026-06-28,Romania,Apparel,Running Shoes,2,95.00,190.00,paypal,completed
ORD-102013,2026-06-29,Poland,Electronics,Bluetooth Speaker,2,59.00,118.00,paypal,completed
ORD-102014,2026-06-29,Spain,Electronics,Smart Watch,1,199.00,199.00,card,completed
ORD-102015,2026-06-29,Canada,Electronics,USB-C Hub,1,39.00,39.00,card,completed
ORD-102016,2026-06-29,France,Apparel,Running Shoes,1,95.00,95.00,paypal,completed
ORD-102017,2026-06-30,France,Apparel,Wool Sweater,1,70.00,70.00,paypal,completed
ORD-102018,2026-06-30,France,Home,Coffee Grinder,1,49.00,49.00,paypal,completed
ORD-102019,2026-06-30,Canada,Beauty,Hair Dryer,2,89.00,178.00,bnpl,refunded
ORD-102020,2026-06-30,Canada,Home,Air Purifier,1,149.00,149.00,card,completed
ORD-102021,2026-07-01,Canada,Home,Desk Lamp,1,35.00,35.00,card,completed
ORD-102022,2026-07-01,France,Apparel,Rain Jacket,1,120.00,120.00,apple_pay,completed
ORD-102023,2026-07-01,Romania,Home,Coffee Grinder,1,49.00,49.00,apple_pay,completed
ORD-102024,2026-07-01,Romania,Home,Desk Lamp,1,35.00,35.00,card,completed
ORD-102025,2026-07-01,United States,Home,Coffee Grinder,1,49.00,49.00,apple_pay,completed
ORD-102026,2026-07-01,France,Electronics,Bluetooth Speaker,1,59.00,59.00,apple_pay,completed
ORD-102027,2026-07-01,Germany,Home,Air Purifier,1,149.00,149.00,apple_pay,completed
ORD-102028,2026-07-01,United States,Electronics,Smart Watch,1,199.00,199.00,paypal,completed
ORD-102029,2026-07-02,Poland,Apparel,Running Shoes,1,95.00,95.00,paypal,completed
ORD-102030,2026-07-02,Spain,Beauty,Hair Dryer,1,89.00,89.00,card,completed
ORD-102031,2026-07-02,United States,Beauty,Face Serum,1,32.00,32.00,card,refunded
ORD-102032,2026-07-02,Germany,Home,Air Purifier,1,149.00,149.00,bnpl,completed
ORD-102033,2026-07-02,Germany,Home,Coffee Grinder,1,49.00,49.00,paypal,completed
ORD-102034,2026-07-03,Poland,Beauty,Face Serum,2,32.00,64.00,apple_pay,completed
ORD-102035,2026-07-03,France,Apparel,Running Shoes,1,95.00,95.00,card,completed
ORD-102036,2026-07-03,United States,Home,Air Purifier,1,149.00,149.00,card,completed
ORD-102037,2026-07-03,United States,Apparel,Rain Jacket,1,120.00,120.00,card,completed
ORD-102038,2026-07-03,United States,Electronics,Wireless Earbuds,1,79.00,79.00,card,completed
ORD-102039,2026-07-03,Romania,Apparel,Wool Sweater,1,70.00,70.00,card,completed
ORD-102040,2026-07-04,United States,Apparel,Wool Sweater,1,70.00,70.00,card,completed
ORD-102041,2026-07-04,Spain,Electronics,USB-C Hub,1,39.00,39.00,bnpl,completed
ORD-102042,2026-07-04,United States,Beauty,Face Serum,1,32.00,32.00,paypal,completed
ORD-102043,2026-07-04,Germany,Beauty,Face Serum,2,32.00,64.00,card,completed
ORD-102044,2026-07-05,United States,Electronics,Wireless Earbuds,2,79.00,158.00,card,completed
ORD-102045,2026-07-05,Germany,Electronics,Smart Watch,2,199.00,398.00,card,completed
ORD-102046,2026-07-05,Canada,Beauty,Hair Dryer,1,89.00,89.00,bnpl,completed
ORD-102047,2026-07-05,United States,Home,Coffee Grinder,1,49.00,49.00,card,completed
ORD-102048,2026-07-05,United States,Beauty,Face Serum,1,32.00,32.00,card,completed
ORD-102049,2026-07-06,Romania,Apparel,Running Shoes,2,95.00,190.00,paypal,completed
ORD-102050,2026-07-06,Romania,Apparel,Wool Sweater,2,70.00,140.00,card,completed
ORD-102051,2026-07-06,Canada,Home,Desk Lamp,1,35.00,35.00,card,completed
ORD-102052,2026-07-06,United States,Apparel,Wool Sweater,1,70.00,70.00,apple_pay,completed
ORD-102053,2026-07-06,Romania,Electronics,USB-C Hub,1,39.00,39.00,paypal,completed
ORD-102054,2026-07-06,Spain,Apparel,Wool Sweater,1,70.00,70.00,card,completed
ORD-102055,2026-07-06,United States,Home,Air Purifier,1,149.00,149.00,card,completed
ORD-102056,2026-07-06,United Kingdom,Apparel,Wool Sweater,2,70.00,140.00,card,completed
ORD-102057,2026-07-07,France,Beauty,Face Serum,1,32.00,32.00,card,completed
ORD-102058,2026-07-07,Spain,Apparel,Wool Sweater,1,70.00,70.00,card,completed
ORD-102059,2026-07-07,Spain,Beauty,Face Serum,2,32.00,64.00,card,completed
ORD-102060,2026-07-07,Romania,Home,Coffee Grinder,2,49.00,98.00,card,completed
ORD-102061,2026-07-07,United Kingdom,Home,Air Purifier,1,149.00,149.00,apple_pay,completed
ORD-102062,2026-07-07,United Kingdom,Electronics,Bluetooth Speaker,2,59.00,118.00,card,completed
ORD-102063,2026-07-07,United Kingdom,Electronics,Wireless Earbuds,1,79.00,79.00,paypal,completed
ORD-102064,2026-07-07,United States,Apparel,Wool Sweater,1,70.00,70.00,card,completed
ORD-102065,2026-07-07,Spain,Apparel,Running Shoes,1,95.00,95.00,card,completed
ORD-102066,2026-07-08,Germany,Beauty,Face Serum,1,32.00,32.00,card,completed
ORD-102067,2026-07-08,Spain,Electronics,Smart Watch,1,199.00,199.00,card,completed
ORD-102068,2026-07-08,Romania,Beauty,Face Serum,1,32.00,32.00,apple_pay,completed
ORD-102069,2026-07-08,France,Beauty,Face Serum,2,32.00,64.00,card,completed
ORD-102070,2026-07-08,United Kingdom,Electronics,Smart Watch,2,199.00,398.00,card,completed
ORD-102071,2026-07-08,Spain,Beauty,Hair Dryer,2,89.00,178.00,card,completed
ORD-102072,2026-07-09,United States,Beauty,Hair Dryer,1,89.00,89.00,card,completed
ORD-102073,2026-07-09,Spain,Beauty,Face Serum,2,32.00,64.00,card,completed
ORD-102074,2026-07-09,Spain,Apparel,Wool Sweater,1,70.00,70.00,card,completed
ORD-102075,2026-07-09,United States,Home,Desk Lamp,1,35.00,35.00,card,completed
ORD-102076,2026-07-09,United Kingdom,Home,Desk Lamp,1,35.00,35.00,card,completed
ORD-102077,2026-07-09,France,Home,Desk Lamp,1,35.00,35.00,paypal,completed
ORD-102078,2026-07-10,United States,Electronics,Smart Watch,1,199.00,199.00,paypal,completed
ORD-102079,2026-07-10,United States,Home,Coffee Grinder,1,49.00,49.00,card,completed
ORD-102080,2026-07-10,Romania,Home,Air Purifier,1,149.00,149.00,card,completed
ORD-102081,2026-07-10,Romania,Beauty,Face Serum,1,32.00,32.00,card,completed
ORD-102082,2026-07-11,United States,Electronics,Smart Watch,1,199.00,199.00,paypal,completed
ORD-102083,2026-07-11,United Kingdom,Beauty,Face Serum,2,32.00,64.00,card,completed
ORD-102084,2026-07-11,Poland,Beauty,Face Serum,3,32.00,96.00,apple_pay,completed
ORD-102085,2026-07-11,Canada,Electronics,Smart Watch,1,199.00,199.00,paypal,completed
ORD-102086,2026-07-11,Spain,Apparel,Wool Sweater,2,70.00,140.00,paypal,completed
ORD-102087,2026-07-11,Canada,Apparel,Rain Jacket,1,120.00,120.00,card,completed
ORD-102088,2026-07-12,United States,Beauty,Hair Dryer,1,89.00,89.00,card,completed
ORD-102089,2026-07-12,United States,Beauty,Face Serum,1,32.00,32.00,card,completed
ORD-102090,2026-07-12,United States,Beauty,Hair Dryer,1,89.00,89.00,card,completed
ORD-102091,2026-07-12,Poland,Beauty,Hair Dryer,1,89.00,89.00,card,completed
ORD-102092,2026-07-12,United States,Beauty,Hair Dryer,2,89.00,178.00,apple_pay,completed
ORD-102093,2026-07-12,United States,Beauty,Hair Dryer,1,89.00,89.00,card,refunded
ORD-102094,2026-07-13,United States,Beauty,Face Serum,1,32.00,32.00,paypal,completed
ORD-102095,2026-07-13,United States,Apparel,Running Shoes,1,95.00,95.00,card,completed
ORD-102096,2026-07-13,Poland,Apparel,Running Shoes,1,95.00,95.00,bnpl,completed
ORD-102097,2026-07-13,Spain,Beauty,Hair Dryer,1,89.00,89.00,apple_pay,completed
ORD-102098,2026-07-13,United Kingdom,Beauty,Face Serum,1,32.00,32.00,paypal,completed
ORD-102099,2026-07-13,Romania,Electronics,Bluetooth Speaker,1,59.00,59.00,card,completed
ORD-102100,2026-07-14,United States,Apparel,Rain Jacket,1,120.00,120.00,card,completed
ORD-102101,2026-07-14,Romania,Home,Coffee Grinder,1,49.00,49.00,card,completed
ORD-102102,2026-07-14,United Kingdom,Apparel,Rain Jacket,1,120.00,120.00,card,completed
ORD-102103,2026-07-14,France,Apparel,Running Shoes,1,95.00,95.00,apple_pay,completed
ORD-102104,2026-07-14,Romania,Home,Air Purifier,1,149.00,149.00,card,completed
ORD-102105,2026-07-15,Germany,Electronics,USB-C Hub,1,39.00,39.00,card,completed
ORD-102106,2026-07-15,Spain,Home,Desk Lamp,2,35.00,70.00,card,refunded
ORD-102107,2026-07-15,Poland,Electronics,Bluetooth Speaker,1,59.00,59.00,apple_pay,completed
ORD-102108,2026-07-15,Spain,Electronics,USB-C Hub,1,39.00,39.00,card,completed
ORD-102109,2026-07-15,Spain,Home,Desk Lamp,1,35.00,35.00,card,completed
ORD-102110,2026-07-15,United States,Electronics,Smart Watch,1,199.00,199.00,bnpl,completed
ORD-102111,2026-07-15,Poland,Home,Desk Lamp,1,35.00,35.00,paypal,completed
ORD-102112,2026-07-15,France,Electronics,Smart Watch,1,199.00,199.00,card,completed
ORD-102113,2026-07-16,United Kingdom,Electronics,USB-C Hub,1,39.00,39.00,card,completed
ORD-102114,2026-07-16,Germany,Home,Air Purifier,1,149.00,149.00,bnpl,completed
ORD-102115,2026-07-16,Poland,Apparel,Wool Sweater,1,70.00,70.00,card,completed
ORD-102116,2026-07-16,Germany,Electronics,Bluetooth Speaker,1,59.00,59.00,bnpl,completed
ORD-102117,2026-07-16,Romania,Beauty,Face Serum,1,32.00,32.00,card,refunded
ORD-102118,2026-07-16,Canada,Electronics,Wireless Earbuds,1,79.00,79.00,apple_pay,completed
ORD-102119,2026-07-16,United States,Electronics,Wireless Earbuds,1,79.00,79.00,apple_pay,completed
ORD-102120,2026-07-17,Germany,Home,Coffee Grinder,2,49.00,98.00,card,completed
ORD-102121,2026-07-17,United States,Electronics,Bluetooth Speaker,1,59.00,59.00,card,completed
ORD-102122,2026-07-17,Spain,Apparel,Running Shoes,3,95.00,285.00,paypal,completed
ORD-102123,2026-07-17,Germany,Electronics,Bluetooth Speaker,1,59.00,59.00,card,completed
ORD-102124,2026-07-17,France,Beauty,Hair Dryer,2,89.00,178.00,card,completed
ORD-102125,2026-07-17,Canada,Beauty,Hair Dryer,2,89.00,178.00,bnpl,completed
ORD-102126,2026-07-17,United States,Electronics,USB-C Hub,1,39.00,39.00,apple_pay,completed
ORD-102127,2026-07-18,United States,Apparel,Rain Jacket,1,120.00,120.00,bnpl,refunded
ORD-102128,2026-07-18,France,Beauty,Face Serum,1,32.00,32.00,card,completed
ORD-102129,2026-07-18,United Kingdom,Home,Air Purifier,1,149.00,149.00,card,completed
ORD-102130,2026-07-18,Germany,Electronics,Smart Watch,1,199.00,199.00,card,completed
ORD-102131,2026-07-18,United Kingdom,Home,Air Purifier,1,149.00,149.00,card,completed
ORD-102132,2026-07-18,United States,Beauty,Face Serum,1,32.00,32.00,card,completed
ORD-102133,2026-07-18,Canada,Home,Coffee Grinder,1,49.00,49.00,card,completed
ORD-102134,2026-07-18,United Kingdom,Apparel,Rain Jacket,1,120.00,120.00,card,completed
ORD-102135,2026-07-18,Romania,Apparel,Rain Jacket,1,120.00,120.00,card,completed
ORD-102136,2026-07-19,United States,Apparel,Rain Jacket,2,120.00,240.00,apple_pay,refunded
ORD-102137,2026-07-19,United States,Beauty,Face Serum,1,32.00,32.00,card,completed
ORD-102138,2026-07-19,Poland,Beauty,Face Serum,1,32.00,32.00,card,completed
ORD-102139,2026-07-19,Canada,Apparel,Running Shoes,1,95.00,95.00,bnpl,completed
ORD-102140,2026-07-19,France,Home,Air Purifier,1,149.00,149.00,card,completed
ORD-102141,2026-07-19,United States,Apparel,Running Shoes,1,95.00,95.00,paypal,completed
ORD-102142,2026-07-19,United Kingdom,Apparel,Running Shoes,1,95.00,95.00,card,completed
ORD-102143,2026-07-19,United States,Beauty,Face Serum,1,32.00,32.00,paypal,completed
ORD-102144,2026-07-20,United States,Beauty,Hair Dryer,1,89.00,89.00,card,completed
ORD-102145,2026-07-20,Romania,Apparel,Running Shoes,1,95.00,95.00,apple_pay,completed
ORD-102146,2026-07-20,United States,Home,Air Purifier,1,149.00,149.00,card,completed
ORD-102147,2026-07-21,United Kingdom,Beauty,Face Serum,1,32.00,32.00,paypal,completed
ORD-102148,2026-07-21,United States,Beauty,Face Serum,1,32.00,32.00,card,completed
ORD-102149,2026-07-21,United States,Beauty,Hair Dryer,1,89.00,89.00,paypal,completed
ORD-102150,2026-07-21,United States,Apparel,Running Shoes,1,95.00,95.00,paypal,completed
ORD-102151,2026-07-21,Romania,Apparel,Running Shoes,1,95.00,95.00,paypal,completed
ORD-102152,2026-07-22,Poland,Home,Desk Lamp,1,35.00,35.00,card,completed
ORD-102153,2026-07-22,Poland,Electronics,Smart Watch,1,199.00,199.00,card,completed
ORD-102154,2026-07-22,Germany,Beauty,Hair Dryer,1,89.00,89.00,apple_pay,completed
ORD-102155,2026-07-22,United States,Beauty,Hair Dryer,2,89.00,178.00,apple_pay,completed
ORD-102156,2026-07-22,United Kingdom,Beauty,Face Serum,1,32.00,32.00,card,completed
ORD-102157,2026-07-22,France,Electronics,Smart Watch,1,199.00,199.00,card,completed
ORD-102158,2026-07-23,United Kingdom,Electronics,Bluetooth Speaker,1,59.00,59.00,apple_pay,completed
ORD-102159,2026-07-23,United States,Electronics,Bluetooth Speaker,1,59.00,59.00,bnpl,completed
ORD-102160,2026-07-23,Spain,Electronics,Wireless Earbuds,1,79.00,79.00,card,completed
ORD-102161,2026-07-23,United States,Electronics,Bluetooth Speaker,2,59.00,118.00,card,refunded
ORD-102162,2026-07-23,United Kingdom,Electronics,USB-C Hub,1,39.00,39.00,card,completed
ORD-102163,2026-07-23,United States,Home,Air Purifier,1,149.00,149.00,paypal,completed
ORD-102164,2026-07-24,Spain,Electronics,Bluetooth Speaker,1,59.00,59.00,card,completed
ORD-102165,2026-07-24,Romania,Beauty,Hair Dryer,1,89.00,89.00,apple_pay,completed
ORD-102166,2026-07-24,United States,Home,Desk Lamp,1,35.00,35.00,apple_pay,completed
ORD-102167,2026-07-24,Poland,Apparel,Running Shoes,1,95.00,95.00,paypal,completed
ORD-102168,2026-07-24,United States,Apparel,Running Shoes,1,95.00,95.00,apple_pay,completed
ORD-102169,2026-07-24,United States,Home,Air Purifier,1,149.00,149.00,paypal,completed
ORD-102170,2026-07-24,Spain,Home,Desk Lamp,1,35.00,35.00,card,completed
ORD-102171,2026-07-24,Romania,Home,Coffee Grinder,1,49.00,49.00,card,refunded
ORD-102172,2026-07-25,Canada,Home,Coffee Grinder,1,49.00,49.00,bnpl,completed
ORD-102173,2026-07-25,United Kingdom,Beauty,Face Serum,2,32.00,64.00,paypal,completed
ORD-102174,2026-07-25,France,Electronics,Wireless Earbuds,1,79.00,79.00,card,completed
ORD-102175,2026-07-25,United States,Beauty,Hair Dryer,1,89.00,89.00,apple_pay,completed
ORD-102176,2026-07-25,United States,Home,Coffee Grinder,1,49.00,49.00,paypal,completed
ORD-102177,2026-07-25,Germany,Electronics,Bluetooth Speaker,1,59.00,59.00,card,completed
ORD-102178,2026-07-26,Spain,Home,Coffee Grinder,1,49.00,49.00,card,completed
ORD-102179,2026-07-26,United States,Beauty,Face Serum,1,32.00,32.00,card,completed
ORD-102180,2026-07-26,United States,Beauty,Hair Dryer,1,89.00,89.00,paypal,completed
ORD-102181,2026-07-26,United Kingdom,Home,Coffee Grinder,1,49.00,49.00,card,completed
ORD-102182,2026-07-27,Canada,Electronics,Smart Watch,1,199.00,199.00,bnpl,completed
ORD-102183,2026-07-27,United States,Electronics,Smart Watch,1,199.00,199.00,card,completed
ORD-102184,2026-07-27,United States,Home,Coffee Grinder,1,49.00,49.00,card,completed
ORD-102185,2026-07-27,France,Home,Coffee Grinder,1,49.00,49.00,card,completed
ORD-102186,2026-07-28,United States,Beauty,Hair Dryer,1,89.00,89.00,card,completed
ORD-102187,2026-07-28,United States,Apparel,Wool Sweater,1,70.00,70.00,card,completed
ORD-102188,2026-07-28,United States,Electronics,Smart Watch,1,199.00,199.00,card,completed
ORD-102189,2026-07-28,France,Electronics,USB-C Hub,1,39.00,39.00,paypal,completed
ORD-102190,2026-07-29,United States,Electronics,Bluetooth Speaker,1,59.00,59.00,paypal,completed
ORD-102191,2026-07-29,United Kingdom,Beauty,Face Serum,1,32.00,32.00,card,refunded
ORD-102192,2026-07-29,France,Apparel,Rain Jacket,1,120.00,120.00,card,completed
ORD-102193,2026-07-29,United States,Apparel,Rain Jacket,1,120.00,120.00,apple_pay,completed
ORD-102194,2026-07-29,France,Home,Desk Lamp,1,35.00,35.00,paypal,completed
ORD-102195,2026-07-29,United Kingdom,Electronics,Wireless Earbuds,1,79.00,79.00,card,completed
ORD-102196,2026-07-29,United States,Beauty,Hair Dryer,2,89.00,178.00,paypal,completed
ORD-102197,2026-07-29,Poland,Home,Coffee Grinder,1,49.00,49.00,card,completed
ORD-102198,2026-07-30,United States,Electronics,Wireless Earbuds,1,79.00,79.00,card,completed
ORD-102199,2026-07-30,Germany,Apparel,Rain Jacket,3,120.00,360.00,paypal,completed
ORD-102200,2026-07-30,United States,Beauty,Face Serum,1,32.00,32.00,card,refunded
ORD-102201,2026-07-30,United States,Electronics,Wireless Earbuds,2,79.00,158.00,bnpl,completed
ORD-102202,2026-07-30,United Kingdom,Apparel,Running Shoes,1,95.00,95.00,card,completed
ORD-102203,2026-07-31,Poland,Home,Desk Lamp,1,35.00,35.00,card,completed
ORD-102204,2026-07-31,Canada,Home,Desk Lamp,1,35.00,35.00,bnpl,completed
ORD-102205,2026-07-31,Spain,Electronics,Wireless Earbuds,2,79.00,158.00,bnpl,completed
ORD-102206,2026-07-31,United States,Apparel,Rain Jacket,2,120.00,240.00,card,completed
ORD-102207,2026-07-31,United States,Apparel,Rain Jacket,1,120.00,120.00,paypal,completed
ORD-102208,2026-07-31,United Kingdom,Home,Coffee Grinder,1,49.00,49.00,apple_pay,completed
ORD-102209,2026-07-31,Spain,Apparel,Running Shoes,1,95.00,95.00,bnpl,completed
ORD-102210,2026-08-01,United States,Home,Desk Lamp,1,35.00,35.00,card,completed
ORD-102211,2026-08-01,United States,Home,Coffee Grinder,3,49.00,147.00,card,completed
ORD-102212,2026-08-01,Canada,Apparel,Wool Sweater,1,70.00,70.00,card,completed
ORD-102213,2026-08-01,United States,Home,Air Purifier,1,149.00,149.00,apple_pay,completed
ORD-102214,2026-08-01,United Kingdom,Beauty,Face Serum,1,32.00,32.00,paypal,completed
ORD-102215,2026-08-01,France,Home,Desk Lamp,1,35.00,35.00,card,completed
ORD-102216,2026-08-01,Canada,Apparel,Rain Jacket,1,120.00,120.00,card,completed
ORD-102217,2026-08-01,Canada,Home,Desk Lamp,1,35.00,35.00,card,completed
ORD-102218,2026-08-01,Romania,Beauty,Hair Dryer,1,89.00,89.00,apple_pay,completed
ORD-102219,2026-08-02,United Kingdom,Apparel,Wool Sweater,1,70.00,70.00,paypal,completed
ORD-102220,2026-08-02,Poland,Electronics,Bluetooth Speaker,1,59.00,59.00,card,completed
ORD-102221,2026-08-02,United States,Electronics,Smart Watch,1,199.00,199.00,paypal,completed
ORD-102222,2026-08-02,Canada,Home,Desk Lamp,1,35.00,35.00,apple_pay,completed
ORD-102223,2026-08-02,United Kingdom,Home,Coffee Grinder,1,49.00,49.00,paypal,completed
ORD-102224,2026-08-02,Romania,Beauty,Face Serum,2,32.00,64.00,bnpl,completed
ORD-102225,2026-08-03,United States,Electronics,USB-C Hub,1,39.00,39.00,card,completed
ORD-102226,2026-08-03,Poland,Electronics,Wireless Earbuds,1,79.00,79.00,card,completed
ORD-102227,2026-08-03,Romania,Electronics,Bluetooth Speaker,3,59.00,177.00,card,completed
ORD-102228,2026-08-03,United Kingdom,Apparel,Rain Jacket,1,120.00,120.00,card,completed
ORD-102229,2026-08-03,France,Beauty,Face Serum,1,32.00,32.00,bnpl,completed
ORD-102230,2026-08-03,United Kingdom,Home,Desk Lamp,2,35.00,70.00,card,completed
ORD-102231,2026-08-04,United Kingdom,Apparel,Rain Jacket,2,120.00,240.00,paypal,completed
ORD-102232,2026-08-04,United Kingdom,Beauty,Face Serum,1,32.00,32.00,card,completed
ORD-102233,2026-08-04,Romania,Apparel,Running Shoes,1,95.00,95.00,paypal,completed
ORD-102234,2026-08-04,Spain,Electronics,USB-C Hub,1,39.00,39.00,paypal,completed
ORD-102235,2026-08-05,United Kingdom,Electronics,Smart Watch,1,199.00,199.00,paypal,refunded
ORD-102236,2026-08-05,United States,Home,Air Purifier,1,149.00,149.00,bnpl,completed
ORD-102237,2026-08-05,United States,Apparel,Wool Sweater,1,70.00,70.00,card,completed
ORD-102238,2026-08-05,Canada,Electronics,USB-C Hub,1,39.00,39.00,paypal,completed
ORD-102239,2026-08-05,United States,Home,Coffee Grinder,1,49.00,49.00,paypal,completed
ORD-102240,2026-08-05,Canada,Beauty,Face Serum,1,32.00,32.00,card,completed
ORD-102241,2026-08-05,France,Home,Air Purifier,1,149.00,149.00,paypal,completed
ORD-102242,2026-08-06,United States,Electronics,Wireless Earbuds,1,79.00,79.00,card,completed
ORD-102243,2026-08-06,United States,Apparel,Wool Sweater,1,70.00,70.00,card,completed
ORD-102244,2026-08-06,United States,Home,Air Purifier,1,149.00,149.00,card,completed
ORD-102245,2026-08-06,Spain,Home,Desk Lamp,1,35.00,35.00,card,completed
ORD-102246,2026-08-07,United States,Electronics,Smart Watch,1,199.00,199.00,card,completed
ORD-102247,2026-08-07,United Kingdom,Home,Coffee Grinder,3,49.00,147.00,paypal,completed
ORD-102248,2026-08-07,United States,Electronics,Smart Watch,1,199.00,199.00,card,completed
ORD-102249,2026-08-07,United States,Electronics,Wireless Earbuds,1,79.00,79.00,paypal,completed
ORD-102250,2026-08-07,United States,Beauty,Face Serum,1,32.00,32.00,card,completed
ORD-102251,2026-08-08,United States,Home,Desk Lamp,1,35.00,35.00,card,completed
ORD-102252,2026-08-08,France,Beauty,Face Serum,1,32.00,32.00,card,completed
ORD-102253,2026-08-08,Canada,Electronics,Wireless Earbuds,1,79.00,79.00,card,completed
ORD-102254,2026-08-08,Canada,Home,Coffee Grinder,2,49.00,98.00,card,completed
ORD-102255,2026-08-08,United States,Home,Desk Lamp,1,35.00,35.00,paypal,completed
ORD-102256,2026-08-09,Germany,Electronics,Smart Watch,1,199.00,199.00,bnpl,completed
ORD-102257,2026-08-09,United Kingdom,Beauty,Face Serum,1,32.00,32.00,card,completed
ORD-102258,2026-08-09,United States,Apparel,Rain Jacket,1,120.00,120.00,card,completed
ORD-102259,2026-08-09,United States,Apparel,Rain Jacket,1,120.00,120.00,card,completed
ORD-102260,2026-08-09,Spain,Home,Air Purifier,1,149.00,149.00,apple_pay,completed
ORD-102261,2026-08-09,Poland,Beauty,Face Serum,1,32.00,32.00,card,completed
ORD-102262,2026-08-10,Germany,Electronics,USB-C Hub,2,39.00,78.00,apple_pay,completed
ORD-102263,2026-08-10,United States,Beauty,Hair Dryer,2,89.00,178.00,card,completed
ORD-102264,2026-08-10,United Kingdom,Beauty,Hair Dryer,1,89.00,89.00,card,completed
ORD-102265,2026-08-10,United States,Apparel,Running Shoes,2,95.00,190.00,paypal,completed
ORD-102266,2026-08-10,Romania,Apparel,Wool Sweater,1,70.00,70.00,paypal,completed
ORD-102267,2026-08-10,United States,Apparel,Rain Jacket,1,120.00,120.00,card,completed
ORD-102268,2026-08-11,United States,Apparel,Rain Jacket,1,120.00,120.00,card,completed
ORD-102269,2026-08-11,Spain,Home,Desk Lamp,1,35.00,35.00,paypal,completed
ORD-102270,2026-08-11,Spain,Beauty,Hair Dryer,1,89.00,89.00,card,completed
ORD-102271,2026-08-11,Spain,Home,Air Purifier,1,149.00,149.00,card,completed
ORD-102272,2026-08-11,United States,Electronics,Bluetooth Speaker,1,59.00,59.00,card,completed
ORD-102273,2026-08-11,United Kingdom,Home,Coffee Grinder,1,49.00,49.00,card,completed
ORD-102274,2026-08-12,United States,Electronics,Wireless Earbuds,1,79.00,79.00,card,completed
ORD-102275,2026-08-12,Spain,Apparel,Running Shoes,1,95.00,95.00,paypal,completed
ORD-102276,2026-08-12,United States,Beauty,Hair Dryer,1,89.00,89.00,card,completed
ORD-102277,2026-08-12,France,Beauty,Hair Dryer,2,89.00,178.00,card,completed
ORD-102278,2026-08-13,Poland,Electronics,Bluetooth Speaker,1,59.00,59.00,paypal,completed
ORD-102279,2026-08-13,United States,Apparel,Rain Jacket,2,120.00,240.00,card,completed
ORD-102280,2026-08-13,United Kingdom,Electronics,Smart Watch,2,199.00,398.00,apple_pay,completed
ORD-102281,2026-08-13,United States,Apparel,Rain Jacket,1,120.00,120.00,card,completed
ORD-102282,2026-08-13,United States,Electronics,Wireless Earbuds,1,79.00,79.00,card,completed
ORD-102283,2026-08-13,Canada,Beauty,Hair Dryer,1,89.00,89.00,paypal,completed
ORD-102284,2026-08-14,Germany,Apparel,Rain Jacket,1,120.00,120.00,card,completed
ORD-102285,2026-08-14,United States,Electronics,Bluetooth Speaker,1,59.00,59.00,card,completed
ORD-102286,2026-08-14,United Kingdom,Home,Air Purifier,1,149.00,149.00,card,completed
ORD-102287,2026-08-14,Spain,Electronics,Wireless Earbuds,1,79.00,79.00,apple_pay,completed
ORD-102288,2026-08-14,United Kingdom,Home,Desk Lamp,1,35.00,35.00,card,completed
ORD-102289,2026-08-14,United Kingdom,Home,Desk Lamp,1,35.00,35.00,bnpl,completed
ORD-102290,2026-08-14,United States,Beauty,Face Serum,2,32.00,64.00,bnpl,completed
ORD-102291,2026-08-15,United States,Beauty,Face Serum,1,32.00,32.00,card,completed
ORD-102292,2026-08-15,United States,Electronics,Bluetooth Speaker,1,59.00,59.00,apple_pay,completed
ORD-102293,2026-08-15,United Kingdom,Apparel,Running Shoes,2,95.00,190.00,paypal,completed
ORD-102294,2026-08-15,Poland,Beauty,Face Serum,1,32.00,32.00,card,completed
ORD-102295,2026-08-16,United States,Beauty,Face Serum,1,32.00,32.00,card,completed
ORD-102296,2026-08-16,United States,Beauty,Face Serum,1,32.00,32.00,card,completed
ORD-102297,2026-08-16,United States,Apparel,Running Shoes,1,95.00,95.00,card,completed
ORD-102298,2026-08-16,Poland,Apparel,Running Shoes,1,95.00,95.00,apple_pay,completed
ORD-102299,2026-08-16,United States,Home,Coffee Grinder,1,49.00,49.00,paypal,completed
ORD-102300,2026-08-17,Romania,Apparel,Running Shoes,1,95.00,95.00,paypal,completed
ORD-102301,2026-08-17,United Kingdom,Electronics,Bluetooth Speaker,1,59.00,59.00,card,completed
ORD-102302,2026-08-17,Germany,Beauty,Hair Dryer,3,89.00,267.00,bnpl,completed
ORD-102303,2026-08-17,France,Apparel,Wool Sweater,1,70.00,70.00,card,completed
ORD-102304,2026-08-17,United States,Beauty,Face Serum,2,32.00,64.00,card,completed
ORD-102305,2026-08-18,Canada,Electronics,Bluetooth Speaker,1,59.00,59.00,card,refunded
ORD-102306,2026-08-18,Germany,Electronics,Smart Watch,1,199.00,199.00,card,completed
ORD-102307,2026-08-18,United States,Beauty,Hair Dryer,1,89.00,89.00,card,completed
ORD-102308,2026-08-18,United Kingdom,Home,Desk Lamp,1,35.00,35.00,card,completed
ORD-102309,2026-08-18,United States,Beauty,Face Serum,2,32.00,64.00,apple_pay,completed
ORD-102310,2026-08-18,United States,Electronics,Bluetooth Speaker,2,59.00,118.00,apple_pay,completed
ORD-102311,2026-08-19,France,Home,Air Purifier,1,149.00,149.00,card,completed
ORD-102312,2026-08-19,Canada,Electronics,USB-C Hub,1,39.00,39.00,bnpl,completed
ORD-102313,2026-08-19,Spain,Electronics,USB-C Hub,1,39.00,39.00,card,completed
ORD-102314,2026-08-19,United Kingdom,Home,Desk Lamp,1,35.00,35.00,card,completed
ORD-102315,2026-08-20,United Kingdom,Beauty,Face Serum,2,32.00,64.00,paypal,completed
ORD-102316,2026-08-20,Germany,Apparel,Wool Sweater,1,70.00,70.00,card,completed
ORD-102317,2026-08-20,Spain,Home,Air Purifier,1,149.00,149.00,paypal,completed
ORD-102318,2026-08-20,United States,Beauty,Face Serum,1,32.00,32.00,card,completed
ORD-102319,2026-08-20,United States,Home,Coffee Grinder,1,49.00,49.00,card,completed
ORD-102320,2026-08-20,Canada,Electronics,USB-C Hub,3,39.00,117.00,card,completed
ORD-102321,2026-08-21,Canada,Home,Desk Lamp,1,35.00,35.00,card,completed
ORD-102322,2026-08-21,United States,Apparel,Running Shoes,1,95.00,95.00,card,completed
ORD-102323,2026-08-21,France,Beauty,Hair Dryer,3,89.00,267.00,card,completed
ORD-102324,2026-08-21,Canada,Beauty,Hair Dryer,1,89.00,89.00,card,completed
ORD-102325,2026-08-21,Romania,Apparel,Wool Sweater,1,70.00,70.00,apple_pay,completed
ORD-102326,2026-08-22,United States,Electronics,Bluetooth Speaker,1,59.00,59.00,bnpl,completed
ORD-102327,2026-08-22,Spain,Beauty,Face Serum,3,32.00,96.00,card,completed
ORD-102328,2026-08-22,United States,Electronics,Smart Watch,2,199.00,398.00,card,completed
ORD-102329,2026-08-22,United States,Apparel,Rain Jacket,1,120.00,120.00,card,completed
ORD-102330,2026-08-23,United States,Electronics,Bluetooth Speaker,2,59.00,118.00,paypal,completed
ORD-102331,2026-08-23,Spain,Electronics,Bluetooth Speaker,2,59.00,118.00,card,completed
ORD-102332,2026-08-23,United States,Beauty,Face Serum,1,32.00,32.00,card,completed
ORD-102333,2026-08-23,Spain,Home,Coffee Grinder,1,49.00,49.00,apple_pay,completed
ORD-102334,2026-08-23,France,Electronics,Smart Watch,1,199.00,199.00,card,completed
ORD-102335,2026-08-23,United States,Electronics,Wireless Earbuds,1,79.00,79.00,card,completed
ORD-102336,2026-08-24,France,Beauty,Face Serum,1,32.00,32.00,card,completed
ORD-102337,2026-08-24,Canada,Apparel,Wool Sweater,1,70.00,70.00,card,completed
ORD-102338,2026-08-24,Canada,Home,Coffee Grinder,3,49.00,147.00,card,refunded
ORD-102339,2026-08-24,United States,Beauty,Face Serum,2,32.00,64.00,apple_pay,completed
ORD-102340,2026-08-24,United States,Home,Air Purifier,1,149.00,149.00,paypal,completed
ORD-102341,2026-08-24,Germany,Electronics,Wireless Earbuds,1,79.00,79.00,card,completed
ORD-102342,2026-08-24,United Kingdom,Home,Coffee Grinder,1,49.00,49.00,apple_pay,completed
ORD-102343,2026-08-24,Romania,Home,Coffee Grinder,1,49.00,49.00,apple_pay,completed
ORD-102344,2026-08-25,United States,Electronics,Smart Watch,1,199.00,199.00,card,completed
ORD-102345,2026-08-25,United States,Beauty,Face Serum,1,32.00,32.00,card,completed
ORD-102346,2026-08-25,Romania,Apparel,Wool Sweater,1,70.00,70.00,card,completed
ORD-102347,2026-08-25,France,Apparel,Wool Sweater,1,70.00,70.00,bnpl,completed
ORD-102348,2026-08-26,United Kingdom,Home,Coffee Grinder,1,49.00,49.00,apple_pay,completed
ORD-102349,2026-08-26,United States,Home,Air Purifier,3,149.00,447.00,paypal,completed
ORD-102350,2026-08-26,Germany,Apparel,Wool Sweater,1,70.00,70.00,card,completed
ORD-102351,2026-08-26,Germany,Electronics,Smart Watch,3,199.00,597.00,card,completed
ORD-102352,2026-08-26,Spain,Electronics,Smart Watch,1,199.00,199.00,paypal,completed
ORD-102353,2026-08-27,Romania,Home,Coffee Grinder,1,49.00,49.00,paypal,completed
ORD-102354,2026-08-27,United Kingdom,Electronics,Bluetooth Speaker,1,59.00,59.00,bnpl,completed
ORD-102355,2026-08-27,United States,Apparel,Wool Sweater,1,70.00,70.00,card,completed
ORD-102356,2026-08-27,Spain,Electronics,Wireless Earbuds,1,79.00,79.00,paypal,completed
ORD-102357,2026-08-28,Spain,Home,Desk Lamp,1,35.00,35.00,card,completed
ORD-102358,2026-08-28,Poland,Home,Desk Lamp,2,35.00,70.00,apple_pay,completed
ORD-102359,2026-08-28,United States,Home,Air Purifier,1,149.00,149.00,card,completed
ORD-102360,2026-08-28,Canada,Beauty,Hair Dryer,1,89.00,89.00,card,completed
ORD-102361,2026-08-28,United States,Beauty,Face Serum,1,32.00,32.00,card,completed
ORD-102362,2026-08-28,Poland,Home,Air Purifier,2,149.00,298.00,card,completed
ORD-102363,2026-08-28,Romania,Beauty,Hair Dryer,1,89.00,89.00,paypal,completed
ORD-102364,2026-08-28,France,Apparel,Wool Sweater,1,70.00,70.00,card,completed
ORD-102365,2026-08-29,Romania,Electronics,Smart Watch,2,199.00,398.00,card,completed
ORD-102366,2026-08-29,Poland,Home,Air Purifier,1,149.00,149.00,card,completed
ORD-102367,2026-08-29,United Kingdom,Apparel,Rain Jacket,1,120.00,120.00,bnpl,completed
ORD-102368,2026-08-29,United States,Beauty,Face Serum,2,32.00,64.00,card,completed
ORD-102369,2026-08-30,Spain,Electronics,Bluetooth Speaker,1,59.00,59.00,card,completed
ORD-102370,2026-08-30,Germany,Beauty,Hair Dryer,1,89.00,89.00,card,completed
ORD-102371,2026-08-30,United States,Beauty,Face Serum,2,32.00,64.00,paypal,completed
ORD-102372,2026-08-30,Poland,Beauty,Face Serum,1,32.00,32.00,card,completed
ORD-102373,2026-08-31,United Kingdom,Home,Desk Lamp,1,35.00,35.00,card,completed
ORD-102374,2026-08-31,Poland,Home,Coffee Grinder,1,49.00,49.00,paypal,completed
ORD-102375,2026-08-31,Poland,Electronics,Smart Watch,2,199.00,398.00,bnpl,completed
ORD-102376,2026-08-31,United Kingdom,Home,Coffee Grinder,1,49.00,49.00,card,completed
ORD-102377,2026-08-31,United States,Apparel,Rain Jacket,1,120.00,120.00,card,completed
ORD-102378,2026-08-31,Spain,Beauty,Face Serum,1,32.00,32.00,card,completed
ORD-102379,2026-08-31,Poland,Apparel,Rain Jacket,1,120.00,120.00,bnpl,completed
ORD-102380,2026-08-31,United Kingdom,Apparel,Running Shoes,1,95.00,95.00,paypal,completed
ORD-102381,2026-09-01,Canada,Home,Coffee Grinder,1,49.00,49.00,card,completed
ORD-102382,2026-09-01,United States,Home,Desk Lamp,3,35.00,105.00,card,completed
ORD-102383,2026-09-01,Spain,Beauty,Hair Dryer,1,89.00,89.00,card,completed
ORD-102384,2026-09-01,United States,Beauty,Hair Dryer,1,89.00,89.00,card,completed
ORD-102385,2026-09-01,United States,Electronics,USB-C Hub,1,39.00,39.00,card,completed
ORD-102386,2026-09-01,United States,Electronics,USB-C Hub,2,39.00,78.00,card,completed
ORD-102387,2026-09-02,Poland,Apparel,Wool Sweater,2,70.00,140.00,card,completed
ORD-102388,2026-09-02,France,Electronics,Bluetooth Speaker,1,59.00,59.00,card,completed
ORD-102389,2026-09-02,United Kingdom,Apparel,Rain Jacket,1,120.00,120.00,card,completed
ORD-102390,2026-09-02,Spain,Electronics,Bluetooth Speaker,1,59.00,59.00,apple_pay,completed
ORD-102391,2026-09-03,United States,Apparel,Wool Sweater,2,70.00,140.00,card,completed
ORD-102392,2026-09-03,United States,Beauty,Face Serum,1,32.00,32.00,card,completed
ORD-102393,2026-09-03,Romania,Electronics,Smart Watch,3,199.00,597.00,card,completed
ORD-102394,2026-09-03,United States,Beauty,Face Serum,1,32.00,32.00,card,completed
ORD-102395,2026-09-04,France,Electronics,USB-C Hub,1,39.00,39.00,card,completed
ORD-102396,2026-09-04,Spain,Home,Coffee Grinder,1,49.00,49.00,apple_pay,completed
ORD-102397,2026-09-04,United States,Apparel,Running Shoes,3,95.00,285.00,card,completed
ORD-102398,2026-09-04,United States,Electronics,Smart Watch,2,199.00,398.00,card,completed
ORD-102399,2026-09-04,United States,Apparel,Running Shoes,3,95.00,285.00,paypal,completed
ORD-102400,2026-09-04,Romania,Electronics,Smart Watch,1,199.00,199.00,card,refunded
ORD-102401,2026-09-04,United States,Electronics,Wireless Earbuds,1,79.00,79.00,card,completed
ORD-102402,2026-09-04,United States,Apparel,Running Shoes,2,95.00,190.00,card,completed
ORD-102403,2026-09-05,France,Beauty,Face Serum,1,32.00,32.00,card,completed
ORD-102404,2026-09-05,Canada,Apparel,Rain Jacket,1,120.00,120.00,card,completed
ORD-102405,2026-09-05,United States,Home,Coffee Grinder,1,49.00,49.00,apple_pay,completed
ORD-102406,2026-09-05,United States,Home,Desk Lamp,1,35.00,35.00,card,refunded
ORD-102407,2026-09-05,Poland,Apparel,Wool Sweater,1,70.00,70.00,card,completed
ORD-102408,2026-09-05,United States,Beauty,Hair Dryer,3,89.00,267.00,card,completed
ORD-102409,2026-09-05,United Kingdom,Electronics,Smart Watch,1,199.00,199.00,card,completed
ORD-102410,2026-09-06,Germany,Electronics,USB-C Hub,1,39.00,39.00,paypal,completed
ORD-102411,2026-09-06,France,Beauty,Hair Dryer,1,89.00,89.00,card,completed
ORD-102412,2026-09-06,United States,Home,Coffee Grinder,1,49.00,49.00,paypal,completed
ORD-102413,2026-09-06,France,Beauty,Face Serum,1,32.00,32.00,bnpl,refunded
ORD-102414,2026-09-06,Spain,Home,Air Purifier,1,149.00,149.00,card,completed
ORD-102415,2026-09-06,Romania,Apparel,Rain Jacket,1,120.00,120.00,apple_pay,completed
ORD-102416,2026-09-06,France,Apparel,Wool Sweater,1,70.00,70.00,card,completed
ORD-102417,2026-09-07,United States,Electronics,Wireless Earbuds,2,79.00,158.00,card,completed
ORD-102418,2026-09-07,United Kingdom,Apparel,Wool Sweater,1,70.00,70.00,card,completed
ORD-102419,2026-09-07,United Kingdom,Electronics,Bluetooth Speaker,1,59.00,59.00,bnpl,refunded
ORD-102420,2026-09-07,Romania,Beauty,Hair Dryer,1,89.00,89.00,card,completed
ORD-102421,2026-09-07,United Kingdom,Electronics,Wireless Earbuds,2,79.00,158.00,card,completed
ORD-102422,2026-09-07,France,Beauty,Face Serum,1,32.00,32.00,bnpl,completed
ORD-102423,2026-09-07,United States,Home,Air Purifier,1,149.00,149.00,paypal,completed
ORD-102424,2026-09-08,United States,Beauty,Face Serum,2,32.00,64.00,card,completed
ORD-102425,2026-09-08,Poland,Beauty,Face Serum,1,32.00,32.00,card,completed
ORD-102426,2026-09-08,United States,Home,Desk Lamp,2,35.00,70.00,paypal,completed
ORD-102427,2026-09-09,United States,Electronics,Wireless Earbuds,1,79.00,79.00,card,completed
ORD-102428,2026-09-09,United States,Electronics,Smart Watch,1,199.00,199.00,card,completed
ORD-102429,2026-09-09,Germany,Electronics,Smart Watch,1,199.00,199.00,paypal,completed
ORD-102430,2026-09-09,United Kingdom,Beauty,Hair Dryer,2,89.00,178.00,card,completed
ORD-102431,2026-09-09,Canada,Electronics,Bluetooth Speaker,1,59.00,59.00,card,completed
ORD-102432,2026-09-10,Canada,Home,Coffee Grinder,1,49.00,49.00,card,completed
ORD-102433,2026-09-10,United States,Electronics,Smart Watch,1,199.00,199.00,card,completed
ORD-102434,2026-09-10,France,Beauty,Hair Dryer,2,89.00,178.00,card,completed
ORD-102435,2026-09-10,Spain,Home,Air Purifier,2,149.00,298.00,card,completed
ORD-102436,2026-09-10,France,Beauty,Face Serum,1,32.00,32.00,card,completed
ORD-102437,2026-09-10,France,Beauty,Face Serum,2,32.00,64.00,card,completed
ORD-102438,2026-09-10,Spain,Electronics,Bluetooth Speaker,1,59.00,59.00,paypal,completed
ORD-102439,2026-09-11,United States,Electronics,Smart Watch,1,199.00,199.00,card,completed
ORD-102440,2026-09-11,Canada,Apparel,Running Shoes,1,95.00,95.00,card,completed
ORD-102441,2026-09-11,United Kingdom,Electronics,Smart Watch,1,199.00,199.00,card,completed
ORD-102442,2026-09-11,United States,Beauty,Face Serum,1,32.00,32.00,paypal,completed
ORD-102443,2026-09-12,France,Electronics,USB-C Hub,1,39.00,39.00,paypal,completed
ORD-102444,2026-09-12,United Kingdom,Electronics,Wireless Earbuds,1,79.00,79.00,paypal,completed
ORD-102445,2026-09-12,Canada,Apparel,Running Shoes,1,95.00,95.00,paypal,completed
ORD-102446,2026-09-12,France,Electronics,Smart Watch,1,199.00,199.00,apple_pay,completed
ORD-102447,2026-09-12,Canada,Apparel,Running Shoes,1,95.00,95.00,paypal,completed
ORD-102448,2026-09-12,Romania,Beauty,Hair Dryer,1,89.00,89.00,card,completed
ORD-102449,2026-09-12,France,Beauty,Hair Dryer,1,89.00,89.00,card,completed
ORD-102450,2026-09-12,France,Apparel,Rain Jacket,1,120.00,120.00,apple_pay,completed
ORD-102451,2026-09-12,United States,Beauty,Face Serum,1,32.00,32.00,card,completed
ORD-102452,2026-09-13,United States,Apparel,Running Shoes,1,95.00,95.00,apple_pay,completed
ORD-102453,2026-09-13,France,Electronics,USB-C Hub,1,39.00,39.00,card,completed
ORD-102454,2026-09-13,United States,Electronics,USB-C Hub,1,39.00,39.00,bnpl,completed
ORD-102455,2026-09-13,United States,Home,Coffee Grinder,1,49.00,49.00,card,completed
ORD-102456,2026-09-13,Romania,Apparel,Running Shoes,1,95.00,95.00,card,completed
ORD-102457,2026-09-13,France,Home,Desk Lamp,1,35.00,35.00,card,completed
ORD-102458,2026-09-13,France,Beauty,Face Serum,1,32.00,32.00,card,completed
ORD-102459,2026-09-14,Canada,Home,Air Purifier,1,149.00,149.00,card,completed
ORD-102460,2026-09-14,United States,Apparel,Rain Jacket,3,120.00,360.00,paypal,completed
ORD-102461,2026-09-14,Germany,Electronics,Smart Watch,1,199.00,199.00,paypal,completed
ORD-102462,2026-09-14,United States,Home,Coffee Grinder,1,49.00,49.00,card,completed
ORD-102463,2026-09-15,United States,Electronics,USB-C Hub,1,39.00,39.00,card,completed
ORD-102464,2026-09-15,United Kingdom,Apparel,Rain Jacket,1,120.00,120.00,apple_pay,completed
ORD-102465,2026-09-15,United States,Beauty,Hair Dryer,1,89.00,89.00,apple_pay,completed
ORD-102466,2026-09-15,United States,Beauty,Hair Dryer,1,89.00,89.00,bnpl,completed
ORD-102467,2026-09-15,United States,Beauty,Face Serum,1,32.00,32.00,card,completed
ORD-102468,2026-09-15,United Kingdom,Apparel,Rain Jacket,1,120.00,120.00,apple_pay,completed
ORD-102469,2026-09-15,France,Home,Desk Lamp,1,35.00,35.00,card,completed
ORD-102470,2026-09-15,Germany,Apparel,Running Shoes,1,95.00,95.00,paypal,completed
ORD-102471,2026-09-16,Canada,Home,Air Purifier,3,149.00,447.00,card,completed
ORD-102472,2026-09-16,United States,Apparel,Running Shoes,1,95.00,95.00,paypal,completed
ORD-102473,2026-09-16,United States,Electronics,Smart Watch,1,199.00,199.00,paypal,completed
ORD-102474,2026-09-16,Canada,Home,Desk Lamp,2,35.00,70.00,card,completed
ORD-102475,2026-09-16,Poland,Beauty,Face Serum,1,32.00,32.00,card,completed
ORD-102476,2026-09-17,Canada,Electronics,Wireless Earbuds,1,79.00,79.00,card,completed
ORD-102477,2026-09-17,France,Electronics,Smart Watch,1,199.00,199.00,paypal,completed
ORD-102478,2026-09-17,United States,Home,Coffee Grinder,1,49.00,49.00,bnpl,completed
ORD-102479,2026-09-17,France,Apparel,Rain Jacket,3,120.00,360.00,card,completed
ORD-102480,2026-09-17,Canada,Beauty,Face Serum,1,32.00,32.00,card,completed
ORD-102481,2026-09-17,Spain,Electronics,Wireless Earbuds,1,79.00,79.00,card,completed
ORD-102482,2026-09-17,Canada,Apparel,Running Shoes,1,95.00,95.00,card,completed
ORD-102483,2026-09-17,Romania,Home,Desk Lamp,2,35.00,70.00,card,completed
ORD-102484,2026-09-17,Canada,Beauty,Face Serum,1,32.00,32.00,paypal,completed
ORD-102485,2026-09-18,United States,Apparel,Running Shoes,2,95.00,190.00,paypal,completed
ORD-102486,2026-09-18,United States,Home,Coffee Grinder,1,49.00,49.00,card,completed
ORD-102487,2026-09-18,France,Beauty,Hair Dryer,1,89.00,89.00,apple_pay,completed
ORD-102488,2026-09-18,United States,Apparel,Running Shoes,1,95.00,95.00,card,completed
ORD-102489,2026-09-19,United States,Home,Coffee Grinder,1,49.00,49.00,apple_pay,completed
ORD-102490,2026-09-19,Poland,Beauty,Face Serum,1,32.00,32.00,card,completed
ORD-102491,2026-09-19,United Kingdom,Home,Air Purifier,1,149.00,149.00,paypal,completed
ORD-102492,2026-09-19,United States,Beauty,Face Serum,2,32.00,64.00,bnpl,completed
ORD-102493,2026-09-19,United States,Beauty,Hair Dryer,1,89.00,89.00,apple_pay,completed
ORD-102494,2026-09-19,Canada,Electronics,Smart Watch,1,199.00,199.00,card,completed
ORD-102495,2026-09-20,United States,Electronics,Smart Watch,1,199.00,199.00,card,completed
ORD-102496,2026-09-20,United Kingdom,Apparel,Rain Jacket,1,120.00,120.00,card,completed
ORD-102497,2026-09-20,United Kingdom,Apparel,Running Shoes,1,95.00,95.00,bnpl,completed
ORD-102498,2026-09-20,United States,Beauty,Face Serum,1,32.00,32.00,apple_pay,refunded
ORD-102499,2026-09-21,United Kingdom,Electronics,Smart Watch,1,199.00,199.00,card,completed
ORD-102500,2026-09-21,France,Electronics,Wireless Earbuds,1,79.00,79.00,card,completed
ORD-102501,2026-09-21,France,Electronics,USB-C Hub,3,39.00,117.00,card,completed
ORD-102502,2026-09-21,United States,Apparel,Running Shoes,1,95.00,95.00,card,completed
ORD-102503,2026-09-21,Poland,Home,Air Purifier,1,149.00,149.00,paypal,completed
ORD-102504,2026-09-22,Poland,Home,Air Purifier,1,149.00,149.00,paypal,completed
ORD-102505,2026-09-22,France,Beauty,Hair Dryer,1,89.00,89.00,card,completed
ORD-102506,2026-09-22,Poland,Apparel,Wool Sweater,3,70.00,210.00,card,completed
ORD-102507,2026-09-22,United States,Electronics,USB-C Hub,1,39.00,39.00,paypal,completed
ORD-102508,2026-09-22,Spain,Beauty,Face Serum,1,32.00,32.00,paypal,completed
ORD-102509,2026-09-22,United States,Electronics,Bluetooth Speaker,1,59.00,59.00,card,completed
ORD-102510,2026-09-22,United Kingdom,Apparel,Wool Sweater,1,70.00,70.00,card,completed
ORD-102511,2026-09-23,Spain,Electronics,Bluetooth Speaker,1,59.00,59.00,card,completed
ORD-102512,2026-09-23,Spain,Electronics,Smart Watch,1,199.00,199.00,paypal,completed
ORD-102513,2026-09-23,France,Beauty,Face Serum,1,32.00,32.00,card,refunded
ORD-102514,2026-09-23,Poland,Home,Coffee Grinder,2,49.00,98.00,bnpl,completed
ORD-102515,2026-09-23,United States,Electronics,Bluetooth Speaker,1,59.00,59.00,card,completed
ORD-102516,2026-09-23,United States,Apparel,Rain Jacket,1,120.00,120.00,card,completed
ORD-102517,2026-09-23,United States,Apparel,Wool Sweater,1,70.00,70.00,card,completed
ORD-102518,2026-09-24,United States,Home,Desk Lamp,1,35.00,35.00,apple_pay,completed
ORD-102519,2026-09-24,Poland,Beauty,Hair Dryer,1,89.00,89.00,bnpl,completed
ORD-102520,2026-09-24,United States,Electronics,USB-C Hub,1,39.00,39.00,card,completed
ORD-102521,2026-09-24,Poland,Beauty,Hair Dryer,1,89.00,89.00,card,refunded
ORD-102522,2026-09-24,Spain,Home,Coffee Grinder,1,49.00,49.00,paypal,completed
ORD-102523,2026-09-25,United Kingdom,Beauty,Face Serum,3,32.00,96.00,card,completed
ORD-102524,2026-09-25,United Kingdom,Electronics,Wireless Earbuds,1,79.00,79.00,apple_pay,completed
ORD-102525,2026-09-25,Spain,Beauty,Face Serum,2,32.00,64.00,card,completed
ORD-102526,2026-09-25,France,Electronics,Wireless Earbuds,2,79.00,158.00,card,completed
ORD-102527,2026-09-25,Poland,Beauty,Face Serum,2,32.00,64.00,bnpl,completed
ORD-102528,2026-09-25,France,Electronics,USB-C Hub,1,39.00,39.00,card,refunded
ORD-102529,2026-09-25,United States,Electronics,Bluetooth Speaker,2,59.00,118.00,paypal,completed
ORD-102530,2026-09-26,France,Apparel,Rain Jacket,1,120.00,120.00,paypal,completed
ORD-102531,2026-09-26,Germany,Home,Desk Lamp,2,35.00,70.00,bnpl,completed
ORD-102532,2026-09-26,Spain,Electronics,USB-C Hub,1,39.00,39.00,bnpl,completed
ORD-102533,2026-09-26,United States,Beauty,Face Serum,1,32.00,32.00,card,completed
ORD-102534,2026-09-26,Spain,Home,Air Purifier,2,149.00,298.00,card,completed
ORD-102535,2026-09-26,United Kingdom,Home,Coffee Grinder,1,49.00,49.00,card,completed
ORD-102536,2026-09-26,Canada,Apparel,Running Shoes,1,95.00,95.00,card,completed
ORD-102537,2026-09-27,United States,Apparel,Wool Sweater,1,70.00,70.00,card,completed
ORD-102538,2026-09-27,Spain,Home,Coffee Grinder,1,49.00,49.00,card,completed
ORD-102539,2026-09-27,United States,Home,Coffee Grinder,1,49.00,49.00,card,completed
ORD-102540,2026-09-27,United States,Beauty,Hair Dryer,1,89.00,89.00,bnpl,completed
ORD-102541,2026-09-27,United States,Beauty,Face Serum,1,32.00,32.00,paypal,completed
ORD-102542,2026-09-27,United Kingdom,Apparel,Running Shoes,2,95.00,190.00,paypal,completed
ORD-102543,2026-09-27,Germany,Electronics,Smart Watch,1,199.00,199.00,apple_pay,completed
ORD-102544,2026-09-28,France,Home,Desk Lamp,1,35.00,35.00,card,completed
ORD-102545,2026-09-28,Germany,Apparel,Running Shoes,1,95.00,95.00,apple_pay,completed
ORD-102546,2026-09-28,Canada,Electronics,Wireless Earbuds,2,79.00,158.00,card,completed
ORD-102547,2026-09-28,United Kingdom,Electronics,Smart Watch,1,199.00,199.00,card,completed
ORD-102548,2026-09-28,Germany,Apparel,Wool Sweater,1,70.00,70.00,paypal,completed
ORD-102549,2026-09-28,Germany,Home,Desk Lamp,1,35.00,35.00,card,completed
ORD-102550,2026-09-28,United States,Beauty,Hair Dryer,1,89.00,89.00,card,completed
ORD-102551,2026-09-29,Canada,Electronics,USB-C Hub,1,39.00,39.00,card,completed
ORD-102552,2026-09-29,France,Apparel,Running Shoes,1,95.00,95.00,card,completed
ORD-102553,2026-09-29,United States,Home,Air Purifier,1,149.00,149.00,card,completed
ORD-102554,2026-09-29,Spain,Electronics,Smart Watch,1,199.00,199.00,card,completed
ORD-102555,2026-09-29,France,Electronics,USB-C Hub,1,39.00,39.00,paypal,completed
ORD-102556,2026-09-29,Poland,Beauty,Face Serum,1,32.00,32.00,apple_pay,completed
ORD-102557,2026-09-29,Poland,Beauty,Face Serum,1,32.00,32.00,card,completed
ORD-102558,2026-09-29,France,Apparel,Wool Sweater,3,70.00,210.00,paypal,completed
ORD-102559,2026-09-29,France,Beauty,Face Serum,1,32.00,32.00,card,completed
ORD-102560,2026-09-30,Germany,Beauty,Face Serum,1,32.00,32.00,card,completed
ORD-102561,2026-09-30,United States,Beauty,Hair Dryer,1,89.00,89.00,card,completed
ORD-102562,2026-09-30,Spain,Electronics,Bluetooth Speaker,1,59.00,59.00,paypal,completed
ORD-102563,2026-09-30,United States,Apparel,Rain Jacket,1,120.00,120.00,card,completed
ORD-102564,2026-09-30,United States,Apparel,Rain Jacket,1,120.00,120.00,paypal,completed
ORD-102565,2026-09-30,Canada,Home,Air Purifier,1,149.00,149.00,bnpl,refunded
ORD-102566,2026-09-30,France,Home,Air Purifier,1,149.00,149.00,paypal,completed
ORD-102567,2026-09-30,Poland,Home,Air Purifier,1,149.00,149.00,card,completed
