invoice_id,customer_id,invoice_date,plan,billing_cycle,mrr,amount,currency,payment_method,status,country
INV-5001,CUS-0020,2025-10-02,Pro,monthly,99.00,99.00,USD,sepa_debit,paid,Canada
INV-5002,CUS-0037,2025-10-02,Starter,monthly,29.00,29.00,USD,card,paid,Romania
INV-5003,CUS-0053,2025-10-02,Business,annual,299.00,2978.04,USD,card,paid,Germany
INV-5004,CUS-0057,2025-10-02,Starter,monthly,29.00,29.00,USD,card,paid,United Kingdom
INV-5005,CUS-0070,2025-10-02,Starter,annual,29.00,288.84,USD,card,paid,United States
INV-5006,CUS-0073,2025-10-02,Pro,annual,99.00,986.04,USD,sepa_debit,paid,United States
INV-5007,CUS-0074,2025-10-02,Pro,monthly,99.00,99.00,USD,card,paid,Romania
INV-5008,CUS-0076,2025-10-02,Pro,monthly,99.00,99.00,USD,card,refunded,Poland
INV-5009,CUS-0077,2025-10-02,Business,annual,299.00,2978.04,USD,invoice,refunded,United States
INV-5010,CUS-0078,2025-10-02,Starter,monthly,29.00,29.00,USD,card,paid,United States
INV-5011,CUS-0081,2025-10-02,Starter,annual,29.00,288.84,USD,card,failed,Canada
INV-5012,CUS-0093,2025-10-02,Starter,monthly,29.00,29.00,USD,card,paid,United States
INV-5013,CUS-0102,2025-10-02,Starter,annual,29.00,288.84,USD,sepa_debit,paid,United States
INV-5014,CUS-0111,2025-10-02,Starter,monthly,29.00,29.00,USD,card,failed,United States
INV-5015,CUS-0137,2025-10-02,Business,monthly,299.00,299.00,USD,card,paid,Germany
INV-5016,CUS-0139,2025-10-02,Starter,monthly,29.00,29.00,USD,card,paid,United States
INV-5017,CUS-0141,2025-10-02,Pro,monthly,99.00,99.00,USD,card,failed,Germany
INV-5018,CUS-0156,2025-10-02,Business,monthly,299.00,299.00,USD,card,paid,Germany
INV-5019,CUS-0185,2025-10-02,Pro,monthly,99.00,99.00,USD,card,paid,Romania
INV-5020,CUS-0195,2025-10-02,Starter,annual,29.00,288.84,USD,card,paid,United States
INV-5021,CUS-0196,2025-10-02,Pro,monthly,99.00,99.00,USD,card,paid,United Kingdom
INV-5022,CUS-0223,2025-10-02,Pro,monthly,99.00,99.00,USD,card,paid,Canada
INV-5023,CUS-0229,2025-10-02,Starter,monthly,29.00,29.00,USD,invoice,paid,Poland
INV-5024,CUS-0014,2025-11-11,Pro,monthly,99.00,99.00,USD,card,paid,United Kingdom
INV-5025,CUS-0018,2025-11-11,Pro,monthly,99.00,99.00,USD,invoice,paid,United States
INV-5026,CUS-0020,2025-11-11,Pro,monthly,99.00,99.00,USD,sepa_debit,paid,Canada
INV-5027,CUS-0026,2025-11-11,Pro,monthly,99.00,99.00,USD,card,paid,France
INV-5028,CUS-0030,2025-11-11,Pro,monthly,99.00,99.00,USD,sepa_debit,paid,United Kingdom
INV-5029,CUS-0037,2025-11-11,Starter,monthly,29.00,29.00,USD,card,paid,Romania
INV-5030,CUS-0042,2025-11-11,Starter,monthly,29.00,29.00,USD,card,paid,United States
INV-5031,CUS-0057,2025-11-11,Starter,monthly,29.00,29.00,USD,card,paid,United Kingdom
INV-5032,CUS-0065,2025-11-11,Pro,monthly,99.00,99.00,USD,sepa_debit,failed,United States
INV-5033,CUS-0074,2025-11-11,Pro,monthly,99.00,99.00,USD,card,paid,Romania
INV-5034,CUS-0076,2025-11-11,Pro,monthly,99.00,99.00,USD,card,paid,Poland
INV-5035,CUS-0078,2025-11-11,Starter,monthly,29.00,29.00,USD,card,paid,United States
INV-5036,CUS-0080,2025-11-11,Starter,monthly,29.00,29.00,USD,card,paid,United States
INV-5037,CUS-0089,2025-11-11,Starter,monthly,29.00,29.00,USD,card,paid,Romania
INV-5038,CUS-0093,2025-11-11,Starter,monthly,29.00,29.00,USD,card,failed,United States
INV-5039,CUS-0104,2025-11-11,Pro,monthly,99.00,99.00,USD,card,failed,Germany
INV-5040,CUS-0111,2025-11-11,Starter,monthly,29.00,29.00,USD,card,paid,United States
INV-5041,CUS-0112,2025-11-11,Pro,annual,99.00,986.04,USD,invoice,paid,Germany
INV-5042,CUS-0115,2025-11-11,Business,annual,299.00,2978.04,USD,sepa_debit,paid,Germany
INV-5043,CUS-0120,2025-11-11,Starter,monthly,29.00,29.00,USD,card,paid,United States
INV-5044,CUS-0123,2025-11-11,Starter,monthly,29.00,29.00,USD,card,paid,Romania
INV-5045,CUS-0129,2025-11-11,Starter,monthly,29.00,29.00,USD,card,refunded,United States
INV-5046,CUS-0134,2025-11-11,Starter,annual,29.00,288.84,USD,card,paid,United States
INV-5047,CUS-0137,2025-11-11,Business,monthly,299.00,299.00,USD,card,paid,Germany
INV-5048,CUS-0138,2025-11-11,Business,monthly,299.00,299.00,USD,card,failed,United Kingdom
INV-5049,CUS-0139,2025-11-11,Starter,monthly,29.00,29.00,USD,card,refunded,United States
INV-5050,CUS-0140,2025-11-11,Pro,monthly,99.00,99.00,USD,sepa_debit,paid,Poland
INV-5051,CUS-0141,2025-11-11,Pro,monthly,99.00,99.00,USD,card,paid,Germany
INV-5052,CUS-0143,2025-11-11,Starter,monthly,29.00,29.00,USD,sepa_debit,paid,United Kingdom
INV-5053,CUS-0146,2025-11-11,Pro,monthly,99.00,99.00,USD,card,paid,Germany
INV-5054,CUS-0147,2025-11-11,Pro,annual,99.00,986.04,USD,card,paid,Poland
INV-5055,CUS-0156,2025-11-11,Business,monthly,299.00,299.00,USD,card,paid,Germany
INV-5056,CUS-0162,2025-11-11,Starter,annual,29.00,288.84,USD,card,paid,France
INV-5057,CUS-0175,2025-11-11,Pro,monthly,99.00,99.00,USD,invoice,paid,Germany
INV-5058,CUS-0178,2025-11-11,Starter,monthly,29.00,29.00,USD,sepa_debit,paid,Germany
INV-5059,CUS-0181,2025-11-11,Business,monthly,299.00,299.00,USD,sepa_debit,paid,Canada
INV-5060,CUS-0182,2025-11-11,Pro,monthly,99.00,99.00,USD,card,paid,Germany
INV-5061,CUS-0185,2025-11-11,Pro,monthly,99.00,99.00,USD,card,paid,Romania
INV-5062,CUS-0196,2025-11-11,Pro,monthly,99.00,99.00,USD,card,paid,United Kingdom
INV-5063,CUS-0198,2025-11-11,Pro,annual,99.00,986.04,USD,card,paid,United States
INV-5064,CUS-0201,2025-11-11,Starter,monthly,29.00,29.00,USD,card,paid,Spain
INV-5065,CUS-0212,2025-11-11,Starter,annual,29.00,288.84,USD,card,failed,United Kingdom
INV-5066,CUS-0216,2025-11-11,Business,annual,299.00,2978.04,USD,card,paid,United Kingdom
INV-5067,CUS-0223,2025-11-11,Pro,monthly,99.00,99.00,USD,card,failed,Canada
INV-5068,CUS-0229,2025-11-11,Starter,monthly,29.00,29.00,USD,invoice,paid,Poland
INV-5069,CUS-0230,2025-11-11,Pro,annual,99.00,986.04,USD,sepa_debit,failed,France
INV-5070,CUS-0233,2025-11-11,Starter,monthly,29.00,29.00,USD,sepa_debit,paid,Canada
INV-5071,CUS-0236,2025-11-11,Starter,annual,29.00,288.84,USD,card,refunded,Poland
INV-5072,CUS-0004,2025-12-03,Pro,monthly,99.00,99.00,USD,card,paid,United States
INV-5073,CUS-0014,2025-12-03,Pro,monthly,99.00,99.00,USD,card,paid,United Kingdom
INV-5074,CUS-0015,2025-12-03,Starter,monthly,29.00,29.00,USD,card,failed,United Kingdom
INV-5075,CUS-0018,2025-12-03,Pro,monthly,99.00,99.00,USD,invoice,paid,United States
INV-5076,CUS-0020,2025-12-03,Pro,monthly,99.00,99.00,USD,sepa_debit,paid,Canada
INV-5077,CUS-0026,2025-12-03,Pro,monthly,99.00,99.00,USD,card,paid,France
INV-5078,CUS-0027,2025-12-03,Starter,annual,29.00,288.84,USD,card,failed,United States
INV-5079,CUS-0030,2025-12-03,Pro,monthly,99.00,99.00,USD,sepa_debit,paid,United Kingdom
INV-5080,CUS-0034,2025-12-03,Starter,annual,29.00,288.84,USD,card,paid,United States
INV-5081,CUS-0035,2025-12-03,Pro,monthly,99.00,99.00,USD,card,paid,United States
INV-5082,CUS-0037,2025-12-03,Starter,monthly,29.00,29.00,USD,card,paid,Romania
INV-5083,CUS-0038,2025-12-03,Pro,monthly,99.00,99.00,USD,card,paid,Romania
INV-5084,CUS-0042,2025-12-03,Starter,monthly,29.00,29.00,USD,card,paid,United States
INV-5085,CUS-0057,2025-12-03,Starter,monthly,29.00,29.00,USD,card,paid,United Kingdom
INV-5086,CUS-0065,2025-12-03,Pro,monthly,99.00,99.00,USD,sepa_debit,paid,United States
INV-5087,CUS-0074,2025-12-03,Pro,monthly,99.00,99.00,USD,card,failed,Romania
INV-5088,CUS-0076,2025-12-03,Pro,monthly,99.00,99.00,USD,card,failed,Poland
INV-5089,CUS-0078,2025-12-03,Starter,monthly,29.00,29.00,USD,card,paid,United States
INV-5090,CUS-0080,2025-12-03,Starter,monthly,29.00,29.00,USD,card,paid,United States
INV-5091,CUS-0089,2025-12-03,Starter,monthly,29.00,29.00,USD,card,paid,Romania
INV-5092,CUS-0093,2025-12-03,Starter,monthly,29.00,29.00,USD,card,paid,United States
INV-5093,CUS-0097,2025-12-03,Pro,monthly,99.00,99.00,USD,card,paid,France
INV-5094,CUS-0104,2025-12-03,Pro,monthly,99.00,99.00,USD,card,paid,Germany
INV-5095,CUS-0109,2025-12-03,Starter,monthly,29.00,29.00,USD,invoice,paid,Romania
INV-5096,CUS-0111,2025-12-03,Starter,monthly,29.00,29.00,USD,card,paid,United States
INV-5097,CUS-0120,2025-12-03,Starter,monthly,29.00,29.00,USD,card,paid,United States
INV-5098,CUS-0123,2025-12-03,Starter,monthly,29.00,29.00,USD,card,paid,Romania
INV-5099,CUS-0124,2025-12-03,Starter,monthly,29.00,29.00,USD,card,paid,Canada
INV-5100,CUS-0129,2025-12-03,Starter,monthly,29.00,29.00,USD,card,paid,United States
INV-5101,CUS-0136,2025-12-03,Starter,monthly,29.00,29.00,USD,card,paid,United Kingdom
INV-5102,CUS-0137,2025-12-03,Business,monthly,299.00,299.00,USD,card,paid,Germany
INV-5103,CUS-0138,2025-12-03,Business,monthly,299.00,299.00,USD,card,paid,United Kingdom
INV-5104,CUS-0139,2025-12-03,Starter,monthly,29.00,29.00,USD,card,paid,United States
INV-5105,CUS-0140,2025-12-03,Pro,monthly,99.00,99.00,USD,sepa_debit,paid,Poland
INV-5106,CUS-0141,2025-12-03,Pro,monthly,99.00,99.00,USD,card,paid,Germany
INV-5107,CUS-0143,2025-12-03,Starter,monthly,29.00,29.00,USD,sepa_debit,paid,United Kingdom
INV-5108,CUS-0146,2025-12-03,Pro,monthly,99.00,99.00,USD,card,paid,Germany
INV-5109,CUS-0156,2025-12-03,Business,monthly,299.00,299.00,USD,card,failed,Germany
INV-5110,CUS-0160,2025-12-03,Business,monthly,299.00,299.00,USD,card,paid,Spain
INV-5111,CUS-0167,2025-12-03,Starter,annual,29.00,288.84,USD,card,paid,United Kingdom
INV-5112,CUS-0175,2025-12-03,Pro,monthly,99.00,99.00,USD,invoice,paid,Germany
INV-5113,CUS-0176,2025-12-03,Business,monthly,299.00,299.00,USD,card,refunded,United States
INV-5114,CUS-0177,2025-12-03,Starter,annual,29.00,288.84,USD,card,paid,Germany
INV-5115,CUS-0178,2025-12-03,Starter,monthly,29.00,29.00,USD,sepa_debit,paid,Germany
INV-5116,CUS-0181,2025-12-03,Business,monthly,299.00,299.00,USD,sepa_debit,paid,Canada
INV-5117,CUS-0182,2025-12-03,Pro,monthly,99.00,99.00,USD,card,paid,Germany
INV-5118,CUS-0185,2025-12-03,Pro,monthly,99.00,99.00,USD,card,paid,Romania
INV-5119,CUS-0192,2025-12-03,Starter,monthly,29.00,29.00,USD,sepa_debit,paid,United States
INV-5120,CUS-0196,2025-12-03,Pro,monthly,99.00,99.00,USD,card,paid,United Kingdom
INV-5121,CUS-0201,2025-12-03,Starter,monthly,29.00,29.00,USD,card,paid,Spain
INV-5122,CUS-0213,2025-12-03,Starter,monthly,29.00,29.00,USD,invoice,paid,United States
INV-5123,CUS-0214,2025-12-03,Starter,annual,29.00,288.84,USD,card,paid,Germany
INV-5124,CUS-0223,2025-12-03,Pro,monthly,99.00,99.00,USD,card,paid,Canada
INV-5125,CUS-0227,2025-12-03,Starter,monthly,29.00,29.00,USD,sepa_debit,paid,Spain
INV-5126,CUS-0229,2025-12-03,Starter,monthly,29.00,29.00,USD,invoice,paid,Poland
INV-5127,CUS-0233,2025-12-03,Starter,monthly,29.00,29.00,USD,sepa_debit,paid,Canada
INV-5128,CUS-0234,2025-12-03,Pro,monthly,99.00,99.00,USD,card,failed,United Kingdom
INV-5129,CUS-0240,2025-12-03,Pro,annual,99.00,986.04,USD,sepa_debit,paid,United States
INV-5130,CUS-0003,2026-01-03,Starter,annual,29.00,288.84,USD,card,paid,United Kingdom
INV-5131,CUS-0004,2026-01-03,Pro,monthly,99.00,99.00,USD,card,paid,United States
INV-5132,CUS-0005,2026-01-03,Pro,annual,99.00,986.04,USD,card,failed,Canada
INV-5133,CUS-0008,2026-01-03,Business,monthly,299.00,299.00,USD,card,failed,Spain
INV-5134,CUS-0014,2026-01-03,Pro,monthly,99.00,99.00,USD,card,refunded,United Kingdom
INV-5135,CUS-0015,2026-01-03,Starter,monthly,29.00,29.00,USD,card,paid,United Kingdom
INV-5136,CUS-0018,2026-01-03,Pro,monthly,99.00,99.00,USD,invoice,paid,United States
INV-5137,CUS-0020,2026-01-03,Pro,monthly,99.00,99.00,USD,sepa_debit,paid,Canada
INV-5138,CUS-0026,2026-01-03,Pro,monthly,99.00,99.00,USD,card,failed,France
INV-5139,CUS-0028,2026-01-03,Pro,monthly,99.00,99.00,USD,card,paid,Canada
INV-5140,CUS-0030,2026-01-03,Pro,monthly,99.00,99.00,USD,sepa_debit,paid,United Kingdom
INV-5141,CUS-0035,2026-01-03,Pro,monthly,99.00,99.00,USD,card,paid,United States
INV-5142,CUS-0037,2026-01-03,Starter,monthly,29.00,29.00,USD,card,paid,Romania
INV-5143,CUS-0038,2026-01-03,Pro,monthly,99.00,99.00,USD,card,paid,Romania
INV-5144,CUS-0042,2026-01-03,Starter,monthly,29.00,29.00,USD,card,paid,United States
INV-5145,CUS-0043,2026-01-03,Starter,monthly,29.00,29.00,USD,sepa_debit,paid,United States
INV-5146,CUS-0048,2026-01-03,Starter,monthly,29.00,29.00,USD,sepa_debit,paid,Romania
INV-5147,CUS-0051,2026-01-03,Starter,monthly,29.00,29.00,USD,card,paid,United States
INV-5148,CUS-0057,2026-01-03,Starter,monthly,29.00,29.00,USD,card,failed,United Kingdom
INV-5149,CUS-0065,2026-01-03,Pro,monthly,99.00,99.00,USD,sepa_debit,paid,United States
INV-5150,CUS-0068,2026-01-03,Business,monthly,299.00,299.00,USD,card,paid,United States
INV-5151,CUS-0072,2026-01-03,Pro,monthly,99.00,99.00,USD,sepa_debit,paid,United States
INV-5152,CUS-0074,2026-01-03,Pro,monthly,99.00,99.00,USD,card,paid,Romania
INV-5153,CUS-0076,2026-01-03,Pro,monthly,99.00,99.00,USD,card,paid,Poland
INV-5154,CUS-0078,2026-01-03,Starter,monthly,29.00,29.00,USD,card,failed,United States
INV-5155,CUS-0080,2026-01-03,Starter,monthly,29.00,29.00,USD,card,paid,United States
INV-5156,CUS-0087,2026-01-03,Starter,annual,29.00,288.84,USD,card,paid,Romania
INV-5157,CUS-0089,2026-01-03,Starter,monthly,29.00,29.00,USD,card,paid,Romania
INV-5158,CUS-0091,2026-01-03,Pro,monthly,99.00,99.00,USD,card,paid,United States
INV-5159,CUS-0093,2026-01-03,Starter,monthly,29.00,29.00,USD,card,paid,United States
INV-5160,CUS-0095,2026-01-03,Starter,monthly,29.00,29.00,USD,card,paid,United States
INV-5161,CUS-0097,2026-01-03,Pro,monthly,99.00,99.00,USD,card,paid,France
INV-5162,CUS-0100,2026-01-03,Business,monthly,299.00,299.00,USD,card,paid,Poland
INV-5163,CUS-0104,2026-01-03,Pro,monthly,99.00,99.00,USD,card,paid,Germany
INV-5164,CUS-0109,2026-01-03,Starter,monthly,29.00,29.00,USD,invoice,paid,Romania
INV-5165,CUS-0111,2026-01-03,Starter,monthly,29.00,29.00,USD,card,paid,United States
INV-5166,CUS-0119,2026-01-03,Starter,monthly,29.00,29.00,USD,sepa_debit,paid,United States
INV-5167,CUS-0120,2026-01-03,Starter,monthly,29.00,29.00,USD,card,failed,United States
INV-5168,CUS-0123,2026-01-03,Starter,monthly,29.00,29.00,USD,card,paid,Romania
INV-5169,CUS-0124,2026-01-03,Starter,monthly,29.00,29.00,USD,card,paid,Canada
INV-5170,CUS-0129,2026-01-03,Starter,monthly,29.00,29.00,USD,card,paid,United States
INV-5171,CUS-0131,2026-01-03,Pro,monthly,99.00,99.00,USD,invoice,paid,Spain
INV-5172,CUS-0135,2026-01-03,Pro,annual,99.00,986.04,USD,card,failed,France
INV-5173,CUS-0136,2026-01-03,Starter,monthly,29.00,29.00,USD,card,paid,United Kingdom
INV-5174,CUS-0137,2026-01-03,Business,monthly,299.00,299.00,USD,card,paid,Germany
INV-5175,CUS-0138,2026-01-03,Business,monthly,299.00,299.00,USD,card,paid,United Kingdom
INV-5176,CUS-0139,2026-01-03,Starter,monthly,29.00,29.00,USD,card,paid,United States
INV-5177,CUS-0140,2026-01-03,Pro,monthly,99.00,99.00,USD,sepa_debit,paid,Poland
INV-5178,CUS-0141,2026-01-03,Pro,monthly,99.00,99.00,USD,card,paid,Germany
INV-5179,CUS-0143,2026-01-03,Starter,monthly,29.00,29.00,USD,sepa_debit,paid,United Kingdom
INV-5180,CUS-0146,2026-01-03,Pro,monthly,99.00,99.00,USD,card,paid,Germany
INV-5181,CUS-0150,2026-01-03,Pro,monthly,99.00,99.00,USD,sepa_debit,paid,Poland
INV-5182,CUS-0156,2026-01-03,Business,monthly,299.00,299.00,USD,card,paid,Germany
INV-5183,CUS-0160,2026-01-03,Business,monthly,299.00,299.00,USD,card,paid,Spain
INV-5184,CUS-0173,2026-01-03,Pro,monthly,99.00,99.00,USD,sepa_debit,paid,Germany
INV-5185,CUS-0175,2026-01-03,Pro,monthly,99.00,99.00,USD,invoice,paid,Germany
INV-5186,CUS-0176,2026-01-03,Business,monthly,299.00,299.00,USD,card,paid,United States
INV-5187,CUS-0178,2026-01-03,Starter,monthly,29.00,29.00,USD,sepa_debit,paid,Germany
INV-5188,CUS-0180,2026-01-03,Pro,monthly,99.00,99.00,USD,card,paid,United States
INV-5189,CUS-0181,2026-01-03,Business,monthly,299.00,299.00,USD,sepa_debit,paid,Canada
INV-5190,CUS-0182,2026-01-03,Pro,monthly,99.00,99.00,USD,card,paid,Germany
INV-5191,CUS-0185,2026-01-03,Pro,monthly,99.00,99.00,USD,card,paid,Romania
INV-5192,CUS-0192,2026-01-03,Starter,monthly,29.00,29.00,USD,sepa_debit,paid,United States
INV-5193,CUS-0194,2026-01-03,Pro,monthly,99.00,99.00,USD,card,paid,United States
INV-5194,CUS-0196,2026-01-03,Pro,monthly,99.00,99.00,USD,card,paid,United Kingdom
INV-5195,CUS-0199,2026-01-03,Business,monthly,299.00,299.00,USD,invoice,failed,Germany
INV-5196,CUS-0201,2026-01-03,Starter,monthly,29.00,29.00,USD,card,paid,Spain
INV-5197,CUS-0208,2026-01-03,Starter,monthly,29.00,29.00,USD,sepa_debit,paid,United States
INV-5198,CUS-0213,2026-01-03,Starter,monthly,29.00,29.00,USD,invoice,paid,United States
INV-5199,CUS-0223,2026-01-03,Pro,monthly,99.00,99.00,USD,card,paid,Canada
INV-5200,CUS-0227,2026-01-03,Starter,monthly,29.00,29.00,USD,sepa_debit,paid,Spain
INV-5201,CUS-0229,2026-01-03,Starter,monthly,29.00,29.00,USD,invoice,paid,Poland
INV-5202,CUS-0231,2026-01-03,Starter,monthly,29.00,29.00,USD,sepa_debit,paid,Canada
INV-5203,CUS-0233,2026-01-03,Starter,monthly,29.00,29.00,USD,sepa_debit,paid,Canada
INV-5204,CUS-0234,2026-01-03,Pro,monthly,99.00,99.00,USD,card,paid,United Kingdom
INV-5205,CUS-0237,2026-01-03,Business,monthly,299.00,299.00,USD,card,paid,United Kingdom
INV-5206,CUS-0004,2026-02-14,Pro,monthly,99.00,99.00,USD,card,paid,United States
INV-5207,CUS-0008,2026-02-14,Business,monthly,299.00,299.00,USD,card,paid,Spain
INV-5208,CUS-0014,2026-02-14,Pro,monthly,99.00,99.00,USD,card,paid,United Kingdom
INV-5209,CUS-0015,2026-02-14,Starter,monthly,29.00,29.00,USD,card,paid,United Kingdom
INV-5210,CUS-0018,2026-02-14,Pro,monthly,99.00,99.00,USD,invoice,failed,United States
INV-5211,CUS-0020,2026-02-14,Pro,monthly,99.00,99.00,USD,sepa_debit,paid,Canada
INV-5212,CUS-0026,2026-02-14,Pro,monthly,99.00,99.00,USD,card,paid,France
INV-5213,CUS-0028,2026-02-14,Pro,monthly,99.00,99.00,USD,card,paid,Canada
INV-5214,CUS-0030,2026-02-14,Pro,monthly,99.00,99.00,USD,sepa_debit,paid,United Kingdom
INV-5215,CUS-0035,2026-02-14,Pro,monthly,99.00,99.00,USD,card,paid,United States
INV-5216,CUS-0037,2026-02-14,Starter,monthly,29.00,29.00,USD,card,paid,Romania
INV-5217,CUS-0038,2026-02-14,Pro,monthly,99.00,99.00,USD,card,paid,Romania
INV-5218,CUS-0039,2026-02-14,Starter,monthly,29.00,29.00,USD,card,paid,Poland
INV-5219,CUS-0042,2026-02-14,Starter,monthly,29.00,29.00,USD,card,paid,United States
INV-5220,CUS-0043,2026-02-14,Starter,monthly,29.00,29.00,USD,sepa_debit,paid,United States
INV-5221,CUS-0047,2026-02-14,Business,monthly,299.00,299.00,USD,invoice,paid,United Kingdom
INV-5222,CUS-0048,2026-02-14,Starter,monthly,29.00,29.00,USD,sepa_debit,paid,Romania
INV-5223,CUS-0049,2026-02-14,Starter,annual,29.00,288.84,USD,card,paid,Germany
INV-5224,CUS-0051,2026-02-14,Starter,monthly,29.00,29.00,USD,card,failed,United States
INV-5225,CUS-0057,2026-02-14,Starter,monthly,29.00,29.00,USD,card,failed,United Kingdom
INV-5226,CUS-0065,2026-02-14,Pro,monthly,99.00,99.00,USD,sepa_debit,paid,United States
INV-5227,CUS-0068,2026-02-14,Business,monthly,299.00,299.00,USD,card,paid,United States
INV-5228,CUS-0069,2026-02-14,Starter,monthly,29.00,29.00,USD,card,paid,France
INV-5229,CUS-0072,2026-02-14,Pro,monthly,99.00,99.00,USD,sepa_debit,paid,United States
INV-5230,CUS-0074,2026-02-14,Pro,monthly,99.00,99.00,USD,card,paid,Romania
INV-5231,CUS-0076,2026-02-14,Pro,monthly,99.00,99.00,USD,card,paid,Poland
INV-5232,CUS-0078,2026-02-14,Starter,monthly,29.00,29.00,USD,card,paid,United States
INV-5233,CUS-0080,2026-02-14,Starter,monthly,29.00,29.00,USD,card,paid,United States
INV-5234,CUS-0083,2026-02-14,Business,monthly,299.00,299.00,USD,sepa_debit,paid,United Kingdom
INV-5235,CUS-0089,2026-02-14,Starter,monthly,29.00,29.00,USD,card,paid,Romania
INV-5236,CUS-0091,2026-02-14,Pro,monthly,99.00,99.00,USD,card,paid,United States
INV-5237,CUS-0092,2026-02-14,Business,annual,299.00,2978.04,USD,invoice,paid,United States
INV-5238,CUS-0093,2026-02-14,Starter,monthly,29.00,29.00,USD,card,paid,United States
INV-5239,CUS-0095,2026-02-14,Starter,monthly,29.00,29.00,USD,card,paid,United States
INV-5240,CUS-0097,2026-02-14,Pro,monthly,99.00,99.00,USD,card,paid,France
INV-5241,CUS-0098,2026-02-14,Starter,annual,29.00,288.84,USD,card,paid,United Kingdom
INV-5242,CUS-0100,2026-02-14,Business,monthly,299.00,299.00,USD,card,paid,Poland
INV-5243,CUS-0101,2026-02-14,Starter,monthly,29.00,29.00,USD,sepa_debit,paid,Poland
INV-5244,CUS-0104,2026-02-14,Pro,monthly,99.00,99.00,USD,card,paid,Germany
INV-5245,CUS-0106,2026-02-14,Starter,monthly,29.00,29.00,USD,card,paid,United States
INV-5246,CUS-0109,2026-02-14,Starter,monthly,29.00,29.00,USD,invoice,paid,Romania
INV-5247,CUS-0111,2026-02-14,Starter,monthly,29.00,29.00,USD,card,paid,United States
INV-5248,CUS-0119,2026-02-14,Starter,monthly,29.00,29.00,USD,sepa_debit,paid,United States
INV-5249,CUS-0120,2026-02-14,Starter,monthly,29.00,29.00,USD,card,paid,United States
INV-5250,CUS-0123,2026-02-14,Starter,monthly,29.00,29.00,USD,card,refunded,Romania
INV-5251,CUS-0124,2026-02-14,Starter,monthly,29.00,29.00,USD,card,paid,Canada
INV-5252,CUS-0127,2026-02-14,Pro,annual,99.00,986.04,USD,sepa_debit,paid,Spain
INV-5253,CUS-0128,2026-02-14,Pro,monthly,99.00,99.00,USD,card,paid,Spain
INV-5254,CUS-0129,2026-02-14,Starter,monthly,29.00,29.00,USD,card,failed,United States
INV-5255,CUS-0131,2026-02-14,Pro,monthly,99.00,99.00,USD,invoice,paid,Spain
INV-5256,CUS-0136,2026-02-14,Starter,monthly,29.00,29.00,USD,card,paid,United Kingdom
INV-5257,CUS-0137,2026-02-14,Business,monthly,299.00,299.00,USD,card,paid,Germany
INV-5258,CUS-0138,2026-02-14,Business,monthly,299.00,299.00,USD,card,paid,United Kingdom
INV-5259,CUS-0139,2026-02-14,Starter,monthly,29.00,29.00,USD,card,paid,United States
INV-5260,CUS-0140,2026-02-14,Pro,monthly,99.00,99.00,USD,sepa_debit,paid,Poland
INV-5261,CUS-0141,2026-02-14,Pro,monthly,99.00,99.00,USD,card,paid,Germany
INV-5262,CUS-0143,2026-02-14,Starter,monthly,29.00,29.00,USD,sepa_debit,paid,United Kingdom
INV-5263,CUS-0146,2026-02-14,Pro,monthly,99.00,99.00,USD,card,paid,Germany
INV-5264,CUS-0150,2026-02-14,Pro,monthly,99.00,99.00,USD,sepa_debit,paid,Poland
INV-5265,CUS-0155,2026-02-14,Starter,monthly,29.00,29.00,USD,sepa_debit,paid,United States
INV-5266,CUS-0156,2026-02-14,Business,monthly,299.00,299.00,USD,card,paid,Germany
INV-5267,CUS-0160,2026-02-14,Business,monthly,299.00,299.00,USD,card,paid,Spain
INV-5268,CUS-0168,2026-02-14,Starter,monthly,29.00,29.00,USD,card,failed,United States
INV-5269,CUS-0170,2026-02-14,Pro,annual,99.00,986.04,USD,card,paid,France
INV-5270,CUS-0173,2026-02-14,Pro,monthly,99.00,99.00,USD,sepa_debit,paid,Germany
INV-5271,CUS-0174,2026-02-14,Starter,monthly,29.00,29.00,USD,invoice,paid,Spain
INV-5272,CUS-0175,2026-02-14,Pro,monthly,99.00,99.00,USD,invoice,paid,Germany
INV-5273,CUS-0176,2026-02-14,Business,monthly,299.00,299.00,USD,card,paid,United States
INV-5274,CUS-0178,2026-02-14,Starter,monthly,29.00,29.00,USD,sepa_debit,paid,Germany
INV-5275,CUS-0180,2026-02-14,Pro,monthly,99.00,99.00,USD,card,paid,United States
INV-5276,CUS-0181,2026-02-14,Business,monthly,299.00,299.00,USD,sepa_debit,paid,Canada
INV-5277,CUS-0182,2026-02-14,Pro,monthly,99.00,99.00,USD,card,paid,Germany
INV-5278,CUS-0185,2026-02-14,Pro,monthly,99.00,99.00,USD,card,paid,Romania
INV-5279,CUS-0188,2026-02-14,Pro,annual,99.00,986.04,USD,card,paid,Poland
INV-5280,CUS-0194,2026-02-14,Pro,monthly,99.00,99.00,USD,card,paid,United States
INV-5281,CUS-0196,2026-02-14,Pro,monthly,99.00,99.00,USD,card,paid,United Kingdom
INV-5282,CUS-0201,2026-02-14,Starter,monthly,29.00,29.00,USD,card,paid,Spain
INV-5283,CUS-0206,2026-02-14,Pro,monthly,99.00,99.00,USD,invoice,paid,Canada
INV-5284,CUS-0208,2026-02-14,Starter,monthly,29.00,29.00,USD,sepa_debit,paid,United States
INV-5285,CUS-0213,2026-02-14,Starter,monthly,29.00,29.00,USD,invoice,paid,United States
INV-5286,CUS-0217,2026-02-14,Starter,monthly,29.00,29.00,USD,card,failed,France
INV-5287,CUS-0219,2026-02-14,Starter,monthly,29.00,29.00,USD,card,paid,United Kingdom
INV-5288,CUS-0223,2026-02-14,Pro,monthly,99.00,99.00,USD,card,paid,Canada
INV-5289,CUS-0226,2026-02-14,Starter,monthly,29.00,29.00,USD,sepa_debit,paid,United Kingdom
INV-5290,CUS-0227,2026-02-14,Starter,monthly,29.00,29.00,USD,sepa_debit,paid,Spain
INV-5291,CUS-0229,2026-02-14,Starter,monthly,29.00,29.00,USD,invoice,paid,Poland
INV-5292,CUS-0231,2026-02-14,Starter,monthly,29.00,29.00,USD,sepa_debit,paid,Canada
INV-5293,CUS-0233,2026-02-14,Starter,monthly,29.00,29.00,USD,sepa_debit,paid,Canada
INV-5294,CUS-0234,2026-02-14,Pro,monthly,99.00,99.00,USD,card,failed,United Kingdom
INV-5295,CUS-0237,2026-02-14,Business,monthly,299.00,299.00,USD,card,paid,United Kingdom
INV-5296,CUS-0002,2026-03-25,Pro,monthly,99.00,99.00,USD,card,paid,Canada
INV-5297,CUS-0004,2026-03-25,Pro,monthly,99.00,99.00,USD,card,paid,United States
INV-5298,CUS-0007,2026-03-25,Pro,monthly,99.00,99.00,USD,card,paid,Spain
INV-5299,CUS-0008,2026-03-25,Business,monthly,299.00,299.00,USD,card,paid,Spain
INV-5300,CUS-0013,2026-03-25,Business,monthly,299.00,299.00,USD,card,paid,United States
INV-5301,CUS-0014,2026-03-25,Pro,monthly,99.00,99.00,USD,card,failed,United Kingdom
INV-5302,CUS-0015,2026-03-25,Starter,monthly,29.00,29.00,USD,card,paid,United Kingdom
INV-5303,CUS-0018,2026-03-25,Pro,monthly,99.00,99.00,USD,invoice,paid,United States
INV-5304,CUS-0020,2026-03-25,Pro,monthly,99.00,99.00,USD,sepa_debit,paid,Canada
INV-5305,CUS-0021,2026-03-25,Starter,annual,29.00,288.84,USD,sepa_debit,paid,Germany
INV-5306,CUS-0025,2026-03-25,Pro,monthly,99.00,99.00,USD,invoice,paid,France
INV-5307,CUS-0026,2026-03-25,Pro,monthly,99.00,99.00,USD,card,failed,France
INV-5308,CUS-0028,2026-03-25,Pro,monthly,99.00,99.00,USD,card,paid,Canada
INV-5309,CUS-0029,2026-03-25,Pro,annual,99.00,986.04,USD,card,paid,United States
INV-5310,CUS-0030,2026-03-25,Pro,monthly,99.00,99.00,USD,sepa_debit,paid,United Kingdom
INV-5311,CUS-0035,2026-03-25,Pro,monthly,99.00,99.00,USD,card,paid,United States
INV-5312,CUS-0037,2026-03-25,Starter,monthly,29.00,29.00,USD,card,paid,Romania
INV-5313,CUS-0038,2026-03-25,Pro,monthly,99.00,99.00,USD,card,paid,Romania
INV-5314,CUS-0039,2026-03-25,Starter,monthly,29.00,29.00,USD,card,paid,Poland
INV-5315,CUS-0042,2026-03-25,Starter,monthly,29.00,29.00,USD,card,paid,United States
INV-5316,CUS-0043,2026-03-25,Starter,monthly,29.00,29.00,USD,sepa_debit,paid,United States
INV-5317,CUS-0046,2026-03-25,Starter,monthly,29.00,29.00,USD,card,paid,United States
INV-5318,CUS-0047,2026-03-25,Business,monthly,299.00,299.00,USD,invoice,paid,United Kingdom
INV-5319,CUS-0048,2026-03-25,Starter,monthly,29.00,29.00,USD,sepa_debit,paid,Romania
INV-5320,CUS-0051,2026-03-25,Starter,monthly,29.00,29.00,USD,card,paid,United States
INV-5321,CUS-0056,2026-03-25,Pro,monthly,99.00,99.00,USD,card,paid,United Kingdom
INV-5322,CUS-0057,2026-03-25,Starter,monthly,29.00,29.00,USD,card,paid,United Kingdom
INV-5323,CUS-0065,2026-03-25,Pro,monthly,99.00,99.00,USD,sepa_debit,paid,United States
INV-5324,CUS-0068,2026-03-25,Business,monthly,299.00,299.00,USD,card,paid,United States
INV-5325,CUS-0069,2026-03-25,Starter,monthly,29.00,29.00,USD,card,paid,France
INV-5326,CUS-0071,2026-03-25,Pro,monthly,99.00,99.00,USD,card,paid,United Kingdom
INV-5327,CUS-0072,2026-03-25,Pro,monthly,99.00,99.00,USD,sepa_debit,paid,United States
INV-5328,CUS-0074,2026-03-25,Pro,monthly,99.00,99.00,USD,card,paid,Romania
INV-5329,CUS-0075,2026-03-25,Business,monthly,299.00,299.00,USD,card,paid,United States
INV-5330,CUS-0076,2026-03-25,Pro,monthly,99.00,99.00,USD,card,paid,Poland
INV-5331,CUS-0080,2026-03-25,Starter,monthly,29.00,29.00,USD,card,paid,United States
INV-5332,CUS-0083,2026-03-25,Business,monthly,299.00,299.00,USD,sepa_debit,paid,United Kingdom
INV-5333,CUS-0091,2026-03-25,Pro,monthly,99.00,99.00,USD,card,paid,United States
INV-5334,CUS-0093,2026-03-25,Starter,monthly,29.00,29.00,USD,card,failed,United States
INV-5335,CUS-0095,2026-03-25,Starter,monthly,29.00,29.00,USD,card,paid,United States
INV-5336,CUS-0097,2026-03-25,Pro,monthly,99.00,99.00,USD,card,paid,France
INV-5337,CUS-0100,2026-03-25,Business,monthly,299.00,299.00,USD,card,paid,Poland
INV-5338,CUS-0101,2026-03-25,Starter,monthly,29.00,29.00,USD,sepa_debit,paid,Poland
INV-5339,CUS-0104,2026-03-25,Pro,monthly,99.00,99.00,USD,card,paid,Germany
INV-5340,CUS-0106,2026-03-25,Starter,monthly,29.00,29.00,USD,card,paid,United States
INV-5341,CUS-0107,2026-03-25,Starter,monthly,29.00,29.00,USD,card,paid,United States
INV-5342,CUS-0109,2026-03-25,Starter,monthly,29.00,29.00,USD,invoice,paid,Romania
INV-5343,CUS-0111,2026-03-25,Starter,monthly,29.00,29.00,USD,card,paid,United States
INV-5344,CUS-0119,2026-03-25,Starter,monthly,29.00,29.00,USD,sepa_debit,paid,United States
INV-5345,CUS-0123,2026-03-25,Starter,monthly,29.00,29.00,USD,card,failed,Romania
INV-5346,CUS-0124,2026-03-25,Starter,monthly,29.00,29.00,USD,card,paid,Canada
INV-5347,CUS-0128,2026-03-25,Pro,monthly,99.00,99.00,USD,card,paid,Spain
INV-5348,CUS-0129,2026-03-25,Starter,monthly,29.00,29.00,USD,card,paid,United States
INV-5349,CUS-0131,2026-03-25,Pro,monthly,99.00,99.00,USD,invoice,paid,Spain
INV-5350,CUS-0136,2026-03-25,Starter,monthly,29.00,29.00,USD,card,paid,United Kingdom
INV-5351,CUS-0137,2026-03-25,Business,monthly,299.00,299.00,USD,card,paid,Germany
INV-5352,CUS-0138,2026-03-25,Business,monthly,299.00,299.00,USD,card,paid,United Kingdom
INV-5353,CUS-0139,2026-03-25,Starter,monthly,29.00,29.00,USD,card,paid,United States
INV-5354,CUS-0140,2026-03-25,Pro,monthly,99.00,99.00,USD,sepa_debit,paid,Poland
INV-5355,CUS-0141,2026-03-25,Pro,monthly,99.00,99.00,USD,card,paid,Germany
INV-5356,CUS-0143,2026-03-25,Starter,monthly,29.00,29.00,USD,sepa_debit,paid,United Kingdom
INV-5357,CUS-0146,2026-03-25,Pro,monthly,99.00,99.00,USD,card,paid,Germany
INV-5358,CUS-0148,2026-03-25,Pro,monthly,99.00,99.00,USD,card,paid,Romania
INV-5359,CUS-0150,2026-03-25,Pro,monthly,99.00,99.00,USD,sepa_debit,paid,Poland
INV-5360,CUS-0155,2026-03-25,Starter,monthly,29.00,29.00,USD,sepa_debit,paid,United States
INV-5361,CUS-0156,2026-03-25,Business,monthly,299.00,299.00,USD,card,paid,Germany
INV-5362,CUS-0159,2026-03-25,Pro,monthly,99.00,99.00,USD,card,paid,United States
INV-5363,CUS-0160,2026-03-25,Business,monthly,299.00,299.00,USD,card,paid,Spain
INV-5364,CUS-0168,2026-03-25,Starter,monthly,29.00,29.00,USD,card,paid,United States
INV-5365,CUS-0173,2026-03-25,Pro,monthly,99.00,99.00,USD,sepa_debit,paid,Germany
INV-5366,CUS-0174,2026-03-25,Starter,monthly,29.00,29.00,USD,invoice,paid,Spain
INV-5367,CUS-0175,2026-03-25,Pro,monthly,99.00,99.00,USD,invoice,paid,Germany
INV-5368,CUS-0176,2026-03-25,Business,monthly,299.00,299.00,USD,card,paid,United States
INV-5369,CUS-0178,2026-03-25,Starter,monthly,29.00,29.00,USD,sepa_debit,paid,Germany
INV-5370,CUS-0180,2026-03-25,Pro,monthly,99.00,99.00,USD,card,paid,United States
INV-5371,CUS-0181,2026-03-25,Business,monthly,299.00,299.00,USD,sepa_debit,paid,Canada
INV-5372,CUS-0182,2026-03-25,Pro,monthly,99.00,99.00,USD,card,failed,Germany
INV-5373,CUS-0183,2026-03-25,Business,monthly,299.00,299.00,USD,card,paid,United States
INV-5374,CUS-0184,2026-03-25,Starter,annual,29.00,288.84,USD,card,paid,United States
INV-5375,CUS-0185,2026-03-25,Pro,monthly,99.00,99.00,USD,card,paid,Romania
INV-5376,CUS-0194,2026-03-25,Pro,monthly,99.00,99.00,USD,card,paid,United States
INV-5377,CUS-0196,2026-03-25,Pro,monthly,99.00,99.00,USD,card,paid,United Kingdom
INV-5378,CUS-0201,2026-03-25,Starter,monthly,29.00,29.00,USD,card,paid,Spain
INV-5379,CUS-0205,2026-03-25,Starter,monthly,29.00,29.00,USD,card,paid,Canada
INV-5380,CUS-0206,2026-03-25,Pro,monthly,99.00,99.00,USD,invoice,paid,Canada
INV-5381,CUS-0208,2026-03-25,Starter,monthly,29.00,29.00,USD,sepa_debit,paid,United States
INV-5382,CUS-0213,2026-03-25,Starter,monthly,29.00,29.00,USD,invoice,paid,United States
INV-5383,CUS-0217,2026-03-25,Starter,monthly,29.00,29.00,USD,card,paid,France
INV-5384,CUS-0219,2026-03-25,Starter,monthly,29.00,29.00,USD,card,paid,United Kingdom
INV-5385,CUS-0223,2026-03-25,Pro,monthly,99.00,99.00,USD,card,paid,Canada
INV-5386,CUS-0226,2026-03-25,Starter,monthly,29.00,29.00,USD,sepa_debit,paid,United Kingdom
INV-5387,CUS-0227,2026-03-25,Starter,monthly,29.00,29.00,USD,sepa_debit,paid,Spain
INV-5388,CUS-0229,2026-03-25,Starter,monthly,29.00,29.00,USD,invoice,paid,Poland
INV-5389,CUS-0231,2026-03-25,Starter,monthly,29.00,29.00,USD,sepa_debit,paid,Canada
INV-5390,CUS-0233,2026-03-25,Starter,monthly,29.00,29.00,USD,sepa_debit,paid,Canada
INV-5391,CUS-0234,2026-03-25,Pro,monthly,99.00,99.00,USD,card,paid,United Kingdom
INV-5392,CUS-0237,2026-03-25,Business,monthly,299.00,299.00,USD,card,paid,United Kingdom
INV-5393,CUS-0239,2026-03-25,Pro,monthly,99.00,99.00,USD,card,paid,Canada
INV-5394,CUS-0002,2026-04-27,Pro,monthly,99.00,99.00,USD,card,failed,Canada
INV-5395,CUS-0004,2026-04-27,Pro,monthly,99.00,99.00,USD,card,paid,United States
INV-5396,CUS-0007,2026-04-27,Pro,monthly,99.00,99.00,USD,card,paid,Spain
INV-5397,CUS-0008,2026-04-27,Business,monthly,299.00,299.00,USD,card,paid,Spain
INV-5398,CUS-0013,2026-04-27,Business,monthly,299.00,299.00,USD,card,paid,United States
INV-5399,CUS-0014,2026-04-27,Pro,monthly,99.00,99.00,USD,card,paid,United Kingdom
INV-5400,CUS-0015,2026-04-27,Starter,monthly,29.00,29.00,USD,card,paid,United Kingdom
INV-5401,CUS-0018,2026-04-27,Pro,monthly,99.00,99.00,USD,invoice,paid,United States
INV-5402,CUS-0020,2026-04-27,Pro,monthly,99.00,99.00,USD,sepa_debit,failed,Canada
INV-5403,CUS-0022,2026-04-27,Business,annual,299.00,2978.04,USD,invoice,paid,Germany
INV-5404,CUS-0025,2026-04-27,Pro,monthly,99.00,99.00,USD,invoice,paid,France
INV-5405,CUS-0026,2026-04-27,Pro,monthly,99.00,99.00,USD,card,paid,France
INV-5406,CUS-0028,2026-04-27,Pro,monthly,99.00,99.00,USD,card,paid,Canada
INV-5407,CUS-0030,2026-04-27,Pro,monthly,99.00,99.00,USD,sepa_debit,paid,United Kingdom
INV-5408,CUS-0035,2026-04-27,Pro,monthly,99.00,99.00,USD,card,failed,United States
INV-5409,CUS-0037,2026-04-27,Starter,monthly,29.00,29.00,USD,card,paid,Romania
INV-5410,CUS-0038,2026-04-27,Pro,monthly,99.00,99.00,USD,card,failed,Romania
INV-5411,CUS-0039,2026-04-27,Starter,monthly,29.00,29.00,USD,card,paid,Poland
INV-5412,CUS-0042,2026-04-27,Starter,monthly,29.00,29.00,USD,card,failed,United States
INV-5413,CUS-0043,2026-04-27,Starter,monthly,29.00,29.00,USD,sepa_debit,paid,United States
INV-5414,CUS-0047,2026-04-27,Business,monthly,299.00,299.00,USD,invoice,paid,United Kingdom
INV-5415,CUS-0048,2026-04-27,Starter,monthly,29.00,29.00,USD,sepa_debit,paid,Romania
INV-5416,CUS-0051,2026-04-27,Starter,monthly,29.00,29.00,USD,card,paid,United States
INV-5417,CUS-0056,2026-04-27,Pro,monthly,99.00,99.00,USD,card,paid,United Kingdom
INV-5418,CUS-0057,2026-04-27,Starter,monthly,29.00,29.00,USD,card,paid,United Kingdom
INV-5419,CUS-0063,2026-04-27,Pro,monthly,99.00,99.00,USD,card,paid,France
INV-5420,CUS-0065,2026-04-27,Pro,monthly,99.00,99.00,USD,sepa_debit,paid,United States
INV-5421,CUS-0068,2026-04-27,Business,monthly,299.00,299.00,USD,card,paid,United States
INV-5422,CUS-0069,2026-04-27,Starter,monthly,29.00,29.00,USD,card,paid,France
INV-5423,CUS-0071,2026-04-27,Pro,monthly,99.00,99.00,USD,card,paid,United Kingdom
INV-5424,CUS-0072,2026-04-27,Pro,monthly,99.00,99.00,USD,sepa_debit,paid,United States
INV-5425,CUS-0074,2026-04-27,Pro,monthly,99.00,99.00,USD,card,paid,Romania
INV-5426,CUS-0075,2026-04-27,Business,monthly,299.00,299.00,USD,card,paid,United States
INV-5427,CUS-0076,2026-04-27,Pro,monthly,99.00,99.00,USD,card,failed,Poland
INV-5428,CUS-0079,2026-04-27,Pro,monthly,99.00,99.00,USD,card,paid,Romania
INV-5429,CUS-0080,2026-04-27,Starter,monthly,29.00,29.00,USD,card,paid,United States
INV-5430,CUS-0082,2026-04-27,Starter,monthly,29.00,29.00,USD,card,paid,United States
INV-5431,CUS-0083,2026-04-27,Business,monthly,299.00,299.00,USD,sepa_debit,paid,United Kingdom
INV-5432,CUS-0084,2026-04-27,Starter,monthly,29.00,29.00,USD,card,paid,Spain
INV-5433,CUS-0091,2026-04-27,Pro,monthly,99.00,99.00,USD,card,paid,United States
INV-5434,CUS-0093,2026-04-27,Starter,monthly,29.00,29.00,USD,card,paid,United States
INV-5435,CUS-0094,2026-04-27,Starter,annual,29.00,288.84,USD,card,paid,France
INV-5436,CUS-0095,2026-04-27,Starter,monthly,29.00,29.00,USD,card,paid,United States
INV-5437,CUS-0096,2026-04-27,Pro,annual,99.00,986.04,USD,card,paid,United Kingdom
INV-5438,CUS-0097,2026-04-27,Pro,monthly,99.00,99.00,USD,card,paid,France
INV-5439,CUS-0100,2026-04-27,Business,monthly,299.00,299.00,USD,card,paid,Poland
INV-5440,CUS-0101,2026-04-27,Starter,monthly,29.00,29.00,USD,sepa_debit,paid,Poland
INV-5441,CUS-0104,2026-04-27,Pro,monthly,99.00,99.00,USD,card,paid,Germany
INV-5442,CUS-0106,2026-04-27,Starter,monthly,29.00,29.00,USD,card,paid,United States
INV-5443,CUS-0107,2026-04-27,Starter,monthly,29.00,29.00,USD,card,paid,United States
INV-5444,CUS-0109,2026-04-27,Starter,monthly,29.00,29.00,USD,invoice,failed,Romania
INV-5445,CUS-0111,2026-04-27,Starter,monthly,29.00,29.00,USD,card,paid,United States
INV-5446,CUS-0119,2026-04-27,Starter,monthly,29.00,29.00,USD,sepa_debit,paid,United States
INV-5447,CUS-0123,2026-04-27,Starter,monthly,29.00,29.00,USD,card,paid,Romania
INV-5448,CUS-0124,2026-04-27,Starter,monthly,29.00,29.00,USD,card,failed,Canada
INV-5449,CUS-0125,2026-04-27,Pro,annual,99.00,986.04,USD,card,paid,Germany
INV-5450,CUS-0126,2026-04-27,Pro,monthly,99.00,99.00,USD,sepa_debit,failed,Poland
INV-5451,CUS-0128,2026-04-27,Pro,monthly,99.00,99.00,USD,card,paid,Spain
INV-5452,CUS-0129,2026-04-27,Starter,monthly,29.00,29.00,USD,card,paid,United States
INV-5453,CUS-0130,2026-04-27,Starter,annual,29.00,288.84,USD,card,paid,Germany
INV-5454,CUS-0131,2026-04-27,Pro,monthly,99.00,99.00,USD,invoice,paid,Spain
INV-5455,CUS-0132,2026-04-27,Starter,monthly,29.00,29.00,USD,card,paid,United States
INV-5456,CUS-0136,2026-04-27,Starter,monthly,29.00,29.00,USD,card,paid,United Kingdom
INV-5457,CUS-0137,2026-04-27,Business,monthly,299.00,299.00,USD,card,paid,Germany
INV-5458,CUS-0138,2026-04-27,Business,monthly,299.00,299.00,USD,card,paid,United Kingdom
INV-5459,CUS-0139,2026-04-27,Starter,monthly,29.00,29.00,USD,card,paid,United States
INV-5460,CUS-0140,2026-04-27,Pro,monthly,99.00,99.00,USD,sepa_debit,failed,Poland
INV-5461,CUS-0141,2026-04-27,Pro,monthly,99.00,99.00,USD,card,paid,Germany
INV-5462,CUS-0143,2026-04-27,Starter,monthly,29.00,29.00,USD,sepa_debit,paid,United Kingdom
INV-5463,CUS-0146,2026-04-27,Pro,monthly,99.00,99.00,USD,card,paid,Germany
INV-5464,CUS-0148,2026-04-27,Pro,monthly,99.00,99.00,USD,card,paid,Romania
INV-5465,CUS-0149,2026-04-27,Business,monthly,299.00,299.00,USD,card,paid,United States
INV-5466,CUS-0150,2026-04-27,Pro,monthly,99.00,99.00,USD,sepa_debit,paid,Poland
INV-5467,CUS-0153,2026-04-27,Starter,annual,29.00,288.84,USD,card,paid,United States
INV-5468,CUS-0155,2026-04-27,Starter,monthly,29.00,29.00,USD,sepa_debit,paid,United States
INV-5469,CUS-0156,2026-04-27,Business,monthly,299.00,299.00,USD,card,paid,Germany
INV-5470,CUS-0158,2026-04-27,Starter,annual,29.00,288.84,USD,sepa_debit,paid,United Kingdom
INV-5471,CUS-0159,2026-04-27,Pro,monthly,99.00,99.00,USD,card,paid,United States
INV-5472,CUS-0160,2026-04-27,Business,monthly,299.00,299.00,USD,card,paid,Spain
INV-5473,CUS-0168,2026-04-27,Starter,monthly,29.00,29.00,USD,card,paid,United States
INV-5474,CUS-0172,2026-04-27,Starter,annual,29.00,288.84,USD,card,paid,Spain
INV-5475,CUS-0173,2026-04-27,Pro,monthly,99.00,99.00,USD,sepa_debit,paid,Germany
INV-5476,CUS-0174,2026-04-27,Starter,monthly,29.00,29.00,USD,invoice,paid,Spain
INV-5477,CUS-0175,2026-04-27,Pro,monthly,99.00,99.00,USD,invoice,paid,Germany
INV-5478,CUS-0176,2026-04-27,Business,monthly,299.00,299.00,USD,card,failed,United States
INV-5479,CUS-0178,2026-04-27,Starter,monthly,29.00,29.00,USD,sepa_debit,paid,Germany
INV-5480,CUS-0179,2026-04-27,Pro,monthly,99.00,99.00,USD,card,paid,Romania
INV-5481,CUS-0180,2026-04-27,Pro,monthly,99.00,99.00,USD,card,failed,United States
INV-5482,CUS-0181,2026-04-27,Business,monthly,299.00,299.00,USD,sepa_debit,paid,Canada
INV-5483,CUS-0182,2026-04-27,Pro,monthly,99.00,99.00,USD,card,paid,Germany
INV-5484,CUS-0183,2026-04-27,Business,monthly,299.00,299.00,USD,card,paid,United States
INV-5485,CUS-0185,2026-04-27,Pro,monthly,99.00,99.00,USD,card,paid,Romania
INV-5486,CUS-0194,2026-04-27,Pro,monthly,99.00,99.00,USD,card,paid,United States
INV-5487,CUS-0196,2026-04-27,Pro,monthly,99.00,99.00,USD,card,failed,United Kingdom
INV-5488,CUS-0197,2026-04-27,Pro,monthly,99.00,99.00,USD,card,failed,Poland
INV-5489,CUS-0201,2026-04-27,Starter,monthly,29.00,29.00,USD,card,paid,Spain
INV-5490,CUS-0202,2026-04-27,Starter,annual,29.00,288.84,USD,sepa_debit,paid,United States
INV-5491,CUS-0204,2026-04-27,Pro,monthly,99.00,99.00,USD,card,paid,Canada
INV-5492,CUS-0205,2026-04-27,Starter,monthly,29.00,29.00,USD,card,paid,Canada
INV-5493,CUS-0206,2026-04-27,Pro,monthly,99.00,99.00,USD,invoice,paid,Canada
INV-5494,CUS-0208,2026-04-27,Starter,monthly,29.00,29.00,USD,sepa_debit,paid,United States
INV-5495,CUS-0210,2026-04-27,Starter,monthly,29.00,29.00,USD,card,paid,United States
INV-5496,CUS-0213,2026-04-27,Starter,monthly,29.00,29.00,USD,invoice,paid,United States
INV-5497,CUS-0217,2026-04-27,Starter,monthly,29.00,29.00,USD,card,refunded,France
INV-5498,CUS-0219,2026-04-27,Starter,monthly,29.00,29.00,USD,card,paid,United Kingdom
INV-5499,CUS-0223,2026-04-27,Pro,monthly,99.00,99.00,USD,card,paid,Canada
INV-5500,CUS-0224,2026-04-27,Starter,monthly,29.00,29.00,USD,sepa_debit,paid,Spain
INV-5501,CUS-0226,2026-04-27,Starter,monthly,29.00,29.00,USD,sepa_debit,paid,United Kingdom
INV-5502,CUS-0227,2026-04-27,Starter,monthly,29.00,29.00,USD,sepa_debit,paid,Spain
INV-5503,CUS-0228,2026-04-27,Pro,monthly,99.00,99.00,USD,card,paid,United States
INV-5504,CUS-0229,2026-04-27,Starter,monthly,29.00,29.00,USD,invoice,paid,Poland
INV-5505,CUS-0231,2026-04-27,Starter,monthly,29.00,29.00,USD,sepa_debit,paid,Canada
INV-5506,CUS-0232,2026-04-27,Pro,monthly,99.00,99.00,USD,card,paid,United States
INV-5507,CUS-0233,2026-04-27,Starter,monthly,29.00,29.00,USD,sepa_debit,paid,Canada
INV-5508,CUS-0234,2026-04-27,Pro,monthly,99.00,99.00,USD,card,paid,United Kingdom
INV-5509,CUS-0237,2026-04-27,Business,monthly,299.00,299.00,USD,card,refunded,United Kingdom
INV-5510,CUS-0239,2026-04-27,Pro,monthly,99.00,99.00,USD,card,paid,Canada
INV-5511,CUS-0001,2026-05-21,Starter,annual,29.00,288.84,USD,card,paid,United Kingdom
INV-5512,CUS-0002,2026-05-21,Pro,monthly,99.00,99.00,USD,card,paid,Canada
INV-5513,CUS-0004,2026-05-21,Pro,monthly,99.00,99.00,USD,card,failed,United States
INV-5514,CUS-0007,2026-05-21,Pro,monthly,99.00,99.00,USD,card,paid,Spain
INV-5515,CUS-0008,2026-05-21,Business,monthly,299.00,299.00,USD,card,paid,Spain
INV-5516,CUS-0011,2026-05-21,Business,monthly,299.00,299.00,USD,card,refunded,United States
INV-5517,CUS-0013,2026-05-21,Business,monthly,299.00,299.00,USD,card,paid,United States
INV-5518,CUS-0014,2026-05-21,Pro,monthly,99.00,99.00,USD,card,paid,United Kingdom
INV-5519,CUS-0015,2026-05-21,Starter,monthly,29.00,29.00,USD,card,paid,United Kingdom
INV-5520,CUS-0018,2026-05-21,Pro,monthly,99.00,99.00,USD,invoice,paid,United States
INV-5521,CUS-0020,2026-05-21,Pro,monthly,99.00,99.00,USD,sepa_debit,paid,Canada
INV-5522,CUS-0023,2026-05-21,Business,annual,299.00,2978.04,USD,card,paid,France
INV-5523,CUS-0025,2026-05-21,Pro,monthly,99.00,99.00,USD,invoice,paid,France
INV-5524,CUS-0026,2026-05-21,Pro,monthly,99.00,99.00,USD,card,failed,France
INV-5525,CUS-0028,2026-05-21,Pro,monthly,99.00,99.00,USD,card,paid,Canada
INV-5526,CUS-0030,2026-05-21,Pro,monthly,99.00,99.00,USD,sepa_debit,paid,United Kingdom
INV-5527,CUS-0032,2026-05-21,Starter,annual,29.00,288.84,USD,card,paid,Spain
INV-5528,CUS-0035,2026-05-21,Pro,monthly,99.00,99.00,USD,card,paid,United States
INV-5529,CUS-0037,2026-05-21,Starter,monthly,29.00,29.00,USD,card,paid,Romania
INV-5530,CUS-0038,2026-05-21,Pro,monthly,99.00,99.00,USD,card,paid,Romania
INV-5531,CUS-0039,2026-05-21,Starter,monthly,29.00,29.00,USD,card,paid,Poland
INV-5532,CUS-0042,2026-05-21,Starter,monthly,29.00,29.00,USD,card,paid,United States
INV-5533,CUS-0043,2026-05-21,Starter,monthly,29.00,29.00,USD,sepa_debit,paid,United States
INV-5534,CUS-0047,2026-05-21,Business,monthly,299.00,299.00,USD,invoice,failed,United Kingdom
INV-5535,CUS-0048,2026-05-21,Starter,monthly,29.00,29.00,USD,sepa_debit,paid,Romania
INV-5536,CUS-0051,2026-05-21,Starter,monthly,29.00,29.00,USD,card,paid,United States
INV-5537,CUS-0055,2026-05-21,Starter,monthly,29.00,29.00,USD,card,paid,Poland
INV-5538,CUS-0056,2026-05-21,Pro,monthly,99.00,99.00,USD,card,paid,United Kingdom
INV-5539,CUS-0057,2026-05-21,Starter,monthly,29.00,29.00,USD,card,paid,United Kingdom
INV-5540,CUS-0062,2026-05-21,Pro,monthly,99.00,99.00,USD,card,paid,United States
INV-5541,CUS-0063,2026-05-21,Pro,monthly,99.00,99.00,USD,card,paid,France
INV-5542,CUS-0064,2026-05-21,Pro,monthly,99.00,99.00,USD,sepa_debit,paid,United States
INV-5543,CUS-0065,2026-05-21,Pro,monthly,99.00,99.00,USD,sepa_debit,paid,United States
INV-5544,CUS-0067,2026-05-21,Starter,monthly,29.00,29.00,USD,card,paid,Poland
INV-5545,CUS-0068,2026-05-21,Business,monthly,299.00,299.00,USD,card,paid,United States
INV-5546,CUS-0069,2026-05-21,Starter,monthly,29.00,29.00,USD,card,failed,France
INV-5547,CUS-0071,2026-05-21,Pro,monthly,99.00,99.00,USD,card,paid,United Kingdom
INV-5548,CUS-0072,2026-05-21,Pro,monthly,99.00,99.00,USD,sepa_debit,paid,United States
INV-5549,CUS-0074,2026-05-21,Pro,monthly,99.00,99.00,USD,card,paid,Romania
INV-5550,CUS-0075,2026-05-21,Business,monthly,299.00,299.00,USD,card,paid,United States
INV-5551,CUS-0076,2026-05-21,Pro,monthly,99.00,99.00,USD,card,paid,Poland
INV-5552,CUS-0079,2026-05-21,Pro,monthly,99.00,99.00,USD,card,paid,Romania
INV-5553,CUS-0080,2026-05-21,Starter,monthly,29.00,29.00,USD,card,paid,United States
INV-5554,CUS-0082,2026-05-21,Starter,monthly,29.00,29.00,USD,card,paid,United States
INV-5555,CUS-0083,2026-05-21,Business,monthly,299.00,299.00,USD,sepa_debit,paid,United Kingdom
INV-5556,CUS-0084,2026-05-21,Starter,monthly,29.00,29.00,USD,card,paid,Spain
INV-5557,CUS-0085,2026-05-21,Starter,annual,29.00,288.84,USD,sepa_debit,paid,United States
INV-5558,CUS-0090,2026-05-21,Starter,monthly,29.00,29.00,USD,sepa_debit,paid,Spain
INV-5559,CUS-0091,2026-05-21,Pro,monthly,99.00,99.00,USD,card,paid,United States
INV-5560,CUS-0093,2026-05-21,Starter,monthly,29.00,29.00,USD,card,paid,United States
INV-5561,CUS-0095,2026-05-21,Starter,monthly,29.00,29.00,USD,card,paid,United States
INV-5562,CUS-0097,2026-05-21,Pro,monthly,99.00,99.00,USD,card,paid,France
INV-5563,CUS-0099,2026-05-21,Starter,monthly,29.00,29.00,USD,card,paid,United States
INV-5564,CUS-0100,2026-05-21,Business,monthly,299.00,299.00,USD,card,paid,Poland
INV-5565,CUS-0101,2026-05-21,Starter,monthly,29.00,29.00,USD,sepa_debit,paid,Poland
INV-5566,CUS-0104,2026-05-21,Pro,monthly,99.00,99.00,USD,card,paid,Germany
INV-5567,CUS-0106,2026-05-21,Starter,monthly,29.00,29.00,USD,card,paid,United States
INV-5568,CUS-0107,2026-05-21,Starter,monthly,29.00,29.00,USD,card,paid,United States
INV-5569,CUS-0109,2026-05-21,Starter,monthly,29.00,29.00,USD,invoice,paid,Romania
INV-5570,CUS-0111,2026-05-21,Starter,monthly,29.00,29.00,USD,card,paid,United States
INV-5571,CUS-0116,2026-05-21,Business,monthly,299.00,299.00,USD,sepa_debit,paid,United States
INV-5572,CUS-0119,2026-05-21,Starter,monthly,29.00,29.00,USD,sepa_debit,paid,United States
INV-5573,CUS-0122,2026-05-21,Business,monthly,299.00,299.00,USD,card,paid,Romania
INV-5574,CUS-0123,2026-05-21,Starter,monthly,29.00,29.00,USD,card,paid,Romania
INV-5575,CUS-0124,2026-05-21,Starter,monthly,29.00,29.00,USD,card,failed,Canada
INV-5576,CUS-0126,2026-05-21,Pro,monthly,99.00,99.00,USD,sepa_debit,paid,Poland
INV-5577,CUS-0128,2026-05-21,Pro,monthly,99.00,99.00,USD,card,paid,Spain
INV-5578,CUS-0129,2026-05-21,Starter,monthly,29.00,29.00,USD,card,paid,United States
INV-5579,CUS-0132,2026-05-21,Starter,monthly,29.00,29.00,USD,card,paid,United States
INV-5580,CUS-0136,2026-05-21,Starter,monthly,29.00,29.00,USD,card,paid,United Kingdom
INV-5581,CUS-0137,2026-05-21,Business,monthly,299.00,299.00,USD,card,paid,Germany
INV-5582,CUS-0138,2026-05-21,Business,monthly,299.00,299.00,USD,card,paid,United Kingdom
INV-5583,CUS-0139,2026-05-21,Starter,monthly,29.00,29.00,USD,card,paid,United States
INV-5584,CUS-0140,2026-05-21,Pro,monthly,99.00,99.00,USD,sepa_debit,failed,Poland
INV-5585,CUS-0141,2026-05-21,Pro,monthly,99.00,99.00,USD,card,paid,Germany
INV-5586,CUS-0143,2026-05-21,Starter,monthly,29.00,29.00,USD,sepa_debit,paid,United Kingdom
INV-5587,CUS-0146,2026-05-21,Pro,monthly,99.00,99.00,USD,card,paid,Germany
INV-5588,CUS-0148,2026-05-21,Pro,monthly,99.00,99.00,USD,card,failed,Romania
INV-5589,CUS-0149,2026-05-21,Business,monthly,299.00,299.00,USD,card,paid,United States
INV-5590,CUS-0150,2026-05-21,Pro,monthly,99.00,99.00,USD,sepa_debit,paid,Poland
INV-5591,CUS-0154,2026-05-21,Pro,monthly,99.00,99.00,USD,card,paid,Germany
INV-5592,CUS-0155,2026-05-21,Starter,monthly,29.00,29.00,USD,sepa_debit,paid,United States
INV-5593,CUS-0156,2026-05-21,Business,monthly,299.00,299.00,USD,card,paid,Germany
INV-5594,CUS-0159,2026-05-21,Pro,monthly,99.00,99.00,USD,card,paid,United States
INV-5595,CUS-0160,2026-05-21,Business,monthly,299.00,299.00,USD,card,paid,Spain
INV-5596,CUS-0161,2026-05-21,Starter,monthly,29.00,29.00,USD,card,paid,Poland
INV-5597,CUS-0166,2026-05-21,Business,monthly,299.00,299.00,USD,invoice,paid,France
INV-5598,CUS-0168,2026-05-21,Starter,monthly,29.00,29.00,USD,card,paid,United States
INV-5599,CUS-0173,2026-05-21,Pro,monthly,99.00,99.00,USD,sepa_debit,paid,Germany
INV-5600,CUS-0174,2026-05-21,Starter,monthly,29.00,29.00,USD,invoice,paid,Spain
INV-5601,CUS-0175,2026-05-21,Pro,monthly,99.00,99.00,USD,invoice,paid,Germany
INV-5602,CUS-0176,2026-05-21,Business,monthly,299.00,299.00,USD,card,paid,United States
INV-5603,CUS-0178,2026-05-21,Starter,monthly,29.00,29.00,USD,sepa_debit,paid,Germany
INV-5604,CUS-0179,2026-05-21,Pro,monthly,99.00,99.00,USD,card,paid,Romania
INV-5605,CUS-0180,2026-05-21,Pro,monthly,99.00,99.00,USD,card,failed,United States
INV-5606,CUS-0181,2026-05-21,Business,monthly,299.00,299.00,USD,sepa_debit,paid,Canada
INV-5607,CUS-0182,2026-05-21,Pro,monthly,99.00,99.00,USD,card,failed,Germany
INV-5608,CUS-0183,2026-05-21,Business,monthly,299.00,299.00,USD,card,paid,United States
INV-5609,CUS-0185,2026-05-21,Pro,monthly,99.00,99.00,USD,card,paid,Romania
INV-5610,CUS-0189,2026-05-21,Pro,monthly,99.00,99.00,USD,card,paid,Germany
INV-5611,CUS-0194,2026-05-21,Pro,monthly,99.00,99.00,USD,card,paid,United States
INV-5612,CUS-0196,2026-05-21,Pro,monthly,99.00,99.00,USD,card,paid,United Kingdom
INV-5613,CUS-0197,2026-05-21,Pro,monthly,99.00,99.00,USD,card,paid,Poland
INV-5614,CUS-0201,2026-05-21,Starter,monthly,29.00,29.00,USD,card,failed,Spain
INV-5615,CUS-0204,2026-05-21,Pro,monthly,99.00,99.00,USD,card,paid,Canada
INV-5616,CUS-0205,2026-05-21,Starter,monthly,29.00,29.00,USD,card,paid,Canada
INV-5617,CUS-0206,2026-05-21,Pro,monthly,99.00,99.00,USD,invoice,paid,Canada
INV-5618,CUS-0208,2026-05-21,Starter,monthly,29.00,29.00,USD,sepa_debit,paid,United States
INV-5619,CUS-0210,2026-05-21,Starter,monthly,29.00,29.00,USD,card,paid,United States
INV-5620,CUS-0211,2026-05-21,Pro,monthly,99.00,99.00,USD,card,paid,United States
INV-5621,CUS-0213,2026-05-21,Starter,monthly,29.00,29.00,USD,invoice,paid,United States
INV-5622,CUS-0217,2026-05-21,Starter,monthly,29.00,29.00,USD,card,paid,France
INV-5623,CUS-0219,2026-05-21,Starter,monthly,29.00,29.00,USD,card,paid,United Kingdom
INV-5624,CUS-0220,2026-05-21,Starter,annual,29.00,288.84,USD,card,paid,United Kingdom
INV-5625,CUS-0223,2026-05-21,Pro,monthly,99.00,99.00,USD,card,failed,Canada
INV-5626,CUS-0224,2026-05-21,Starter,monthly,29.00,29.00,USD,sepa_debit,paid,Spain
INV-5627,CUS-0226,2026-05-21,Starter,monthly,29.00,29.00,USD,sepa_debit,paid,United Kingdom
INV-5628,CUS-0227,2026-05-21,Starter,monthly,29.00,29.00,USD,sepa_debit,paid,Spain
INV-5629,CUS-0228,2026-05-21,Pro,monthly,99.00,99.00,USD,card,paid,United States
INV-5630,CUS-0229,2026-05-21,Starter,monthly,29.00,29.00,USD,invoice,paid,Poland
INV-5631,CUS-0231,2026-05-21,Starter,monthly,29.00,29.00,USD,sepa_debit,paid,Canada
INV-5632,CUS-0232,2026-05-21,Pro,monthly,99.00,99.00,USD,card,failed,United States
INV-5633,CUS-0233,2026-05-21,Starter,monthly,29.00,29.00,USD,sepa_debit,paid,Canada
INV-5634,CUS-0234,2026-05-21,Pro,monthly,99.00,99.00,USD,card,paid,United Kingdom
INV-5635,CUS-0237,2026-05-21,Business,monthly,299.00,299.00,USD,card,refunded,United Kingdom
INV-5636,CUS-0239,2026-05-21,Pro,monthly,99.00,99.00,USD,card,paid,Canada
INV-5637,CUS-0002,2026-06-05,Pro,monthly,99.00,99.00,USD,card,paid,Canada
INV-5638,CUS-0004,2026-06-05,Pro,monthly,99.00,99.00,USD,card,paid,United States
INV-5639,CUS-0007,2026-06-05,Pro,monthly,99.00,99.00,USD,card,paid,Spain
INV-5640,CUS-0010,2026-06-05,Pro,monthly,99.00,99.00,USD,card,paid,United States
INV-5641,CUS-0011,2026-06-05,Business,monthly,299.00,299.00,USD,card,paid,United States
INV-5642,CUS-0012,2026-06-05,Starter,monthly,29.00,29.00,USD,card,paid,France
INV-5643,CUS-0013,2026-06-05,Business,monthly,299.00,299.00,USD,card,paid,United States
INV-5644,CUS-0014,2026-06-05,Pro,monthly,99.00,99.00,USD,card,paid,United Kingdom
INV-5645,CUS-0016,2026-06-05,Business,annual,299.00,2978.04,USD,sepa_debit,paid,Germany
INV-5646,CUS-0018,2026-06-05,Pro,monthly,99.00,99.00,USD,invoice,paid,United States
INV-5647,CUS-0020,2026-06-05,Pro,monthly,99.00,99.00,USD,sepa_debit,paid,Canada
INV-5648,CUS-0024,2026-06-05,Starter,annual,29.00,288.84,USD,sepa_debit,paid,United States
INV-5649,CUS-0025,2026-06-05,Pro,monthly,99.00,99.00,USD,invoice,paid,France
INV-5650,CUS-0026,2026-06-05,Pro,monthly,99.00,99.00,USD,card,paid,France
INV-5651,CUS-0028,2026-06-05,Pro,monthly,99.00,99.00,USD,card,paid,Canada
INV-5652,CUS-0030,2026-06-05,Pro,monthly,99.00,99.00,USD,sepa_debit,paid,United Kingdom
INV-5653,CUS-0033,2026-06-05,Pro,monthly,99.00,99.00,USD,card,paid,United States
INV-5654,CUS-0035,2026-06-05,Pro,monthly,99.00,99.00,USD,card,paid,United States
INV-5655,CUS-0036,2026-06-05,Pro,monthly,99.00,99.00,USD,sepa_debit,paid,Romania
INV-5656,CUS-0037,2026-06-05,Starter,monthly,29.00,29.00,USD,card,paid,Romania
INV-5657,CUS-0038,2026-06-05,Pro,monthly,99.00,99.00,USD,card,paid,Romania
INV-5658,CUS-0039,2026-06-05,Starter,monthly,29.00,29.00,USD,card,paid,Poland
INV-5659,CUS-0041,2026-06-05,Pro,annual,99.00,986.04,USD,card,paid,Poland
INV-5660,CUS-0042,2026-06-05,Starter,monthly,29.00,29.00,USD,card,paid,United States
INV-5661,CUS-0043,2026-06-05,Starter,monthly,29.00,29.00,USD,sepa_debit,paid,United States
INV-5662,CUS-0047,2026-06-05,Business,monthly,299.00,299.00,USD,invoice,paid,United Kingdom
INV-5663,CUS-0048,2026-06-05,Starter,monthly,29.00,29.00,USD,sepa_debit,paid,Romania
INV-5664,CUS-0051,2026-06-05,Starter,monthly,29.00,29.00,USD,card,failed,United States
INV-5665,CUS-0054,2026-06-05,Pro,monthly,99.00,99.00,USD,sepa_debit,paid,Poland
INV-5666,CUS-0055,2026-06-05,Starter,monthly,29.00,29.00,USD,card,paid,Poland
INV-5667,CUS-0056,2026-06-05,Pro,monthly,99.00,99.00,USD,card,paid,United Kingdom
INV-5668,CUS-0057,2026-06-05,Starter,monthly,29.00,29.00,USD,card,paid,United Kingdom
INV-5669,CUS-0061,2026-06-05,Starter,monthly,29.00,29.00,USD,sepa_debit,paid,United States
INV-5670,CUS-0062,2026-06-05,Pro,monthly,99.00,99.00,USD,card,paid,United States
INV-5671,CUS-0063,2026-06-05,Pro,monthly,99.00,99.00,USD,card,paid,France
INV-5672,CUS-0064,2026-06-05,Pro,monthly,99.00,99.00,USD,sepa_debit,paid,United States
INV-5673,CUS-0065,2026-06-05,Pro,monthly,99.00,99.00,USD,sepa_debit,paid,United States
INV-5674,CUS-0067,2026-06-05,Starter,monthly,29.00,29.00,USD,card,paid,Poland
INV-5675,CUS-0068,2026-06-05,Business,monthly,299.00,299.00,USD,card,paid,United States
INV-5676,CUS-0069,2026-06-05,Starter,monthly,29.00,29.00,USD,card,paid,France
INV-5677,CUS-0071,2026-06-05,Pro,monthly,99.00,99.00,USD,card,failed,United Kingdom
INV-5678,CUS-0072,2026-06-05,Pro,monthly,99.00,99.00,USD,sepa_debit,paid,United States
INV-5679,CUS-0074,2026-06-05,Pro,monthly,99.00,99.00,USD,card,paid,Romania
INV-5680,CUS-0075,2026-06-05,Business,monthly,299.00,299.00,USD,card,paid,United States
INV-5681,CUS-0076,2026-06-05,Pro,monthly,99.00,99.00,USD,card,paid,Poland
INV-5682,CUS-0079,2026-06-05,Pro,monthly,99.00,99.00,USD,card,paid,Romania
INV-5683,CUS-0080,2026-06-05,Starter,monthly,29.00,29.00,USD,card,paid,United States
INV-5684,CUS-0082,2026-06-05,Starter,monthly,29.00,29.00,USD,card,paid,United States
INV-5685,CUS-0083,2026-06-05,Business,monthly,299.00,299.00,USD,sepa_debit,paid,United Kingdom
INV-5686,CUS-0084,2026-06-05,Starter,monthly,29.00,29.00,USD,card,paid,Spain
INV-5687,CUS-0086,2026-06-05,Starter,monthly,29.00,29.00,USD,sepa_debit,paid,Poland
INV-5688,CUS-0090,2026-06-05,Starter,monthly,29.00,29.00,USD,sepa_debit,paid,Spain
INV-5689,CUS-0091,2026-06-05,Pro,monthly,99.00,99.00,USD,card,paid,United States
INV-5690,CUS-0093,2026-06-05,Starter,monthly,29.00,29.00,USD,card,paid,United States
INV-5691,CUS-0095,2026-06-05,Starter,monthly,29.00,29.00,USD,card,paid,United States
INV-5692,CUS-0097,2026-06-05,Pro,monthly,99.00,99.00,USD,card,paid,France
INV-5693,CUS-0099,2026-06-05,Starter,monthly,29.00,29.00,USD,card,paid,United States
INV-5694,CUS-0100,2026-06-05,Business,monthly,299.00,299.00,USD,card,paid,Poland
INV-5695,CUS-0101,2026-06-05,Starter,monthly,29.00,29.00,USD,sepa_debit,paid,Poland
INV-5696,CUS-0104,2026-06-05,Pro,monthly,99.00,99.00,USD,card,paid,Germany
INV-5697,CUS-0105,2026-06-05,Pro,monthly,99.00,99.00,USD,card,paid,Poland
INV-5698,CUS-0106,2026-06-05,Starter,monthly,29.00,29.00,USD,card,paid,United States
INV-5699,CUS-0107,2026-06-05,Starter,monthly,29.00,29.00,USD,card,paid,United States
INV-5700,CUS-0109,2026-06-05,Starter,monthly,29.00,29.00,USD,invoice,paid,Romania
INV-5701,CUS-0110,2026-06-05,Starter,monthly,29.00,29.00,USD,sepa_debit,paid,Germany
INV-5702,CUS-0111,2026-06-05,Starter,monthly,29.00,29.00,USD,card,paid,United States
INV-5703,CUS-0114,2026-06-05,Business,monthly,299.00,299.00,USD,card,paid,Germany
INV-5704,CUS-0117,2026-06-05,Pro,annual,99.00,986.04,USD,card,paid,Germany
INV-5705,CUS-0118,2026-06-05,Business,monthly,299.00,299.00,USD,card,paid,United States
INV-5706,CUS-0119,2026-06-05,Starter,monthly,29.00,29.00,USD,sepa_debit,failed,United States
INV-5707,CUS-0122,2026-06-05,Business,monthly,299.00,299.00,USD,card,paid,Romania
INV-5708,CUS-0123,2026-06-05,Starter,monthly,29.00,29.00,USD,card,paid,Romania
INV-5709,CUS-0124,2026-06-05,Starter,monthly,29.00,29.00,USD,card,paid,Canada
INV-5710,CUS-0126,2026-06-05,Pro,monthly,99.00,99.00,USD,sepa_debit,paid,Poland
INV-5711,CUS-0128,2026-06-05,Pro,monthly,99.00,99.00,USD,card,paid,Spain
INV-5712,CUS-0129,2026-06-05,Starter,monthly,29.00,29.00,USD,card,paid,United States
INV-5713,CUS-0132,2026-06-05,Starter,monthly,29.00,29.00,USD,card,paid,United States
INV-5714,CUS-0136,2026-06-05,Starter,monthly,29.00,29.00,USD,card,paid,United Kingdom
INV-5715,CUS-0137,2026-06-05,Business,monthly,299.00,299.00,USD,card,paid,Germany
INV-5716,CUS-0138,2026-06-05,Business,monthly,299.00,299.00,USD,card,paid,United Kingdom
INV-5717,CUS-0139,2026-06-05,Starter,monthly,29.00,29.00,USD,card,paid,United States
INV-5718,CUS-0140,2026-06-05,Pro,monthly,99.00,99.00,USD,sepa_debit,paid,Poland
INV-5719,CUS-0141,2026-06-05,Pro,monthly,99.00,99.00,USD,card,paid,Germany
INV-5720,CUS-0142,2026-06-05,Business,monthly,299.00,299.00,USD,card,paid,Canada
INV-5721,CUS-0143,2026-06-05,Starter,monthly,29.00,29.00,USD,sepa_debit,paid,United Kingdom
INV-5722,CUS-0144,2026-06-05,Pro,annual,99.00,986.04,USD,invoice,failed,France
INV-5723,CUS-0146,2026-06-05,Pro,monthly,99.00,99.00,USD,card,paid,Germany
INV-5724,CUS-0148,2026-06-05,Pro,monthly,99.00,99.00,USD,card,failed,Romania
INV-5725,CUS-0149,2026-06-05,Business,monthly,299.00,299.00,USD,card,paid,United States
INV-5726,CUS-0150,2026-06-05,Pro,monthly,99.00,99.00,USD,sepa_debit,paid,Poland
INV-5727,CUS-0154,2026-06-05,Pro,monthly,99.00,99.00,USD,card,paid,Germany
INV-5728,CUS-0155,2026-06-05,Starter,monthly,29.00,29.00,USD,sepa_debit,paid,United States
INV-5729,CUS-0156,2026-06-05,Business,monthly,299.00,299.00,USD,card,paid,Germany
INV-5730,CUS-0159,2026-06-05,Pro,monthly,99.00,99.00,USD,card,paid,United States
INV-5731,CUS-0160,2026-06-05,Business,monthly,299.00,299.00,USD,card,paid,Spain
INV-5732,CUS-0161,2026-06-05,Starter,monthly,29.00,29.00,USD,card,paid,Poland
INV-5733,CUS-0164,2026-06-05,Pro,monthly,99.00,99.00,USD,card,paid,Spain
INV-5734,CUS-0165,2026-06-05,Starter,monthly,29.00,29.00,USD,sepa_debit,paid,United Kingdom
INV-5735,CUS-0166,2026-06-05,Business,monthly,299.00,299.00,USD,invoice,paid,France
INV-5736,CUS-0168,2026-06-05,Starter,monthly,29.00,29.00,USD,card,paid,United States
INV-5737,CUS-0169,2026-06-05,Starter,monthly,29.00,29.00,USD,sepa_debit,failed,Romania
INV-5738,CUS-0171,2026-06-05,Starter,monthly,29.00,29.00,USD,sepa_debit,failed,Germany
INV-5739,CUS-0173,2026-06-05,Pro,monthly,99.00,99.00,USD,sepa_debit,refunded,Germany
INV-5740,CUS-0174,2026-06-05,Starter,monthly,29.00,29.00,USD,invoice,refunded,Spain
INV-5741,CUS-0175,2026-06-05,Pro,monthly,99.00,99.00,USD,invoice,paid,Germany
INV-5742,CUS-0176,2026-06-05,Business,monthly,299.00,299.00,USD,card,paid,United States
INV-5743,CUS-0178,2026-06-05,Starter,monthly,29.00,29.00,USD,sepa_debit,paid,Germany
INV-5744,CUS-0179,2026-06-05,Pro,monthly,99.00,99.00,USD,card,paid,Romania
INV-5745,CUS-0180,2026-06-05,Pro,monthly,99.00,99.00,USD,card,paid,United States
INV-5746,CUS-0181,2026-06-05,Business,monthly,299.00,299.00,USD,sepa_debit,paid,Canada
INV-5747,CUS-0182,2026-06-05,Pro,monthly,99.00,99.00,USD,card,paid,Germany
INV-5748,CUS-0183,2026-06-05,Business,monthly,299.00,299.00,USD,card,paid,United States
INV-5749,CUS-0185,2026-06-05,Pro,monthly,99.00,99.00,USD,card,paid,Romania
INV-5750,CUS-0189,2026-06-05,Pro,monthly,99.00,99.00,USD,card,paid,Germany
INV-5751,CUS-0194,2026-06-05,Pro,monthly,99.00,99.00,USD,card,paid,United States
INV-5752,CUS-0196,2026-06-05,Pro,monthly,99.00,99.00,USD,card,paid,United Kingdom
INV-5753,CUS-0197,2026-06-05,Pro,monthly,99.00,99.00,USD,card,paid,Poland
INV-5754,CUS-0200,2026-06-05,Pro,monthly,99.00,99.00,USD,card,refunded,Germany
INV-5755,CUS-0201,2026-06-05,Starter,monthly,29.00,29.00,USD,card,paid,Spain
INV-5756,CUS-0204,2026-06-05,Pro,monthly,99.00,99.00,USD,card,paid,Canada
INV-5757,CUS-0205,2026-06-05,Starter,monthly,29.00,29.00,USD,card,paid,Canada
INV-5758,CUS-0206,2026-06-05,Pro,monthly,99.00,99.00,USD,invoice,paid,Canada
INV-5759,CUS-0208,2026-06-05,Starter,monthly,29.00,29.00,USD,sepa_debit,paid,United States
INV-5760,CUS-0210,2026-06-05,Starter,monthly,29.00,29.00,USD,card,paid,United States
INV-5761,CUS-0211,2026-06-05,Pro,monthly,99.00,99.00,USD,card,paid,United States
INV-5762,CUS-0213,2026-06-05,Starter,monthly,29.00,29.00,USD,invoice,refunded,United States
INV-5763,CUS-0217,2026-06-05,Starter,monthly,29.00,29.00,USD,card,paid,France
INV-5764,CUS-0218,2026-06-05,Starter,monthly,29.00,29.00,USD,sepa_debit,paid,Germany
INV-5765,CUS-0219,2026-06-05,Starter,monthly,29.00,29.00,USD,card,paid,United Kingdom
INV-5766,CUS-0221,2026-06-05,Pro,monthly,99.00,99.00,USD,card,paid,Spain
INV-5767,CUS-0222,2026-06-05,Starter,annual,29.00,288.84,USD,card,paid,United States
INV-5768,CUS-0223,2026-06-05,Pro,monthly,99.00,99.00,USD,card,paid,Canada
INV-5769,CUS-0224,2026-06-05,Starter,monthly,29.00,29.00,USD,sepa_debit,paid,Spain
INV-5770,CUS-0226,2026-06-05,Starter,monthly,29.00,29.00,USD,sepa_debit,paid,United Kingdom
INV-5771,CUS-0227,2026-06-05,Starter,monthly,29.00,29.00,USD,sepa_debit,paid,Spain
INV-5772,CUS-0228,2026-06-05,Pro,monthly,99.00,99.00,USD,card,paid,United States
INV-5773,CUS-0229,2026-06-05,Starter,monthly,29.00,29.00,USD,invoice,paid,Poland
INV-5774,CUS-0231,2026-06-05,Starter,monthly,29.00,29.00,USD,sepa_debit,paid,Canada
INV-5775,CUS-0232,2026-06-05,Pro,monthly,99.00,99.00,USD,card,paid,United States
INV-5776,CUS-0233,2026-06-05,Starter,monthly,29.00,29.00,USD,sepa_debit,paid,Canada
INV-5777,CUS-0234,2026-06-05,Pro,monthly,99.00,99.00,USD,card,paid,United Kingdom
INV-5778,CUS-0237,2026-06-05,Business,monthly,299.00,299.00,USD,card,paid,United Kingdom
INV-5779,CUS-0239,2026-06-05,Pro,monthly,99.00,99.00,USD,card,paid,Canada
INV-5780,CUS-0002,2026-07-22,Pro,monthly,99.00,99.00,USD,card,paid,Canada
INV-5781,CUS-0004,2026-07-22,Pro,monthly,99.00,99.00,USD,card,paid,United States
INV-5782,CUS-0007,2026-07-22,Pro,monthly,99.00,99.00,USD,card,failed,Spain
INV-5783,CUS-0010,2026-07-22,Pro,monthly,99.00,99.00,USD,card,paid,United States
INV-5784,CUS-0011,2026-07-22,Business,monthly,299.00,299.00,USD,card,paid,United States
INV-5785,CUS-0012,2026-07-22,Starter,monthly,29.00,29.00,USD,card,paid,France
INV-5786,CUS-0013,2026-07-22,Business,monthly,299.00,299.00,USD,card,paid,United States
INV-5787,CUS-0014,2026-07-22,Pro,monthly,99.00,99.00,USD,card,paid,United Kingdom
INV-5788,CUS-0017,2026-07-22,Pro,monthly,99.00,99.00,USD,card,paid,United Kingdom
INV-5789,CUS-0018,2026-07-22,Pro,monthly,99.00,99.00,USD,invoice,paid,United States
INV-5790,CUS-0019,2026-07-22,Starter,monthly,29.00,29.00,USD,invoice,paid,Germany
INV-5791,CUS-0020,2026-07-22,Pro,monthly,99.00,99.00,USD,sepa_debit,paid,Canada
INV-5792,CUS-0025,2026-07-22,Pro,monthly,99.00,99.00,USD,invoice,paid,France
INV-5793,CUS-0026,2026-07-22,Pro,monthly,99.00,99.00,USD,card,paid,France
INV-5794,CUS-0028,2026-07-22,Pro,monthly,99.00,99.00,USD,card,paid,Canada
INV-5795,CUS-0030,2026-07-22,Pro,monthly,99.00,99.00,USD,sepa_debit,paid,United Kingdom
INV-5796,CUS-0031,2026-07-22,Starter,monthly,29.00,29.00,USD,card,paid,France
INV-5797,CUS-0033,2026-07-22,Pro,monthly,99.00,99.00,USD,card,paid,United States
INV-5798,CUS-0035,2026-07-22,Pro,monthly,99.00,99.00,USD,card,paid,United States
INV-5799,CUS-0036,2026-07-22,Pro,monthly,99.00,99.00,USD,sepa_debit,paid,Romania
INV-5800,CUS-0037,2026-07-22,Starter,monthly,29.00,29.00,USD,card,paid,Romania
INV-5801,CUS-0038,2026-07-22,Pro,monthly,99.00,99.00,USD,card,paid,Romania
INV-5802,CUS-0039,2026-07-22,Starter,monthly,29.00,29.00,USD,card,paid,Poland
INV-5803,CUS-0042,2026-07-22,Starter,monthly,29.00,29.00,USD,card,paid,United States
INV-5804,CUS-0043,2026-07-22,Starter,monthly,29.00,29.00,USD,sepa_debit,paid,United States
INV-5805,CUS-0044,2026-07-22,Starter,monthly,29.00,29.00,USD,card,failed,Germany
INV-5806,CUS-0045,2026-07-22,Business,annual,299.00,2978.04,USD,sepa_debit,paid,Romania
INV-5807,CUS-0047,2026-07-22,Business,monthly,299.00,299.00,USD,invoice,paid,United Kingdom
INV-5808,CUS-0048,2026-07-22,Starter,monthly,29.00,29.00,USD,sepa_debit,paid,Romania
INV-5809,CUS-0050,2026-07-22,Pro,monthly,99.00,99.00,USD,card,paid,Canada
INV-5810,CUS-0051,2026-07-22,Starter,monthly,29.00,29.00,USD,card,paid,United States
INV-5811,CUS-0054,2026-07-22,Pro,monthly,99.00,99.00,USD,sepa_debit,paid,Poland
INV-5812,CUS-0055,2026-07-22,Starter,monthly,29.00,29.00,USD,card,failed,Poland
INV-5813,CUS-0056,2026-07-22,Pro,monthly,99.00,99.00,USD,card,paid,United Kingdom
INV-5814,CUS-0057,2026-07-22,Starter,monthly,29.00,29.00,USD,card,paid,United Kingdom
INV-5815,CUS-0058,2026-07-22,Starter,monthly,29.00,29.00,USD,card,paid,Spain
INV-5816,CUS-0059,2026-07-22,Starter,monthly,29.00,29.00,USD,invoice,failed,Canada
INV-5817,CUS-0060,2026-07-22,Pro,monthly,99.00,99.00,USD,invoice,paid,United States
INV-5818,CUS-0061,2026-07-22,Starter,monthly,29.00,29.00,USD,sepa_debit,paid,United States
INV-5819,CUS-0062,2026-07-22,Pro,monthly,99.00,99.00,USD,card,paid,United States
INV-5820,CUS-0063,2026-07-22,Pro,monthly,99.00,99.00,USD,card,paid,France
INV-5821,CUS-0064,2026-07-22,Pro,monthly,99.00,99.00,USD,sepa_debit,paid,United States
INV-5822,CUS-0065,2026-07-22,Pro,monthly,99.00,99.00,USD,sepa_debit,paid,United States
INV-5823,CUS-0066,2026-07-22,Starter,monthly,29.00,29.00,USD,card,paid,Spain
INV-5824,CUS-0067,2026-07-22,Starter,monthly,29.00,29.00,USD,card,paid,Poland
INV-5825,CUS-0068,2026-07-22,Business,monthly,299.00,299.00,USD,card,paid,United States
INV-5826,CUS-0069,2026-07-22,Starter,monthly,29.00,29.00,USD,card,paid,France
INV-5827,CUS-0071,2026-07-22,Pro,monthly,99.00,99.00,USD,card,paid,United Kingdom
INV-5828,CUS-0072,2026-07-22,Pro,monthly,99.00,99.00,USD,sepa_debit,paid,United States
INV-5829,CUS-0074,2026-07-22,Pro,monthly,99.00,99.00,USD,card,paid,Romania
INV-5830,CUS-0075,2026-07-22,Business,monthly,299.00,299.00,USD,card,paid,United States
INV-5831,CUS-0076,2026-07-22,Pro,monthly,99.00,99.00,USD,card,paid,Poland
INV-5832,CUS-0079,2026-07-22,Pro,monthly,99.00,99.00,USD,card,paid,Romania
INV-5833,CUS-0080,2026-07-22,Starter,monthly,29.00,29.00,USD,card,paid,United States
INV-5834,CUS-0082,2026-07-22,Starter,monthly,29.00,29.00,USD,card,paid,United States
INV-5835,CUS-0083,2026-07-22,Business,monthly,299.00,299.00,USD,sepa_debit,paid,United Kingdom
INV-5836,CUS-0084,2026-07-22,Starter,monthly,29.00,29.00,USD,card,paid,Spain
INV-5837,CUS-0086,2026-07-22,Starter,monthly,29.00,29.00,USD,sepa_debit,paid,Poland
INV-5838,CUS-0090,2026-07-22,Starter,monthly,29.00,29.00,USD,sepa_debit,failed,Spain
INV-5839,CUS-0091,2026-07-22,Pro,monthly,99.00,99.00,USD,card,paid,United States
INV-5840,CUS-0093,2026-07-22,Starter,monthly,29.00,29.00,USD,card,paid,United States
INV-5841,CUS-0095,2026-07-22,Starter,monthly,29.00,29.00,USD,card,paid,United States
INV-5842,CUS-0097,2026-07-22,Pro,monthly,99.00,99.00,USD,card,failed,France
INV-5843,CUS-0099,2026-07-22,Starter,monthly,29.00,29.00,USD,card,paid,United States
INV-5844,CUS-0100,2026-07-22,Business,monthly,299.00,299.00,USD,card,paid,Poland
INV-5845,CUS-0101,2026-07-22,Starter,monthly,29.00,29.00,USD,sepa_debit,paid,Poland
INV-5846,CUS-0103,2026-07-22,Pro,monthly,99.00,99.00,USD,card,paid,France
INV-5847,CUS-0104,2026-07-22,Pro,monthly,99.00,99.00,USD,card,paid,Germany
INV-5848,CUS-0105,2026-07-22,Pro,monthly,99.00,99.00,USD,card,paid,Poland
INV-5849,CUS-0106,2026-07-22,Starter,monthly,29.00,29.00,USD,card,paid,United States
INV-5850,CUS-0107,2026-07-22,Starter,monthly,29.00,29.00,USD,card,paid,United States
INV-5851,CUS-0109,2026-07-22,Starter,monthly,29.00,29.00,USD,invoice,paid,Romania
INV-5852,CUS-0110,2026-07-22,Starter,monthly,29.00,29.00,USD,sepa_debit,paid,Germany
INV-5853,CUS-0111,2026-07-22,Starter,monthly,29.00,29.00,USD,card,paid,United States
INV-5854,CUS-0113,2026-07-22,Pro,annual,99.00,986.04,USD,card,paid,Germany
INV-5855,CUS-0114,2026-07-22,Business,monthly,299.00,299.00,USD,card,paid,Germany
INV-5856,CUS-0118,2026-07-22,Business,monthly,299.00,299.00,USD,card,paid,United States
INV-5857,CUS-0122,2026-07-22,Business,monthly,299.00,299.00,USD,card,paid,Romania
INV-5858,CUS-0123,2026-07-22,Starter,monthly,29.00,29.00,USD,card,paid,Romania
INV-5859,CUS-0124,2026-07-22,Starter,monthly,29.00,29.00,USD,card,paid,Canada
INV-5860,CUS-0126,2026-07-22,Pro,monthly,99.00,99.00,USD,sepa_debit,failed,Poland
INV-5861,CUS-0128,2026-07-22,Pro,monthly,99.00,99.00,USD,card,paid,Spain
INV-5862,CUS-0129,2026-07-22,Starter,monthly,29.00,29.00,USD,card,failed,United States
INV-5863,CUS-0132,2026-07-22,Starter,monthly,29.00,29.00,USD,card,paid,United States
INV-5864,CUS-0133,2026-07-22,Starter,monthly,29.00,29.00,USD,card,paid,Spain
INV-5865,CUS-0136,2026-07-22,Starter,monthly,29.00,29.00,USD,card,paid,United Kingdom
INV-5866,CUS-0137,2026-07-22,Business,monthly,299.00,299.00,USD,card,paid,Germany
INV-5867,CUS-0138,2026-07-22,Business,monthly,299.00,299.00,USD,card,paid,United Kingdom
INV-5868,CUS-0139,2026-07-22,Starter,monthly,29.00,29.00,USD,card,failed,United States
INV-5869,CUS-0140,2026-07-22,Pro,monthly,99.00,99.00,USD,sepa_debit,failed,Poland
INV-5870,CUS-0141,2026-07-22,Pro,monthly,99.00,99.00,USD,card,paid,Germany
INV-5871,CUS-0142,2026-07-22,Business,monthly,299.00,299.00,USD,card,failed,Canada
INV-5872,CUS-0143,2026-07-22,Starter,monthly,29.00,29.00,USD,sepa_debit,paid,United Kingdom
INV-5873,CUS-0146,2026-07-22,Pro,monthly,99.00,99.00,USD,card,paid,Germany
INV-5874,CUS-0148,2026-07-22,Pro,monthly,99.00,99.00,USD,card,paid,Romania
INV-5875,CUS-0149,2026-07-22,Business,monthly,299.00,299.00,USD,card,paid,United States
INV-5876,CUS-0150,2026-07-22,Pro,monthly,99.00,99.00,USD,sepa_debit,paid,Poland
INV-5877,CUS-0151,2026-07-22,Starter,annual,29.00,288.84,USD,card,paid,France
INV-5878,CUS-0152,2026-07-22,Starter,monthly,29.00,29.00,USD,card,paid,Germany
INV-5879,CUS-0154,2026-07-22,Pro,monthly,99.00,99.00,USD,card,failed,Germany
INV-5880,CUS-0155,2026-07-22,Starter,monthly,29.00,29.00,USD,sepa_debit,paid,United States
INV-5881,CUS-0156,2026-07-22,Business,monthly,299.00,299.00,USD,card,paid,Germany
INV-5882,CUS-0157,2026-07-22,Pro,annual,99.00,986.04,USD,card,paid,United States
INV-5883,CUS-0159,2026-07-22,Pro,monthly,99.00,99.00,USD,card,paid,United States
INV-5884,CUS-0160,2026-07-22,Business,monthly,299.00,299.00,USD,card,paid,Spain
INV-5885,CUS-0161,2026-07-22,Starter,monthly,29.00,29.00,USD,card,paid,Poland
INV-5886,CUS-0164,2026-07-22,Pro,monthly,99.00,99.00,USD,card,paid,Spain
INV-5887,CUS-0165,2026-07-22,Starter,monthly,29.00,29.00,USD,sepa_debit,paid,United Kingdom
INV-5888,CUS-0166,2026-07-22,Business,monthly,299.00,299.00,USD,invoice,paid,France
INV-5889,CUS-0168,2026-07-22,Starter,monthly,29.00,29.00,USD,card,paid,United States
INV-5890,CUS-0169,2026-07-22,Starter,monthly,29.00,29.00,USD,sepa_debit,paid,Romania
INV-5891,CUS-0171,2026-07-22,Starter,monthly,29.00,29.00,USD,sepa_debit,paid,Germany
INV-5892,CUS-0173,2026-07-22,Pro,monthly,99.00,99.00,USD,sepa_debit,refunded,Germany
INV-5893,CUS-0174,2026-07-22,Starter,monthly,29.00,29.00,USD,invoice,paid,Spain
INV-5894,CUS-0175,2026-07-22,Pro,monthly,99.00,99.00,USD,invoice,paid,Germany
INV-5895,CUS-0176,2026-07-22,Business,monthly,299.00,299.00,USD,card,failed,United States
INV-5896,CUS-0178,2026-07-22,Starter,monthly,29.00,29.00,USD,sepa_debit,paid,Germany
INV-5897,CUS-0179,2026-07-22,Pro,monthly,99.00,99.00,USD,card,paid,Romania
INV-5898,CUS-0180,2026-07-22,Pro,monthly,99.00,99.00,USD,card,paid,United States
INV-5899,CUS-0181,2026-07-22,Business,monthly,299.00,299.00,USD,sepa_debit,paid,Canada
INV-5900,CUS-0182,2026-07-22,Pro,monthly,99.00,99.00,USD,card,paid,Germany
INV-5901,CUS-0183,2026-07-22,Business,monthly,299.00,299.00,USD,card,paid,United States
INV-5902,CUS-0185,2026-07-22,Pro,monthly,99.00,99.00,USD,card,paid,Romania
INV-5903,CUS-0187,2026-07-22,Pro,annual,99.00,986.04,USD,card,paid,Germany
INV-5904,CUS-0189,2026-07-22,Pro,monthly,99.00,99.00,USD,card,paid,Germany
INV-5905,CUS-0190,2026-07-22,Starter,monthly,29.00,29.00,USD,sepa_debit,paid,United States
INV-5906,CUS-0193,2026-07-22,Starter,monthly,29.00,29.00,USD,invoice,paid,Poland
INV-5907,CUS-0194,2026-07-22,Pro,monthly,99.00,99.00,USD,card,paid,United States
INV-5908,CUS-0196,2026-07-22,Pro,monthly,99.00,99.00,USD,card,failed,United Kingdom
INV-5909,CUS-0197,2026-07-22,Pro,monthly,99.00,99.00,USD,card,paid,Poland
INV-5910,CUS-0200,2026-07-22,Pro,monthly,99.00,99.00,USD,card,paid,Germany
INV-5911,CUS-0201,2026-07-22,Starter,monthly,29.00,29.00,USD,card,paid,Spain
INV-5912,CUS-0203,2026-07-22,Starter,annual,29.00,288.84,USD,invoice,paid,Spain
INV-5913,CUS-0204,2026-07-22,Pro,monthly,99.00,99.00,USD,card,paid,Canada
INV-5914,CUS-0205,2026-07-22,Starter,monthly,29.00,29.00,USD,card,paid,Canada
INV-5915,CUS-0206,2026-07-22,Pro,monthly,99.00,99.00,USD,invoice,paid,Canada
INV-5916,CUS-0208,2026-07-22,Starter,monthly,29.00,29.00,USD,sepa_debit,paid,United States
INV-5917,CUS-0209,2026-07-22,Pro,monthly,99.00,99.00,USD,card,paid,United States
INV-5918,CUS-0210,2026-07-22,Starter,monthly,29.00,29.00,USD,card,paid,United States
INV-5919,CUS-0211,2026-07-22,Pro,monthly,99.00,99.00,USD,card,paid,United States
INV-5920,CUS-0213,2026-07-22,Starter,monthly,29.00,29.00,USD,invoice,paid,United States
INV-5921,CUS-0215,2026-07-22,Starter,monthly,29.00,29.00,USD,sepa_debit,paid,Canada
INV-5922,CUS-0218,2026-07-22,Starter,monthly,29.00,29.00,USD,sepa_debit,paid,Germany
INV-5923,CUS-0219,2026-07-22,Starter,monthly,29.00,29.00,USD,card,paid,United Kingdom
INV-5924,CUS-0221,2026-07-22,Pro,monthly,99.00,99.00,USD,card,failed,Spain
INV-5925,CUS-0223,2026-07-22,Pro,monthly,99.00,99.00,USD,card,paid,Canada
INV-5926,CUS-0224,2026-07-22,Starter,monthly,29.00,29.00,USD,sepa_debit,paid,Spain
INV-5927,CUS-0226,2026-07-22,Starter,monthly,29.00,29.00,USD,sepa_debit,failed,United Kingdom
INV-5928,CUS-0227,2026-07-22,Starter,monthly,29.00,29.00,USD,sepa_debit,paid,Spain
INV-5929,CUS-0228,2026-07-22,Pro,monthly,99.00,99.00,USD,card,paid,United States
INV-5930,CUS-0229,2026-07-22,Starter,monthly,29.00,29.00,USD,invoice,paid,Poland
INV-5931,CUS-0231,2026-07-22,Starter,monthly,29.00,29.00,USD,sepa_debit,paid,Canada
INV-5932,CUS-0232,2026-07-22,Pro,monthly,99.00,99.00,USD,card,paid,United States
INV-5933,CUS-0233,2026-07-22,Starter,monthly,29.00,29.00,USD,sepa_debit,paid,Canada
INV-5934,CUS-0234,2026-07-22,Pro,monthly,99.00,99.00,USD,card,paid,United Kingdom
INV-5935,CUS-0237,2026-07-22,Business,monthly,299.00,299.00,USD,card,paid,United Kingdom
INV-5936,CUS-0238,2026-07-22,Starter,monthly,29.00,29.00,USD,card,paid,United Kingdom
INV-5937,CUS-0239,2026-07-22,Pro,monthly,99.00,99.00,USD,card,paid,Canada
INV-5938,CUS-0002,2026-08-24,Pro,monthly,99.00,99.00,USD,card,paid,Canada
INV-5939,CUS-0004,2026-08-24,Pro,monthly,99.00,99.00,USD,card,paid,United States
INV-5940,CUS-0007,2026-08-24,Pro,monthly,99.00,99.00,USD,card,paid,Spain
INV-5941,CUS-0010,2026-08-24,Pro,monthly,99.00,99.00,USD,card,paid,United States
INV-5942,CUS-0011,2026-08-24,Business,monthly,299.00,299.00,USD,card,paid,United States
INV-5943,CUS-0012,2026-08-24,Starter,monthly,29.00,29.00,USD,card,paid,France
INV-5944,CUS-0013,2026-08-24,Business,monthly,299.00,299.00,USD,card,paid,United States
INV-5945,CUS-0014,2026-08-24,Pro,monthly,99.00,99.00,USD,card,paid,United Kingdom
INV-5946,CUS-0017,2026-08-24,Pro,monthly,99.00,99.00,USD,card,paid,United Kingdom
INV-5947,CUS-0018,2026-08-24,Pro,monthly,99.00,99.00,USD,invoice,paid,United States
INV-5948,CUS-0019,2026-08-24,Starter,monthly,29.00,29.00,USD,invoice,paid,Germany
INV-5949,CUS-0020,2026-08-24,Pro,monthly,99.00,99.00,USD,sepa_debit,paid,Canada
INV-5950,CUS-0025,2026-08-24,Pro,monthly,99.00,99.00,USD,invoice,paid,France
INV-5951,CUS-0026,2026-08-24,Pro,monthly,99.00,99.00,USD,card,paid,France
INV-5952,CUS-0028,2026-08-24,Pro,monthly,99.00,99.00,USD,card,paid,Canada
INV-5953,CUS-0030,2026-08-24,Pro,monthly,99.00,99.00,USD,sepa_debit,paid,United Kingdom
INV-5954,CUS-0031,2026-08-24,Starter,monthly,29.00,29.00,USD,card,paid,France
INV-5955,CUS-0033,2026-08-24,Pro,monthly,99.00,99.00,USD,card,paid,United States
INV-5956,CUS-0035,2026-08-24,Pro,monthly,99.00,99.00,USD,card,paid,United States
INV-5957,CUS-0036,2026-08-24,Pro,monthly,99.00,99.00,USD,sepa_debit,paid,Romania
INV-5958,CUS-0037,2026-08-24,Starter,monthly,29.00,29.00,USD,card,failed,Romania
INV-5959,CUS-0038,2026-08-24,Pro,monthly,99.00,99.00,USD,card,paid,Romania
INV-5960,CUS-0039,2026-08-24,Starter,monthly,29.00,29.00,USD,card,paid,Poland
INV-5961,CUS-0042,2026-08-24,Starter,monthly,29.00,29.00,USD,card,failed,United States
INV-5962,CUS-0043,2026-08-24,Starter,monthly,29.00,29.00,USD,sepa_debit,paid,United States
INV-5963,CUS-0044,2026-08-24,Starter,monthly,29.00,29.00,USD,card,paid,Germany
INV-5964,CUS-0047,2026-08-24,Business,monthly,299.00,299.00,USD,invoice,paid,United Kingdom
INV-5965,CUS-0048,2026-08-24,Starter,monthly,29.00,29.00,USD,sepa_debit,paid,Romania
INV-5966,CUS-0050,2026-08-24,Pro,monthly,99.00,99.00,USD,card,paid,Canada
INV-5967,CUS-0054,2026-08-24,Pro,monthly,99.00,99.00,USD,sepa_debit,paid,Poland
INV-5968,CUS-0055,2026-08-24,Starter,monthly,29.00,29.00,USD,card,paid,Poland
INV-5969,CUS-0056,2026-08-24,Pro,monthly,99.00,99.00,USD,card,paid,United Kingdom
INV-5970,CUS-0057,2026-08-24,Starter,monthly,29.00,29.00,USD,card,paid,United Kingdom
INV-5971,CUS-0058,2026-08-24,Starter,monthly,29.00,29.00,USD,card,paid,Spain
INV-5972,CUS-0059,2026-08-24,Starter,monthly,29.00,29.00,USD,invoice,paid,Canada
INV-5973,CUS-0060,2026-08-24,Pro,monthly,99.00,99.00,USD,invoice,paid,United States
INV-5974,CUS-0061,2026-08-24,Starter,monthly,29.00,29.00,USD,sepa_debit,failed,United States
INV-5975,CUS-0062,2026-08-24,Pro,monthly,99.00,99.00,USD,card,paid,United States
INV-5976,CUS-0063,2026-08-24,Pro,monthly,99.00,99.00,USD,card,paid,France
INV-5977,CUS-0064,2026-08-24,Pro,monthly,99.00,99.00,USD,sepa_debit,paid,United States
INV-5978,CUS-0065,2026-08-24,Pro,monthly,99.00,99.00,USD,sepa_debit,paid,United States
INV-5979,CUS-0066,2026-08-24,Starter,monthly,29.00,29.00,USD,card,paid,Spain
INV-5980,CUS-0067,2026-08-24,Starter,monthly,29.00,29.00,USD,card,paid,Poland
INV-5981,CUS-0068,2026-08-24,Business,monthly,299.00,299.00,USD,card,paid,United States
INV-5982,CUS-0069,2026-08-24,Starter,monthly,29.00,29.00,USD,card,paid,France
INV-5983,CUS-0071,2026-08-24,Pro,monthly,99.00,99.00,USD,card,paid,United Kingdom
INV-5984,CUS-0072,2026-08-24,Pro,monthly,99.00,99.00,USD,sepa_debit,paid,United States
INV-5985,CUS-0074,2026-08-24,Pro,monthly,99.00,99.00,USD,card,paid,Romania
INV-5986,CUS-0075,2026-08-24,Business,monthly,299.00,299.00,USD,card,paid,United States
INV-5987,CUS-0076,2026-08-24,Pro,monthly,99.00,99.00,USD,card,paid,Poland
INV-5988,CUS-0079,2026-08-24,Pro,monthly,99.00,99.00,USD,card,paid,Romania
INV-5989,CUS-0080,2026-08-24,Starter,monthly,29.00,29.00,USD,card,paid,United States
INV-5990,CUS-0083,2026-08-24,Business,monthly,299.00,299.00,USD,sepa_debit,paid,United Kingdom
INV-5991,CUS-0084,2026-08-24,Starter,monthly,29.00,29.00,USD,card,paid,Spain
INV-5992,CUS-0086,2026-08-24,Starter,monthly,29.00,29.00,USD,sepa_debit,paid,Poland
INV-5993,CUS-0090,2026-08-24,Starter,monthly,29.00,29.00,USD,sepa_debit,paid,Spain
INV-5994,CUS-0091,2026-08-24,Pro,monthly,99.00,99.00,USD,card,paid,United States
INV-5995,CUS-0093,2026-08-24,Starter,monthly,29.00,29.00,USD,card,paid,United States
INV-5996,CUS-0095,2026-08-24,Starter,monthly,29.00,29.00,USD,card,paid,United States
INV-5997,CUS-0097,2026-08-24,Pro,monthly,99.00,99.00,USD,card,paid,France
INV-5998,CUS-0099,2026-08-24,Starter,monthly,29.00,29.00,USD,card,failed,United States
INV-5999,CUS-0100,2026-08-24,Business,monthly,299.00,299.00,USD,card,paid,Poland
INV-6000,CUS-0101,2026-08-24,Starter,monthly,29.00,29.00,USD,sepa_debit,paid,Poland
INV-6001,CUS-0103,2026-08-24,Pro,monthly,99.00,99.00,USD,card,failed,France
INV-6002,CUS-0104,2026-08-24,Pro,monthly,99.00,99.00,USD,card,refunded,Germany
INV-6003,CUS-0105,2026-08-24,Pro,monthly,99.00,99.00,USD,card,paid,Poland
INV-6004,CUS-0106,2026-08-24,Starter,monthly,29.00,29.00,USD,card,paid,United States
INV-6005,CUS-0107,2026-08-24,Starter,monthly,29.00,29.00,USD,card,paid,United States
INV-6006,CUS-0109,2026-08-24,Starter,monthly,29.00,29.00,USD,invoice,paid,Romania
INV-6007,CUS-0110,2026-08-24,Starter,monthly,29.00,29.00,USD,sepa_debit,paid,Germany
INV-6008,CUS-0111,2026-08-24,Starter,monthly,29.00,29.00,USD,card,paid,United States
INV-6009,CUS-0114,2026-08-24,Business,monthly,299.00,299.00,USD,card,paid,Germany
INV-6010,CUS-0118,2026-08-24,Business,monthly,299.00,299.00,USD,card,paid,United States
INV-6011,CUS-0122,2026-08-24,Business,monthly,299.00,299.00,USD,card,paid,Romania
INV-6012,CUS-0123,2026-08-24,Starter,monthly,29.00,29.00,USD,card,paid,Romania
INV-6013,CUS-0124,2026-08-24,Starter,monthly,29.00,29.00,USD,card,paid,Canada
INV-6014,CUS-0126,2026-08-24,Pro,monthly,99.00,99.00,USD,sepa_debit,paid,Poland
INV-6015,CUS-0129,2026-08-24,Starter,monthly,29.00,29.00,USD,card,paid,United States
INV-6016,CUS-0132,2026-08-24,Starter,monthly,29.00,29.00,USD,card,paid,United States
INV-6017,CUS-0133,2026-08-24,Starter,monthly,29.00,29.00,USD,card,paid,Spain
INV-6018,CUS-0136,2026-08-24,Starter,monthly,29.00,29.00,USD,card,paid,United Kingdom
INV-6019,CUS-0137,2026-08-24,Business,monthly,299.00,299.00,USD,card,paid,Germany
INV-6020,CUS-0138,2026-08-24,Business,monthly,299.00,299.00,USD,card,paid,United Kingdom
INV-6021,CUS-0139,2026-08-24,Starter,monthly,29.00,29.00,USD,card,paid,United States
INV-6022,CUS-0140,2026-08-24,Pro,monthly,99.00,99.00,USD,sepa_debit,paid,Poland
INV-6023,CUS-0141,2026-08-24,Pro,monthly,99.00,99.00,USD,card,paid,Germany
INV-6024,CUS-0142,2026-08-24,Business,monthly,299.00,299.00,USD,card,paid,Canada
INV-6025,CUS-0143,2026-08-24,Starter,monthly,29.00,29.00,USD,sepa_debit,paid,United Kingdom
INV-6026,CUS-0146,2026-08-24,Pro,monthly,99.00,99.00,USD,card,paid,Germany
INV-6027,CUS-0148,2026-08-24,Pro,monthly,99.00,99.00,USD,card,paid,Romania
INV-6028,CUS-0149,2026-08-24,Business,monthly,299.00,299.00,USD,card,paid,United States
INV-6029,CUS-0150,2026-08-24,Pro,monthly,99.00,99.00,USD,sepa_debit,paid,Poland
INV-6030,CUS-0152,2026-08-24,Starter,monthly,29.00,29.00,USD,card,paid,Germany
INV-6031,CUS-0154,2026-08-24,Pro,monthly,99.00,99.00,USD,card,paid,Germany
INV-6032,CUS-0155,2026-08-24,Starter,monthly,29.00,29.00,USD,sepa_debit,paid,United States
INV-6033,CUS-0156,2026-08-24,Business,monthly,299.00,299.00,USD,card,paid,Germany
INV-6034,CUS-0159,2026-08-24,Pro,monthly,99.00,99.00,USD,card,paid,United States
INV-6035,CUS-0160,2026-08-24,Business,monthly,299.00,299.00,USD,card,paid,Spain
INV-6036,CUS-0161,2026-08-24,Starter,monthly,29.00,29.00,USD,card,paid,Poland
INV-6037,CUS-0164,2026-08-24,Pro,monthly,99.00,99.00,USD,card,paid,Spain
INV-6038,CUS-0165,2026-08-24,Starter,monthly,29.00,29.00,USD,sepa_debit,paid,United Kingdom
INV-6039,CUS-0166,2026-08-24,Business,monthly,299.00,299.00,USD,invoice,paid,France
INV-6040,CUS-0168,2026-08-24,Starter,monthly,29.00,29.00,USD,card,paid,United States
INV-6041,CUS-0169,2026-08-24,Starter,monthly,29.00,29.00,USD,sepa_debit,paid,Romania
INV-6042,CUS-0171,2026-08-24,Starter,monthly,29.00,29.00,USD,sepa_debit,paid,Germany
INV-6043,CUS-0173,2026-08-24,Pro,monthly,99.00,99.00,USD,sepa_debit,paid,Germany
INV-6044,CUS-0174,2026-08-24,Starter,monthly,29.00,29.00,USD,invoice,paid,Spain
INV-6045,CUS-0175,2026-08-24,Pro,monthly,99.00,99.00,USD,invoice,paid,Germany
INV-6046,CUS-0176,2026-08-24,Business,monthly,299.00,299.00,USD,card,paid,United States
INV-6047,CUS-0178,2026-08-24,Starter,monthly,29.00,29.00,USD,sepa_debit,failed,Germany
INV-6048,CUS-0179,2026-08-24,Pro,monthly,99.00,99.00,USD,card,failed,Romania
INV-6049,CUS-0180,2026-08-24,Pro,monthly,99.00,99.00,USD,card,paid,United States
INV-6050,CUS-0181,2026-08-24,Business,monthly,299.00,299.00,USD,sepa_debit,paid,Canada
INV-6051,CUS-0182,2026-08-24,Pro,monthly,99.00,99.00,USD,card,paid,Germany
INV-6052,CUS-0183,2026-08-24,Business,monthly,299.00,299.00,USD,card,paid,United States
INV-6053,CUS-0185,2026-08-24,Pro,monthly,99.00,99.00,USD,card,paid,Romania
INV-6054,CUS-0189,2026-08-24,Pro,monthly,99.00,99.00,USD,card,paid,Germany
INV-6055,CUS-0190,2026-08-24,Starter,monthly,29.00,29.00,USD,sepa_debit,paid,United States
INV-6056,CUS-0193,2026-08-24,Starter,monthly,29.00,29.00,USD,invoice,paid,Poland
INV-6057,CUS-0194,2026-08-24,Pro,monthly,99.00,99.00,USD,card,paid,United States
INV-6058,CUS-0196,2026-08-24,Pro,monthly,99.00,99.00,USD,card,paid,United Kingdom
INV-6059,CUS-0197,2026-08-24,Pro,monthly,99.00,99.00,USD,card,paid,Poland
INV-6060,CUS-0200,2026-08-24,Pro,monthly,99.00,99.00,USD,card,failed,Germany
INV-6061,CUS-0201,2026-08-24,Starter,monthly,29.00,29.00,USD,card,paid,Spain
INV-6062,CUS-0204,2026-08-24,Pro,monthly,99.00,99.00,USD,card,paid,Canada
INV-6063,CUS-0205,2026-08-24,Starter,monthly,29.00,29.00,USD,card,paid,Canada
INV-6064,CUS-0206,2026-08-24,Pro,monthly,99.00,99.00,USD,invoice,paid,Canada
INV-6065,CUS-0208,2026-08-24,Starter,monthly,29.00,29.00,USD,sepa_debit,paid,United States
INV-6066,CUS-0209,2026-08-24,Pro,monthly,99.00,99.00,USD,card,paid,United States
INV-6067,CUS-0210,2026-08-24,Starter,monthly,29.00,29.00,USD,card,failed,United States
INV-6068,CUS-0211,2026-08-24,Pro,monthly,99.00,99.00,USD,card,paid,United States
INV-6069,CUS-0213,2026-08-24,Starter,monthly,29.00,29.00,USD,invoice,paid,United States
INV-6070,CUS-0215,2026-08-24,Starter,monthly,29.00,29.00,USD,sepa_debit,paid,Canada
INV-6071,CUS-0218,2026-08-24,Starter,monthly,29.00,29.00,USD,sepa_debit,paid,Germany
INV-6072,CUS-0219,2026-08-24,Starter,monthly,29.00,29.00,USD,card,paid,United Kingdom
INV-6073,CUS-0221,2026-08-24,Pro,monthly,99.00,99.00,USD,card,paid,Spain
INV-6074,CUS-0223,2026-08-24,Pro,monthly,99.00,99.00,USD,card,paid,Canada
INV-6075,CUS-0224,2026-08-24,Starter,monthly,29.00,29.00,USD,sepa_debit,paid,Spain
INV-6076,CUS-0226,2026-08-24,Starter,monthly,29.00,29.00,USD,sepa_debit,paid,United Kingdom
INV-6077,CUS-0227,2026-08-24,Starter,monthly,29.00,29.00,USD,sepa_debit,paid,Spain
INV-6078,CUS-0228,2026-08-24,Pro,monthly,99.00,99.00,USD,card,paid,United States
INV-6079,CUS-0229,2026-08-24,Starter,monthly,29.00,29.00,USD,invoice,paid,Poland
INV-6080,CUS-0231,2026-08-24,Starter,monthly,29.00,29.00,USD,sepa_debit,paid,Canada
INV-6081,CUS-0232,2026-08-24,Pro,monthly,99.00,99.00,USD,card,paid,United States
INV-6082,CUS-0233,2026-08-24,Starter,monthly,29.00,29.00,USD,sepa_debit,paid,Canada
INV-6083,CUS-0234,2026-08-24,Pro,monthly,99.00,99.00,USD,card,paid,United Kingdom
INV-6084,CUS-0237,2026-08-24,Business,monthly,299.00,299.00,USD,card,paid,United Kingdom
INV-6085,CUS-0238,2026-08-24,Starter,monthly,29.00,29.00,USD,card,paid,United Kingdom
INV-6086,CUS-0239,2026-08-24,Pro,monthly,99.00,99.00,USD,card,paid,Canada
INV-6087,CUS-0002,2026-09-21,Pro,monthly,99.00,99.00,USD,card,paid,Canada
INV-6088,CUS-0007,2026-09-21,Pro,monthly,99.00,99.00,USD,card,paid,Spain
INV-6089,CUS-0010,2026-09-21,Pro,monthly,99.00,99.00,USD,card,paid,United States
INV-6090,CUS-0011,2026-09-21,Business,monthly,299.00,299.00,USD,card,paid,United States
INV-6091,CUS-0012,2026-09-21,Starter,monthly,29.00,29.00,USD,card,paid,France
INV-6092,CUS-0013,2026-09-21,Business,monthly,299.00,299.00,USD,card,paid,United States
INV-6093,CUS-0014,2026-09-21,Pro,monthly,99.00,99.00,USD,card,paid,United Kingdom
INV-6094,CUS-0017,2026-09-21,Pro,monthly,99.00,99.00,USD,card,paid,United Kingdom
INV-6095,CUS-0018,2026-09-21,Pro,monthly,99.00,99.00,USD,invoice,paid,United States
INV-6096,CUS-0019,2026-09-21,Starter,monthly,29.00,29.00,USD,invoice,paid,Germany
INV-6097,CUS-0020,2026-09-21,Pro,monthly,99.00,99.00,USD,sepa_debit,failed,Canada
INV-6098,CUS-0025,2026-09-21,Pro,monthly,99.00,99.00,USD,invoice,paid,France
INV-6099,CUS-0026,2026-09-21,Pro,monthly,99.00,99.00,USD,card,paid,France
INV-6100,CUS-0028,2026-09-21,Pro,monthly,99.00,99.00,USD,card,paid,Canada
INV-6101,CUS-0030,2026-09-21,Pro,monthly,99.00,99.00,USD,sepa_debit,paid,United Kingdom
INV-6102,CUS-0031,2026-09-21,Starter,monthly,29.00,29.00,USD,card,paid,France
INV-6103,CUS-0033,2026-09-21,Pro,monthly,99.00,99.00,USD,card,paid,United States
INV-6104,CUS-0035,2026-09-21,Pro,monthly,99.00,99.00,USD,card,paid,United States
INV-6105,CUS-0036,2026-09-21,Pro,monthly,99.00,99.00,USD,sepa_debit,paid,Romania
INV-6106,CUS-0037,2026-09-21,Starter,monthly,29.00,29.00,USD,card,paid,Romania
INV-6107,CUS-0038,2026-09-21,Pro,monthly,99.00,99.00,USD,card,paid,Romania
INV-6108,CUS-0039,2026-09-21,Starter,monthly,29.00,29.00,USD,card,paid,Poland
INV-6109,CUS-0042,2026-09-21,Starter,monthly,29.00,29.00,USD,card,paid,United States
INV-6110,CUS-0043,2026-09-21,Starter,monthly,29.00,29.00,USD,sepa_debit,paid,United States
INV-6111,CUS-0044,2026-09-21,Starter,monthly,29.00,29.00,USD,card,paid,Germany
INV-6112,CUS-0047,2026-09-21,Business,monthly,299.00,299.00,USD,invoice,failed,United Kingdom
INV-6113,CUS-0048,2026-09-21,Starter,monthly,29.00,29.00,USD,sepa_debit,paid,Romania
INV-6114,CUS-0050,2026-09-21,Pro,monthly,99.00,99.00,USD,card,paid,Canada
INV-6115,CUS-0054,2026-09-21,Pro,monthly,99.00,99.00,USD,sepa_debit,paid,Poland
INV-6116,CUS-0056,2026-09-21,Pro,monthly,99.00,99.00,USD,card,paid,United Kingdom
INV-6117,CUS-0057,2026-09-21,Starter,monthly,29.00,29.00,USD,card,paid,United Kingdom
INV-6118,CUS-0058,2026-09-21,Starter,monthly,29.00,29.00,USD,card,failed,Spain
INV-6119,CUS-0059,2026-09-21,Starter,monthly,29.00,29.00,USD,invoice,paid,Canada
INV-6120,CUS-0060,2026-09-21,Pro,monthly,99.00,99.00,USD,invoice,paid,United States
INV-6121,CUS-0061,2026-09-21,Starter,monthly,29.00,29.00,USD,sepa_debit,paid,United States
INV-6122,CUS-0062,2026-09-21,Pro,monthly,99.00,99.00,USD,card,paid,United States
INV-6123,CUS-0063,2026-09-21,Pro,monthly,99.00,99.00,USD,card,paid,France
INV-6124,CUS-0064,2026-09-21,Pro,monthly,99.00,99.00,USD,sepa_debit,paid,United States
INV-6125,CUS-0065,2026-09-21,Pro,monthly,99.00,99.00,USD,sepa_debit,paid,United States
INV-6126,CUS-0066,2026-09-21,Starter,monthly,29.00,29.00,USD,card,paid,Spain
INV-6127,CUS-0067,2026-09-21,Starter,monthly,29.00,29.00,USD,card,paid,Poland
INV-6128,CUS-0068,2026-09-21,Business,monthly,299.00,299.00,USD,card,paid,United States
INV-6129,CUS-0069,2026-09-21,Starter,monthly,29.00,29.00,USD,card,paid,France
INV-6130,CUS-0071,2026-09-21,Pro,monthly,99.00,99.00,USD,card,paid,United Kingdom
INV-6131,CUS-0072,2026-09-21,Pro,monthly,99.00,99.00,USD,sepa_debit,paid,United States
INV-6132,CUS-0074,2026-09-21,Pro,monthly,99.00,99.00,USD,card,paid,Romania
INV-6133,CUS-0075,2026-09-21,Business,monthly,299.00,299.00,USD,card,paid,United States
INV-6134,CUS-0076,2026-09-21,Pro,monthly,99.00,99.00,USD,card,paid,Poland
INV-6135,CUS-0079,2026-09-21,Pro,monthly,99.00,99.00,USD,card,paid,Romania
INV-6136,CUS-0080,2026-09-21,Starter,monthly,29.00,29.00,USD,card,paid,United States
INV-6137,CUS-0083,2026-09-21,Business,monthly,299.00,299.00,USD,sepa_debit,paid,United Kingdom
INV-6138,CUS-0084,2026-09-21,Starter,monthly,29.00,29.00,USD,card,paid,Spain
INV-6139,CUS-0086,2026-09-21,Starter,monthly,29.00,29.00,USD,sepa_debit,paid,Poland
INV-6140,CUS-0090,2026-09-21,Starter,monthly,29.00,29.00,USD,sepa_debit,paid,Spain
INV-6141,CUS-0091,2026-09-21,Pro,monthly,99.00,99.00,USD,card,paid,United States
INV-6142,CUS-0093,2026-09-21,Starter,monthly,29.00,29.00,USD,card,paid,United States
INV-6143,CUS-0095,2026-09-21,Starter,monthly,29.00,29.00,USD,card,paid,United States
INV-6144,CUS-0097,2026-09-21,Pro,monthly,99.00,99.00,USD,card,paid,France
INV-6145,CUS-0099,2026-09-21,Starter,monthly,29.00,29.00,USD,card,paid,United States
INV-6146,CUS-0101,2026-09-21,Starter,monthly,29.00,29.00,USD,sepa_debit,paid,Poland
INV-6147,CUS-0103,2026-09-21,Pro,monthly,99.00,99.00,USD,card,paid,France
INV-6148,CUS-0104,2026-09-21,Pro,monthly,99.00,99.00,USD,card,paid,Germany
INV-6149,CUS-0105,2026-09-21,Pro,monthly,99.00,99.00,USD,card,paid,Poland
INV-6150,CUS-0106,2026-09-21,Starter,monthly,29.00,29.00,USD,card,paid,United States
INV-6151,CUS-0107,2026-09-21,Starter,monthly,29.00,29.00,USD,card,paid,United States
INV-6152,CUS-0109,2026-09-21,Starter,monthly,29.00,29.00,USD,invoice,paid,Romania
INV-6153,CUS-0110,2026-09-21,Starter,monthly,29.00,29.00,USD,sepa_debit,paid,Germany
INV-6154,CUS-0111,2026-09-21,Starter,monthly,29.00,29.00,USD,card,failed,United States
INV-6155,CUS-0118,2026-09-21,Business,monthly,299.00,299.00,USD,card,paid,United States
INV-6156,CUS-0122,2026-09-21,Business,monthly,299.00,299.00,USD,card,paid,Romania
INV-6157,CUS-0123,2026-09-21,Starter,monthly,29.00,29.00,USD,card,paid,Romania
INV-6158,CUS-0124,2026-09-21,Starter,monthly,29.00,29.00,USD,card,paid,Canada
INV-6159,CUS-0126,2026-09-21,Pro,monthly,99.00,99.00,USD,sepa_debit,paid,Poland
INV-6160,CUS-0129,2026-09-21,Starter,monthly,29.00,29.00,USD,card,paid,United States
INV-6161,CUS-0132,2026-09-21,Starter,monthly,29.00,29.00,USD,card,paid,United States
INV-6162,CUS-0133,2026-09-21,Starter,monthly,29.00,29.00,USD,card,failed,Spain
INV-6163,CUS-0136,2026-09-21,Starter,monthly,29.00,29.00,USD,card,paid,United Kingdom
INV-6164,CUS-0137,2026-09-21,Business,monthly,299.00,299.00,USD,card,paid,Germany
INV-6165,CUS-0138,2026-09-21,Business,monthly,299.00,299.00,USD,card,paid,United Kingdom
INV-6166,CUS-0139,2026-09-21,Starter,monthly,29.00,29.00,USD,card,paid,United States
INV-6167,CUS-0140,2026-09-21,Pro,monthly,99.00,99.00,USD,sepa_debit,failed,Poland
INV-6168,CUS-0142,2026-09-21,Business,monthly,299.00,299.00,USD,card,paid,Canada
INV-6169,CUS-0143,2026-09-21,Starter,monthly,29.00,29.00,USD,sepa_debit,paid,United Kingdom
INV-6170,CUS-0146,2026-09-21,Pro,monthly,99.00,99.00,USD,card,refunded,Germany
INV-6171,CUS-0148,2026-09-21,Pro,monthly,99.00,99.00,USD,card,paid,Romania
INV-6172,CUS-0149,2026-09-21,Business,monthly,299.00,299.00,USD,card,paid,United States
INV-6173,CUS-0150,2026-09-21,Pro,monthly,99.00,99.00,USD,sepa_debit,paid,Poland
INV-6174,CUS-0152,2026-09-21,Starter,monthly,29.00,29.00,USD,card,failed,Germany
INV-6175,CUS-0154,2026-09-21,Pro,monthly,99.00,99.00,USD,card,paid,Germany
INV-6176,CUS-0155,2026-09-21,Starter,monthly,29.00,29.00,USD,sepa_debit,paid,United States
INV-6177,CUS-0156,2026-09-21,Business,monthly,299.00,299.00,USD,card,paid,Germany
INV-6178,CUS-0159,2026-09-21,Pro,monthly,99.00,99.00,USD,card,paid,United States
INV-6179,CUS-0160,2026-09-21,Business,monthly,299.00,299.00,USD,card,paid,Spain
INV-6180,CUS-0161,2026-09-21,Starter,monthly,29.00,29.00,USD,card,paid,Poland
INV-6181,CUS-0164,2026-09-21,Pro,monthly,99.00,99.00,USD,card,paid,Spain
INV-6182,CUS-0165,2026-09-21,Starter,monthly,29.00,29.00,USD,sepa_debit,paid,United Kingdom
INV-6183,CUS-0166,2026-09-21,Business,monthly,299.00,299.00,USD,invoice,paid,France
INV-6184,CUS-0168,2026-09-21,Starter,monthly,29.00,29.00,USD,card,paid,United States
INV-6185,CUS-0169,2026-09-21,Starter,monthly,29.00,29.00,USD,sepa_debit,paid,Romania
INV-6186,CUS-0171,2026-09-21,Starter,monthly,29.00,29.00,USD,sepa_debit,failed,Germany
INV-6187,CUS-0173,2026-09-21,Pro,monthly,99.00,99.00,USD,sepa_debit,paid,Germany
INV-6188,CUS-0175,2026-09-21,Pro,monthly,99.00,99.00,USD,invoice,paid,Germany
INV-6189,CUS-0176,2026-09-21,Business,monthly,299.00,299.00,USD,card,paid,United States
INV-6190,CUS-0178,2026-09-21,Starter,monthly,29.00,29.00,USD,sepa_debit,paid,Germany
INV-6191,CUS-0179,2026-09-21,Pro,monthly,99.00,99.00,USD,card,paid,Romania
INV-6192,CUS-0180,2026-09-21,Pro,monthly,99.00,99.00,USD,card,paid,United States
INV-6193,CUS-0181,2026-09-21,Business,monthly,299.00,299.00,USD,sepa_debit,paid,Canada
INV-6194,CUS-0182,2026-09-21,Pro,monthly,99.00,99.00,USD,card,paid,Germany
INV-6195,CUS-0183,2026-09-21,Business,monthly,299.00,299.00,USD,card,failed,United States
INV-6196,CUS-0185,2026-09-21,Pro,monthly,99.00,99.00,USD,card,paid,Romania
INV-6197,CUS-0189,2026-09-21,Pro,monthly,99.00,99.00,USD,card,paid,Germany
INV-6198,CUS-0190,2026-09-21,Starter,monthly,29.00,29.00,USD,sepa_debit,paid,United States
INV-6199,CUS-0193,2026-09-21,Starter,monthly,29.00,29.00,USD,invoice,paid,Poland
INV-6200,CUS-0194,2026-09-21,Pro,monthly,99.00,99.00,USD,card,paid,United States
INV-6201,CUS-0197,2026-09-21,Pro,monthly,99.00,99.00,USD,card,paid,Poland
INV-6202,CUS-0200,2026-09-21,Pro,monthly,99.00,99.00,USD,card,paid,Germany
INV-6203,CUS-0201,2026-09-21,Starter,monthly,29.00,29.00,USD,card,paid,Spain
INV-6204,CUS-0204,2026-09-21,Pro,monthly,99.00,99.00,USD,card,paid,Canada
INV-6205,CUS-0205,2026-09-21,Starter,monthly,29.00,29.00,USD,card,paid,Canada
INV-6206,CUS-0206,2026-09-21,Pro,monthly,99.00,99.00,USD,invoice,paid,Canada
INV-6207,CUS-0208,2026-09-21,Starter,monthly,29.00,29.00,USD,sepa_debit,failed,United States
INV-6208,CUS-0209,2026-09-21,Pro,monthly,99.00,99.00,USD,card,paid,United States
INV-6209,CUS-0211,2026-09-21,Pro,monthly,99.00,99.00,USD,card,paid,United States
INV-6210,CUS-0213,2026-09-21,Starter,monthly,29.00,29.00,USD,invoice,paid,United States
INV-6211,CUS-0215,2026-09-21,Starter,monthly,29.00,29.00,USD,sepa_debit,failed,Canada
INV-6212,CUS-0218,2026-09-21,Starter,monthly,29.00,29.00,USD,sepa_debit,paid,Germany
INV-6213,CUS-0219,2026-09-21,Starter,monthly,29.00,29.00,USD,card,paid,United Kingdom
INV-6214,CUS-0221,2026-09-21,Pro,monthly,99.00,99.00,USD,card,paid,Spain
INV-6215,CUS-0223,2026-09-21,Pro,monthly,99.00,99.00,USD,card,paid,Canada
INV-6216,CUS-0224,2026-09-21,Starter,monthly,29.00,29.00,USD,sepa_debit,paid,Spain
INV-6217,CUS-0226,2026-09-21,Starter,monthly,29.00,29.00,USD,sepa_debit,paid,United Kingdom
INV-6218,CUS-0227,2026-09-21,Starter,monthly,29.00,29.00,USD,sepa_debit,paid,Spain
INV-6219,CUS-0228,2026-09-21,Pro,monthly,99.00,99.00,USD,card,paid,United States
INV-6220,CUS-0229,2026-09-21,Starter,monthly,29.00,29.00,USD,invoice,paid,Poland
INV-6221,CUS-0231,2026-09-21,Starter,monthly,29.00,29.00,USD,sepa_debit,paid,Canada
INV-6222,CUS-0232,2026-09-21,Pro,monthly,99.00,99.00,USD,card,paid,United States
INV-6223,CUS-0234,2026-09-21,Pro,monthly,99.00,99.00,USD,card,paid,United Kingdom
INV-6224,CUS-0237,2026-09-21,Business,monthly,299.00,299.00,USD,card,failed,United Kingdom
INV-6225,CUS-0238,2026-09-21,Starter,monthly,29.00,29.00,USD,card,paid,United Kingdom
INV-6226,CUS-0239,2026-09-21,Pro,monthly,99.00,99.00,USD,card,paid,Canada
